insert into Cities (CityId, CityName) values (1, 'semper');
insert into Cities (CityId, CityName) values (2, 'tortor');
insert into Cities (CityId, CityName) values (3, 'pede');
insert into Cities (CityId, CityName) values (4, 'platea');
insert into Cities (CityId, CityName) values (5, 'at');
insert into Cities (CityId, CityName) values (6, 'convallis');
insert into Cities (CityId, CityName) values (7, 'donec pharetra');
insert into Cities (CityId, CityName) values (8, 'sociis');
insert into Cities (CityId, CityName) values (9, 'in');
insert into Cities (CityId, CityName) values (10, 'enim sit');
insert into Cities (CityId, CityName) values (11, 'augue');
insert into Cities (CityId, CityName) values (12, 'in');
insert into Cities (CityId, CityName) values (13, 'nulla justo');
insert into Cities (CityId, CityName) values (14, 'vitae');
insert into Cities (CityId, CityName) values (15, 'sagittis');
insert into Cities (CityId, CityName) values (16, 'curabitur');
insert into Cities (CityId, CityName) values (17, 'eros');
insert into Cities (CityId, CityName) values (18, 'amet nunc');
insert into Cities (CityId, CityName) values (19, 'vitae');
insert into Cities (CityId, CityName) values (20, 'sit');
insert into Cities (CityId, CityName) values (21, 'etiam justo');
insert into Cities (CityId, CityName) values (22, 'sem');
insert into Cities (CityId, CityName) values (23, 'morbi ut');
insert into Cities (CityId, CityName) values (24, 'faucibus');
insert into Cities (CityId, CityName) values (25, 'eros viverra');
insert into Cities (CityId, CityName) values (26, 'tempor');
insert into Cities (CityId, CityName) values (27, 'nec');
insert into Cities (CityId, CityName) values (28, 'odio');
insert into Cities (CityId, CityName) values (29, 'rhoncus aliquam');
insert into Cities (CityId, CityName) values (30, 'lacus at');
insert into Cities (CityId, CityName) values (31, 'morbi');
insert into Cities (CityId, CityName) values (32, 'duis aliquam');
insert into Cities (CityId, CityName) values (33, 'vestibulum');
insert into Cities (CityId, CityName) values (34, 'pellentesque volutpat');
insert into Cities (CityId, CityName) values (35, 'turpis');
insert into Cities (CityId, CityName) values (36, 'eget');
insert into Cities (CityId, CityName) values (37, 'erat nulla');
insert into Cities (CityId, CityName) values (38, 'sed tincidunt');
insert into Cities (CityId, CityName) values (39, 'integer ac');
insert into Cities (CityId, CityName) values (40, 'sapien');
insert into Cities (CityId, CityName) values (41, 'mi pede');
insert into Cities (CityId, CityName) values (42, 'metus');
insert into Cities (CityId, CityName) values (43, 'vel');
insert into Cities (CityId, CityName) values (44, 'posuere');
insert into Cities (CityId, CityName) values (45, 'massa');
insert into Cities (CityId, CityName) values (46, 'nulla dapibus');
insert into Cities (CityId, CityName) values (47, 'diam');
insert into Cities (CityId, CityName) values (48, 'dapibus duis');
insert into Cities (CityId, CityName) values (49, 'eros vestibulum');
insert into Cities (CityId, CityName) values (50, 'cursus urna');
insert into Cities (CityId, CityName) values (51, 'eget');
insert into Cities (CityId, CityName) values (52, 'nullam porttitor');
insert into Cities (CityId, CityName) values (53, 'interdum mauris');
insert into Cities (CityId, CityName) values (54, 'ultrices libero');
insert into Cities (CityId, CityName) values (55, 'semper rutrum');
insert into Cities (CityId, CityName) values (56, 'mi');
insert into Cities (CityId, CityName) values (57, 'odio curabitur');
insert into Cities (CityId, CityName) values (58, 'ut');
insert into Cities (CityId, CityName) values (59, 'duis');
insert into Cities (CityId, CityName) values (60, 'eu');
insert into Cities (CityId, CityName) values (61, 'quis odio');
insert into Cities (CityId, CityName) values (62, 'vel');
insert into Cities (CityId, CityName) values (63, 'mattis odio');
insert into Cities (CityId, CityName) values (64, 'condimentum');
insert into Cities (CityId, CityName) values (65, 'venenatis');
insert into Cities (CityId, CityName) values (66, 'mauris');
insert into Cities (CityId, CityName) values (67, 'ultrices posuere');
insert into Cities (CityId, CityName) values (68, 'nec nisi');
insert into Cities (CityId, CityName) values (69, 'sagittis sapien');
insert into Cities (CityId, CityName) values (70, 'pede venenatis');
insert into Cities (CityId, CityName) values (71, 'accumsan tortor');
insert into Cities (CityId, CityName) values (72, 'enim');
insert into Cities (CityId, CityName) values (73, 'placerat');
insert into Cities (CityId, CityName) values (74, 'vestibulum');
insert into Cities (CityId, CityName) values (75, 'consequat');
insert into Cities (CityId, CityName) values (76, 'mauris lacinia');
insert into Cities (CityId, CityName) values (77, 'donec pharetra');
insert into Cities (CityId, CityName) values (78, 'fusce congue');
insert into Cities (CityId, CityName) values (79, 'tristique');
insert into Cities (CityId, CityName) values (80, 'dolor');
insert into Cities (CityId, CityName) values (81, 'non');
insert into Cities (CityId, CityName) values (82, 'faucibus accumsan');
insert into Cities (CityId, CityName) values (83, 'nulla tellus');
insert into Cities (CityId, CityName) values (84, 'aliquam convallis');
insert into Cities (CityId, CityName) values (85, 'nulla pede');
insert into Cities (CityId, CityName) values (86, 'molestie sed');
insert into Cities (CityId, CityName) values (87, 'nulla neque');
insert into Cities (CityId, CityName) values (88, 'nam nulla');
insert into Cities (CityId, CityName) values (89, 'curabitur');
insert into Cities (CityId, CityName) values (90, 'egestas metus');
insert into Cities (CityId, CityName) values (91, 'quisque');
insert into Cities (CityId, CityName) values (92, 'mauris');
insert into Cities (CityId, CityName) values (93, 'odio');
insert into Cities (CityId, CityName) values (94, 'sit');
insert into Cities (CityId, CityName) values (95, 'nisi');
insert into Cities (CityId, CityName) values (96, 'ut tellus');
insert into Cities (CityId, CityName) values (97, 'cursus');
insert into Cities (CityId, CityName) values (98, 'nec dui');
insert into Cities (CityId, CityName) values (99, 'posuere');
insert into Cities (CityId, CityName) values (100, 'erat fermentum');
insert into Cities (CityId, CityName) values (101, 'odio donec');
insert into Cities (CityId, CityName) values (102, 'non');
insert into Cities (CityId, CityName) values (103, 'nec nisi');
insert into Cities (CityId, CityName) values (104, 'platea');
insert into Cities (CityId, CityName) values (105, 'proin');
insert into Cities (CityId, CityName) values (106, 'amet justo');
insert into Cities (CityId, CityName) values (107, 'suspendisse');
insert into Cities (CityId, CityName) values (108, 'pellentesque');
insert into Cities (CityId, CityName) values (109, 'mauris');
insert into Cities (CityId, CityName) values (110, 'cubilia curae');
insert into Cities (CityId, CityName) values (111, 'nec');
insert into Cities (CityId, CityName) values (112, 'blandit');
insert into Cities (CityId, CityName) values (113, 'erat');
insert into Cities (CityId, CityName) values (114, 'at');
insert into Cities (CityId, CityName) values (115, 'accumsan');
insert into Cities (CityId, CityName) values (116, 'amet lobortis');
insert into Cities (CityId, CityName) values (117, 'tempus vel');
insert into Cities (CityId, CityName) values (118, 'pellentesque');
insert into Cities (CityId, CityName) values (119, 'parturient');
insert into Cities (CityId, CityName) values (120, 'mauris vulputate');
insert into Cities (CityId, CityName) values (121, 'justo in');
insert into Cities (CityId, CityName) values (122, 'risus praesent');
insert into Cities (CityId, CityName) values (123, 'quis');
insert into Cities (CityId, CityName) values (124, 'amet erat');
insert into Cities (CityId, CityName) values (125, 'rutrum ac');
insert into Cities (CityId, CityName) values (126, 'rutrum ac');
insert into Cities (CityId, CityName) values (127, 'pretium nisl');
insert into Cities (CityId, CityName) values (128, 'odio');
insert into Cities (CityId, CityName) values (129, 'hac');
insert into Cities (CityId, CityName) values (130, 'arcu adipiscing');
insert into Cities (CityId, CityName) values (131, 'orci');
insert into Cities (CityId, CityName) values (132, 'in blandit');
insert into Cities (CityId, CityName) values (133, 'quisque id');
insert into Cities (CityId, CityName) values (134, 'morbi porttitor');
insert into Cities (CityId, CityName) values (135, 'pede');
insert into Cities (CityId, CityName) values (136, 'fusce');
insert into Cities (CityId, CityName) values (137, 'nulla dapibus');
insert into Cities (CityId, CityName) values (138, 'condimentum neque');
insert into Cities (CityId, CityName) values (139, 'enim blandit');
insert into Cities (CityId, CityName) values (140, 'sit');
insert into Cities (CityId, CityName) values (141, 'ante vel');
insert into Cities (CityId, CityName) values (142, 'blandit ultrices');
insert into Cities (CityId, CityName) values (143, 'dui');
insert into Cities (CityId, CityName) values (144, 'sem duis');
insert into Cities (CityId, CityName) values (145, 'vivamus');
insert into Cities (CityId, CityName) values (146, 'at turpis');
insert into Cities (CityId, CityName) values (147, 'non mauris');
insert into Cities (CityId, CityName) values (148, 'lacus morbi');
insert into Cities (CityId, CityName) values (149, 'suspendisse');
insert into Cities (CityId, CityName) values (150, 'nisi');
insert into Cities (CityId, CityName) values (151, 'porttitor lacus');
insert into Cities (CityId, CityName) values (152, 'tempus');
insert into Cities (CityId, CityName) values (153, 'in est');
insert into Cities (CityId, CityName) values (154, 'risus');
insert into Cities (CityId, CityName) values (155, 'augue');
insert into Cities (CityId, CityName) values (156, 'vel');
insert into Cities (CityId, CityName) values (157, 'nibh in');
insert into Cities (CityId, CityName) values (158, 'ut massa');
insert into Cities (CityId, CityName) values (159, 'enim');
insert into Cities (CityId, CityName) values (160, 'arcu');
insert into Cities (CityId, CityName) values (161, 'neque aenean');
insert into Cities (CityId, CityName) values (162, 'pretium');
insert into Cities (CityId, CityName) values (163, 'eros suspendisse');
insert into Cities (CityId, CityName) values (164, 'purus');
insert into Cities (CityId, CityName) values (165, 'arcu sed');
insert into Cities (CityId, CityName) values (166, 'at');
insert into Cities (CityId, CityName) values (167, 'a suscipit');
insert into Cities (CityId, CityName) values (168, 'nibh ligula');
insert into Cities (CityId, CityName) values (169, 'quis');
insert into Cities (CityId, CityName) values (170, 'scelerisque');
insert into Cities (CityId, CityName) values (171, 'libero');
insert into Cities (CityId, CityName) values (172, 'ullamcorper augue');
insert into Cities (CityId, CityName) values (173, 'pede ullamcorper');
insert into Cities (CityId, CityName) values (174, 'urna');
insert into Cities (CityId, CityName) values (175, 'et ultrices');
insert into Cities (CityId, CityName) values (176, 'donec diam');
insert into Cities (CityId, CityName) values (177, 'vivamus tortor');
insert into Cities (CityId, CityName) values (178, 'curae nulla');
insert into Cities (CityId, CityName) values (179, 'blandit ultrices');
insert into Cities (CityId, CityName) values (180, 'libero nam');
insert into Cities (CityId, CityName) values (181, 'sapien');
insert into Cities (CityId, CityName) values (182, 'ultrices');
insert into Cities (CityId, CityName) values (183, 'ultrices posuere');
insert into Cities (CityId, CityName) values (184, 'blandit lacinia');
insert into Cities (CityId, CityName) values (185, 'maecenas tincidunt');
insert into Cities (CityId, CityName) values (186, 'proin');
insert into Cities (CityId, CityName) values (187, 'in quam');
insert into Cities (CityId, CityName) values (188, 'metus sapien');
insert into Cities (CityId, CityName) values (189, 'magnis dis');
insert into Cities (CityId, CityName) values (190, 'ac est');
insert into Cities (CityId, CityName) values (191, 'est');
insert into Cities (CityId, CityName) values (192, 'tortor');
insert into Cities (CityId, CityName) values (193, 'duis');
insert into Cities (CityId, CityName) values (194, 'vestibulum ante');
insert into Cities (CityId, CityName) values (195, 'est phasellus');
insert into Cities (CityId, CityName) values (196, 'nec sem');
insert into Cities (CityId, CityName) values (197, 'ac nibh');
insert into Cities (CityId, CityName) values (198, 'at nunc');
insert into Cities (CityId, CityName) values (199, 'vel');
insert into Cities (CityId, CityName) values (200, 'nulla nunc');
insert into Cities (CityId, CityName) values (201, 'dui');
insert into Cities (CityId, CityName) values (202, 'sed');
insert into Cities (CityId, CityName) values (203, 'nulla neque');
insert into Cities (CityId, CityName) values (204, 'mattis pulvinar');
insert into Cities (CityId, CityName) values (205, 'semper');
insert into Cities (CityId, CityName) values (206, 'phasellus');
insert into Cities (CityId, CityName) values (207, 'lacus morbi');
insert into Cities (CityId, CityName) values (208, 'augue luctus');
insert into Cities (CityId, CityName) values (209, 'rhoncus');
insert into Cities (CityId, CityName) values (210, 'justo etiam');
insert into Cities (CityId, CityName) values (211, 'ridiculus mus');
insert into Cities (CityId, CityName) values (212, 'eleifend');
insert into Cities (CityId, CityName) values (213, 'lacus at');
insert into Cities (CityId, CityName) values (214, 'libero convallis');
insert into Cities (CityId, CityName) values (215, 'non');
insert into Cities (CityId, CityName) values (216, 'praesent id');
insert into Cities (CityId, CityName) values (217, 'fusce congue');
insert into Cities (CityId, CityName) values (218, 'nibh');
insert into Cities (CityId, CityName) values (219, 'nisl');
insert into Cities (CityId, CityName) values (220, 'gravida sem');
insert into Cities (CityId, CityName) values (221, 'sed tincidunt');
insert into Cities (CityId, CityName) values (222, 'justo aliquam');
insert into Cities (CityId, CityName) values (223, 'integer pede');
insert into Cities (CityId, CityName) values (224, 'turpis sed');
insert into Cities (CityId, CityName) values (225, 'cursus urna');
insert into Cities (CityId, CityName) values (226, 'a');
insert into Cities (CityId, CityName) values (227, 'risus auctor');
insert into Cities (CityId, CityName) values (228, 'congue diam');
insert into Cities (CityId, CityName) values (229, 'massa tempor');
insert into Cities (CityId, CityName) values (230, 'in');
insert into Cities (CityId, CityName) values (231, 'porta');
insert into Cities (CityId, CityName) values (232, 'ac');
insert into Cities (CityId, CityName) values (233, 'velit');
insert into Cities (CityId, CityName) values (234, 'ut nulla');
insert into Cities (CityId, CityName) values (235, 'luctus');
insert into Cities (CityId, CityName) values (236, 'leo odio');
insert into Cities (CityId, CityName) values (237, 'ipsum');
insert into Cities (CityId, CityName) values (238, 'at nulla');
insert into Cities (CityId, CityName) values (239, 'tempus semper');
insert into Cities (CityId, CityName) values (240, 'vivamus vestibulum');
insert into Cities (CityId, CityName) values (241, 'odio odio');
insert into Cities (CityId, CityName) values (242, 'odio donec');
insert into Cities (CityId, CityName) values (243, 'varius');
insert into Cities (CityId, CityName) values (244, 'in');
insert into Cities (CityId, CityName) values (245, 'tempus');
insert into Cities (CityId, CityName) values (246, 'in quam');
insert into Cities (CityId, CityName) values (247, 'turpis a');
insert into Cities (CityId, CityName) values (248, 'vestibulum');
insert into Cities (CityId, CityName) values (249, 'in');
insert into Cities (CityId, CityName) values (250, 'mauris');
insert into Cities (CityId, CityName) values (251, 'amet');
insert into Cities (CityId, CityName) values (252, 'rhoncus aliquam');
insert into Cities (CityId, CityName) values (253, 'id');
insert into Cities (CityId, CityName) values (254, 'pede');
insert into Cities (CityId, CityName) values (255, 'primis in');
insert into Cities (CityId, CityName) values (256, 'quis');
insert into Cities (CityId, CityName) values (257, 'ipsum');
insert into Cities (CityId, CityName) values (258, 'dictumst etiam');
insert into Cities (CityId, CityName) values (259, 'ante');
insert into Cities (CityId, CityName) values (260, 'imperdiet');
insert into Cities (CityId, CityName) values (261, 'nulla quisque');
insert into Cities (CityId, CityName) values (262, 'ligula');
insert into Cities (CityId, CityName) values (263, 'pretium iaculis');
insert into Cities (CityId, CityName) values (264, 'feugiat');
insert into Cities (CityId, CityName) values (265, 'sit amet');
insert into Cities (CityId, CityName) values (266, 'erat');
insert into Cities (CityId, CityName) values (267, 'faucibus orci');
insert into Cities (CityId, CityName) values (268, 'phasellus sit');
insert into Cities (CityId, CityName) values (269, 'luctus et');
insert into Cities (CityId, CityName) values (270, 'a');
insert into Cities (CityId, CityName) values (271, 'erat eros');
insert into Cities (CityId, CityName) values (272, 'magna at');
insert into Cities (CityId, CityName) values (273, 'non');
insert into Cities (CityId, CityName) values (274, 'pede posuere');
insert into Cities (CityId, CityName) values (275, 'ut');
insert into Cities (CityId, CityName) values (276, 'maecenas tristique');
insert into Cities (CityId, CityName) values (277, 'nulla');
insert into Cities (CityId, CityName) values (278, 'magnis dis');
insert into Cities (CityId, CityName) values (279, 'mauris morbi');
insert into Cities (CityId, CityName) values (280, 'pede malesuada');
insert into Cities (CityId, CityName) values (281, 'in eleifend');
insert into Cities (CityId, CityName) values (282, 'placerat ante');
insert into Cities (CityId, CityName) values (283, 'tempus vel');
insert into Cities (CityId, CityName) values (284, 'leo pellentesque');
insert into Cities (CityId, CityName) values (285, 'metus');
insert into Cities (CityId, CityName) values (286, 'primis');
insert into Cities (CityId, CityName) values (287, 'amet');
insert into Cities (CityId, CityName) values (288, 'turpis');
insert into Cities (CityId, CityName) values (289, 'neque libero');
insert into Cities (CityId, CityName) values (290, 'in');
insert into Cities (CityId, CityName) values (291, 'phasellus id');
insert into Cities (CityId, CityName) values (292, 'laoreet');
insert into Cities (CityId, CityName) values (293, 'libero nam');
insert into Cities (CityId, CityName) values (294, 'orci');
insert into Cities (CityId, CityName) values (295, 'consequat');
insert into Cities (CityId, CityName) values (296, 'lacus');
insert into Cities (CityId, CityName) values (297, 'porttitor pede');
insert into Cities (CityId, CityName) values (298, 'bibendum imperdiet');
insert into Cities (CityId, CityName) values (299, 'vel ipsum');
insert into Cities (CityId, CityName) values (300, 'morbi');
insert into Cities (CityId, CityName) values (301, 'leo odio');
insert into Cities (CityId, CityName) values (302, 'curae mauris');
insert into Cities (CityId, CityName) values (303, 'orci vehicula');
insert into Cities (CityId, CityName) values (304, 'nullam porttitor');
insert into Cities (CityId, CityName) values (305, 'magna');
insert into Cities (CityId, CityName) values (306, 'vel');
insert into Cities (CityId, CityName) values (307, 'tincidunt nulla');
insert into Cities (CityId, CityName) values (308, 'lobortis convallis');
insert into Cities (CityId, CityName) values (309, 'curabitur in');
insert into Cities (CityId, CityName) values (310, 'lacus purus');
insert into Cities (CityId, CityName) values (311, 'id');
insert into Cities (CityId, CityName) values (312, 'quam fringilla');
insert into Cities (CityId, CityName) values (313, 'neque sapien');
insert into Cities (CityId, CityName) values (314, 'ut');
insert into Cities (CityId, CityName) values (315, 'magna');
insert into Cities (CityId, CityName) values (316, 'dis parturient');
insert into Cities (CityId, CityName) values (317, 'pede libero');
insert into Cities (CityId, CityName) values (318, 'faucibus accumsan');
insert into Cities (CityId, CityName) values (319, 'orci vehicula');
insert into Cities (CityId, CityName) values (320, 'lectus');
insert into Cities (CityId, CityName) values (321, 'pede');
insert into Cities (CityId, CityName) values (322, 'sapien');
insert into Cities (CityId, CityName) values (323, 'in');
insert into Cities (CityId, CityName) values (324, 'auctor');
insert into Cities (CityId, CityName) values (325, 'ut suscipit');
insert into Cities (CityId, CityName) values (326, 'potenti cras');
insert into Cities (CityId, CityName) values (327, 'est et');
insert into Cities (CityId, CityName) values (328, 'pellentesque');
insert into Cities (CityId, CityName) values (329, 'nisi volutpat');
insert into Cities (CityId, CityName) values (330, 'nulla ut');
insert into Cities (CityId, CityName) values (331, 'in');
insert into Cities (CityId, CityName) values (332, 'fermentum');
insert into Cities (CityId, CityName) values (333, 'pede');
insert into Cities (CityId, CityName) values (334, 'tristique est');
insert into Cities (CityId, CityName) values (335, 'nulla suscipit');
insert into Cities (CityId, CityName) values (336, 'venenatis turpis');
insert into Cities (CityId, CityName) values (337, 'augue');
insert into Cities (CityId, CityName) values (338, 'ultrices phasellus');
insert into Cities (CityId, CityName) values (339, 'tincidunt');
insert into Cities (CityId, CityName) values (340, 'lobortis');
insert into Cities (CityId, CityName) values (341, 'velit');
insert into Cities (CityId, CityName) values (342, 'nullam');
insert into Cities (CityId, CityName) values (343, 'justo');
insert into Cities (CityId, CityName) values (344, 'maecenas');
insert into Cities (CityId, CityName) values (345, 'pellentesque ultrices');
insert into Cities (CityId, CityName) values (346, 'leo');
insert into Cities (CityId, CityName) values (347, 'nulla justo');
insert into Cities (CityId, CityName) values (348, 'vulputate');
insert into Cities (CityId, CityName) values (349, 'luctus et');
insert into Cities (CityId, CityName) values (350, 'sem mauris');
insert into Cities (CityId, CityName) values (351, 'nulla sed');
insert into Cities (CityId, CityName) values (352, 'nec euismod');
insert into Cities (CityId, CityName) values (353, 'vestibulum quam');
insert into Cities (CityId, CityName) values (354, 'nullam varius');
insert into Cities (CityId, CityName) values (355, 'aliquam augue');
insert into Cities (CityId, CityName) values (356, 'erat');
insert into Cities (CityId, CityName) values (357, 'quam');
insert into Cities (CityId, CityName) values (358, 'non');
insert into Cities (CityId, CityName) values (359, 'in');
insert into Cities (CityId, CityName) values (360, 'dui luctus');
insert into Cities (CityId, CityName) values (361, 'justo sit');
insert into Cities (CityId, CityName) values (362, 'quis odio');
insert into Cities (CityId, CityName) values (363, 'habitasse platea');
insert into Cities (CityId, CityName) values (364, 'at feugiat');
insert into Cities (CityId, CityName) values (365, 'rhoncus mauris');
insert into Cities (CityId, CityName) values (366, 'diam');
insert into Cities (CityId, CityName) values (367, 'rutrum');
insert into Cities (CityId, CityName) values (368, 'odio');
insert into Cities (CityId, CityName) values (369, 'aliquam sit');
insert into Cities (CityId, CityName) values (370, 'nisi');
insert into Cities (CityId, CityName) values (371, 'nulla ultrices');
insert into Cities (CityId, CityName) values (372, 'integer tincidunt');
insert into Cities (CityId, CityName) values (373, 'sed magna');
insert into Cities (CityId, CityName) values (374, 'dui maecenas');
insert into Cities (CityId, CityName) values (375, 'accumsan');
insert into Cities (CityId, CityName) values (376, 'proin');
insert into Cities (CityId, CityName) values (377, 'vel augue');
insert into Cities (CityId, CityName) values (378, 'luctus cum');
insert into Cities (CityId, CityName) values (379, 'morbi');
insert into Cities (CityId, CityName) values (380, 'sem');
insert into Cities (CityId, CityName) values (381, 'ut');
insert into Cities (CityId, CityName) values (382, 'vestibulum');
insert into Cities (CityId, CityName) values (383, 'vestibulum velit');
insert into Cities (CityId, CityName) values (384, 'duis');
insert into Cities (CityId, CityName) values (385, 'vestibulum');
insert into Cities (CityId, CityName) values (386, 'curabitur');
insert into Cities (CityId, CityName) values (387, 'odio cras');
insert into Cities (CityId, CityName) values (388, 'elementum');
insert into Cities (CityId, CityName) values (389, 'erat');
insert into Cities (CityId, CityName) values (390, 'lectus vestibulum');
insert into Cities (CityId, CityName) values (391, 'curabitur at');
insert into Cities (CityId, CityName) values (392, 'primis in');
insert into Cities (CityId, CityName) values (393, 'vel augue');
insert into Cities (CityId, CityName) values (394, 'ut');
insert into Cities (CityId, CityName) values (395, 'felis donec');
insert into Cities (CityId, CityName) values (396, 'suspendisse');
insert into Cities (CityId, CityName) values (397, 'natoque penatibus');
insert into Cities (CityId, CityName) values (398, 'sapien');
insert into Cities (CityId, CityName) values (399, 'tincidunt');
insert into Cities (CityId, CityName) values (400, 'montes');
insert into Cities (CityId, CityName) values (401, 'at ipsum');
insert into Cities (CityId, CityName) values (402, 'odio');
insert into Cities (CityId, CityName) values (403, 'at');
insert into Cities (CityId, CityName) values (404, 'sapien');
insert into Cities (CityId, CityName) values (405, 'volutpat convallis');
insert into Cities (CityId, CityName) values (406, 'et');
insert into Cities (CityId, CityName) values (407, 'ultrices');
insert into Cities (CityId, CityName) values (408, 'nibh fusce');
insert into Cities (CityId, CityName) values (409, 'pede');
insert into Cities (CityId, CityName) values (410, 'quisque');
insert into Cities (CityId, CityName) values (411, 'volutpat erat');
insert into Cities (CityId, CityName) values (412, 'penatibus et');
insert into Cities (CityId, CityName) values (413, 'in blandit');
insert into Cities (CityId, CityName) values (414, 'vestibulum');
insert into Cities (CityId, CityName) values (415, 'cubilia');
insert into Cities (CityId, CityName) values (416, 'ut');
insert into Cities (CityId, CityName) values (417, 'blandit');
insert into Cities (CityId, CityName) values (418, 'sed nisl');
insert into Cities (CityId, CityName) values (419, 'luctus nec');
insert into Cities (CityId, CityName) values (420, 'leo');
insert into Cities (CityId, CityName) values (421, 'eget');
insert into Cities (CityId, CityName) values (422, 'nulla ultrices');
insert into Cities (CityId, CityName) values (423, 'justo sit');
insert into Cities (CityId, CityName) values (424, 'sed sagittis');
insert into Cities (CityId, CityName) values (425, 'sit amet');
insert into Cities (CityId, CityName) values (426, 'potenti in');
insert into Cities (CityId, CityName) values (427, 'ultrices');
insert into Cities (CityId, CityName) values (428, 'non pretium');
insert into Cities (CityId, CityName) values (429, 'diam neque');
insert into Cities (CityId, CityName) values (430, 'mauris laoreet');
insert into Cities (CityId, CityName) values (431, 'praesent lectus');
insert into Cities (CityId, CityName) values (432, 'feugiat et');
insert into Cities (CityId, CityName) values (433, 'lacus curabitur');
insert into Cities (CityId, CityName) values (434, 'varius');
insert into Cities (CityId, CityName) values (435, 'a pede');
insert into Cities (CityId, CityName) values (436, 'penatibus');
insert into Cities (CityId, CityName) values (437, 'rutrum');
insert into Cities (CityId, CityName) values (438, 'aliquet');
insert into Cities (CityId, CityName) values (439, 'ultricies');
insert into Cities (CityId, CityName) values (440, 'nisl');
insert into Cities (CityId, CityName) values (441, 'at nunc');
insert into Cities (CityId, CityName) values (442, 'fusce lacus');
insert into Cities (CityId, CityName) values (443, 'vestibulum quam');
insert into Cities (CityId, CityName) values (444, 'nulla suspendisse');
insert into Cities (CityId, CityName) values (445, 'at');
insert into Cities (CityId, CityName) values (446, 'in purus');
insert into Cities (CityId, CityName) values (447, 'aliquam');
insert into Cities (CityId, CityName) values (448, 'ut');
insert into Cities (CityId, CityName) values (449, 'nunc nisl');
insert into Cities (CityId, CityName) values (450, 'vestibulum');
insert into Cities (CityId, CityName) values (451, 'non');
insert into Cities (CityId, CityName) values (452, 'nascetur ridiculus');
insert into Cities (CityId, CityName) values (453, 'vestibulum');
insert into Cities (CityId, CityName) values (454, 'dui nec');
insert into Cities (CityId, CityName) values (455, 'massa donec');
insert into Cities (CityId, CityName) values (456, 'justo in');
insert into Cities (CityId, CityName) values (457, 'ligula');
insert into Cities (CityId, CityName) values (458, 'quis lectus');
insert into Cities (CityId, CityName) values (459, 'aenean');
insert into Cities (CityId, CityName) values (460, 'nulla ultrices');
insert into Cities (CityId, CityName) values (461, 'sapien');
insert into Cities (CityId, CityName) values (462, 'velit eu');
insert into Cities (CityId, CityName) values (463, 'in');
insert into Cities (CityId, CityName) values (464, 'ac');
insert into Cities (CityId, CityName) values (465, 'placerat praesent');
insert into Cities (CityId, CityName) values (466, 'ultrices posuere');
insert into Cities (CityId, CityName) values (467, 'ut');
insert into Cities (CityId, CityName) values (468, 'mattis');
insert into Cities (CityId, CityName) values (469, 'cum sociis');
insert into Cities (CityId, CityName) values (470, 'fusce lacus');
insert into Cities (CityId, CityName) values (471, 'auctor gravida');
insert into Cities (CityId, CityName) values (472, 'lobortis');
insert into Cities (CityId, CityName) values (473, 'phasellus');
insert into Cities (CityId, CityName) values (474, 'urna ut');
insert into Cities (CityId, CityName) values (475, 'erat');
insert into Cities (CityId, CityName) values (476, 'luctus rutrum');
insert into Cities (CityId, CityName) values (477, 'imperdiet sapien');
insert into Cities (CityId, CityName) values (478, 'amet');
insert into Cities (CityId, CityName) values (479, 'quis');
insert into Cities (CityId, CityName) values (480, 'a libero');
insert into Cities (CityId, CityName) values (481, 'quis');
insert into Cities (CityId, CityName) values (482, 'nam nulla');
insert into Cities (CityId, CityName) values (483, 'enim leo');
insert into Cities (CityId, CityName) values (484, 'morbi');
insert into Cities (CityId, CityName) values (485, 'sit');
insert into Cities (CityId, CityName) values (486, 'sed magna');
insert into Cities (CityId, CityName) values (487, 'est lacinia');
insert into Cities (CityId, CityName) values (488, 'quam');
insert into Cities (CityId, CityName) values (489, 'metus');
insert into Cities (CityId, CityName) values (490, 'bibendum felis');
insert into Cities (CityId, CityName) values (491, 'quis');
insert into Cities (CityId, CityName) values (492, 'metus sapien');
insert into Cities (CityId, CityName) values (493, 'luctus');
insert into Cities (CityId, CityName) values (494, 'non ligula');
insert into Cities (CityId, CityName) values (495, 'amet');
insert into Cities (CityId, CityName) values (496, 'integer');
insert into Cities (CityId, CityName) values (497, 'massa quis');
insert into Cities (CityId, CityName) values (498, 'vulputate');
insert into Cities (CityId, CityName) values (499, 'a');
insert into Cities (CityId, CityName) values (500, 'tempor convallis');
insert into Cities (CityId, CityName) values (501, 'vestibulum ante');
insert into Cities (CityId, CityName) values (502, 'lacinia sapien');
insert into Cities (CityId, CityName) values (503, 'a nibh');
insert into Cities (CityId, CityName) values (504, 'eu mi');
insert into Cities (CityId, CityName) values (505, 'dapibus');
insert into Cities (CityId, CityName) values (506, 'interdum mauris');
insert into Cities (CityId, CityName) values (507, 'cras non');
insert into Cities (CityId, CityName) values (508, 'ac diam');
insert into Cities (CityId, CityName) values (509, 'massa tempor');
insert into Cities (CityId, CityName) values (510, 'eleifend');
insert into Cities (CityId, CityName) values (511, 'luctus nec');
insert into Cities (CityId, CityName) values (512, 'aliquam augue');
insert into Cities (CityId, CityName) values (513, 'hac habitasse');
insert into Cities (CityId, CityName) values (514, 'duis bibendum');
insert into Cities (CityId, CityName) values (515, 'nunc');
insert into Cities (CityId, CityName) values (516, 'praesent blandit');
insert into Cities (CityId, CityName) values (517, 'ut dolor');
insert into Cities (CityId, CityName) values (518, 'condimentum');
insert into Cities (CityId, CityName) values (519, 'a pede');
insert into Cities (CityId, CityName) values (520, 'tincidunt');
insert into Cities (CityId, CityName) values (521, 'vulputate luctus');
insert into Cities (CityId, CityName) values (522, 'ante');
insert into Cities (CityId, CityName) values (523, 'rhoncus');
insert into Cities (CityId, CityName) values (524, 'lobortis est');
insert into Cities (CityId, CityName) values (525, 'sed ante');
insert into Cities (CityId, CityName) values (526, 'ligula');
insert into Cities (CityId, CityName) values (527, 'venenatis lacinia');
insert into Cities (CityId, CityName) values (528, 'donec vitae');
insert into Cities (CityId, CityName) values (529, 'cursus urna');
insert into Cities (CityId, CityName) values (530, 'dictumst');
insert into Cities (CityId, CityName) values (531, 'at turpis');
insert into Cities (CityId, CityName) values (532, 'donec');
insert into Cities (CityId, CityName) values (533, 'sed');
insert into Cities (CityId, CityName) values (534, 'quis');
insert into Cities (CityId, CityName) values (535, 'duis bibendum');
insert into Cities (CityId, CityName) values (536, 'lorem');
insert into Cities (CityId, CityName) values (537, 'at');
insert into Cities (CityId, CityName) values (538, 'nullam');
insert into Cities (CityId, CityName) values (539, 'ipsum');
insert into Cities (CityId, CityName) values (540, 'sit amet');
insert into Cities (CityId, CityName) values (541, 'sed');
insert into Cities (CityId, CityName) values (542, 'turpis');
insert into Cities (CityId, CityName) values (543, 'luctus');
insert into Cities (CityId, CityName) values (544, 'mus');
insert into Cities (CityId, CityName) values (545, 'a pede');
insert into Cities (CityId, CityName) values (546, 'eu');
insert into Cities (CityId, CityName) values (547, 'non');
insert into Cities (CityId, CityName) values (548, 'tortor quis');
insert into Cities (CityId, CityName) values (549, 'porta');
insert into Cities (CityId, CityName) values (550, 'venenatis lacinia');
insert into Cities (CityId, CityName) values (551, 'nulla ultrices');
insert into Cities (CityId, CityName) values (552, 'in purus');
insert into Cities (CityId, CityName) values (553, 'rhoncus');
insert into Cities (CityId, CityName) values (554, 'eros suspendisse');
insert into Cities (CityId, CityName) values (555, 'nulla');
insert into Cities (CityId, CityName) values (556, 'erat');
insert into Cities (CityId, CityName) values (557, 'suscipit');
insert into Cities (CityId, CityName) values (558, 'aliquet');
insert into Cities (CityId, CityName) values (559, 'in quis');
insert into Cities (CityId, CityName) values (560, 'justo morbi');
insert into Cities (CityId, CityName) values (561, 'in hac');
insert into Cities (CityId, CityName) values (562, 'habitasse');
insert into Cities (CityId, CityName) values (563, 'ut');
insert into Cities (CityId, CityName) values (564, 'justo in');
insert into Cities (CityId, CityName) values (565, 'amet');
insert into Cities (CityId, CityName) values (566, 'vel dapibus');
insert into Cities (CityId, CityName) values (567, 'sed');
insert into Cities (CityId, CityName) values (568, 'at');
insert into Cities (CityId, CityName) values (569, 'consequat varius');
insert into Cities (CityId, CityName) values (570, 'porttitor');
insert into Cities (CityId, CityName) values (571, 'phasellus in');
insert into Cities (CityId, CityName) values (572, 'eu magna');
insert into Cities (CityId, CityName) values (573, 'eu felis');
insert into Cities (CityId, CityName) values (574, 'pede ullamcorper');
insert into Cities (CityId, CityName) values (575, 'potenti nullam');
insert into Cities (CityId, CityName) values (576, 'phasellus');
insert into Cities (CityId, CityName) values (577, 'placerat');
insert into Cities (CityId, CityName) values (578, 'varius');
insert into Cities (CityId, CityName) values (579, 'blandit');
insert into Cities (CityId, CityName) values (580, 'convallis nunc');
insert into Cities (CityId, CityName) values (581, 'est quam');
insert into Cities (CityId, CityName) values (582, 'orci');
insert into Cities (CityId, CityName) values (583, 'posuere cubilia');
insert into Cities (CityId, CityName) values (584, 'pretium');
insert into Cities (CityId, CityName) values (585, 'id pretium');
insert into Cities (CityId, CityName) values (586, 'faucibus');
insert into Cities (CityId, CityName) values (587, 'nisi venenatis');
insert into Cities (CityId, CityName) values (588, 'justo');
insert into Cities (CityId, CityName) values (589, 'ultrices posuere');
insert into Cities (CityId, CityName) values (590, 'dui vel');
insert into Cities (CityId, CityName) values (591, 'id');
insert into Cities (CityId, CityName) values (592, 'justo in');
insert into Cities (CityId, CityName) values (593, 'accumsan tellus');
insert into Cities (CityId, CityName) values (594, 'hac');
insert into Cities (CityId, CityName) values (595, 'sodales sed');
insert into Cities (CityId, CityName) values (596, 'in');
insert into Cities (CityId, CityName) values (597, 'imperdiet sapien');
insert into Cities (CityId, CityName) values (598, 'condimentum');
insert into Cities (CityId, CityName) values (599, 'ultrices aliquet');
insert into Cities (CityId, CityName) values (600, 'tristique');


--MENU
insert into Menus (MenuId, MenuName) values (1, 'vulputate luctus');
insert into Menus (MenuId, MenuName) values (2, 'metus');
insert into Menus (MenuId, MenuName) values (3, 'sem fusce');
insert into Menus (MenuId, MenuName) values (4, 'morbi porttitor');
insert into Menus (MenuId, MenuName) values (5, 'sed');
insert into Menus (MenuId, MenuName) values (6, 'odio');
insert into Menus (MenuId, MenuName) values (7, 'ligula in');
insert into Menus (MenuId, MenuName) values (8, 'est');
insert into Menus (MenuId, MenuName) values (9, 'sapien');
insert into Menus (MenuId, MenuName) values (10, 'integer aliquet');
insert into Menus (MenuId, MenuName) values (11, 'orci vehicula');
insert into Menus (MenuId, MenuName) values (12, 'urna ut');
insert into Menus (MenuId, MenuName) values (13, 'nulla nisl');
insert into Menus (MenuId, MenuName) values (14, 'nam dui');
insert into Menus (MenuId, MenuName) values (15, 'eleifend');
insert into Menus (MenuId, MenuName) values (16, 'libero quis');
insert into Menus (MenuId, MenuName) values (17, 'dis parturient');
insert into Menus (MenuId, MenuName) values (18, 'eros viverra');
insert into Menus (MenuId, MenuName) values (19, 'quisque');
insert into Menus (MenuId, MenuName) values (20, 'sollicitudin');
insert into Menus (MenuId, MenuName) values (21, 'maecenas');
insert into Menus (MenuId, MenuName) values (22, 'curabitur');
insert into Menus (MenuId, MenuName) values (23, 'non pretium');
insert into Menus (MenuId, MenuName) values (24, 'vestibulum sed');
insert into Menus (MenuId, MenuName) values (25, 'lacus curabitur');
insert into Menus (MenuId, MenuName) values (26, 'eleifend');
insert into Menus (MenuId, MenuName) values (27, 'quisque porta');
insert into Menus (MenuId, MenuName) values (28, 'nisi');
insert into Menus (MenuId, MenuName) values (29, 'id nisl');
insert into Menus (MenuId, MenuName) values (30, 'donec ut');
insert into Menus (MenuId, MenuName) values (31, 'id nulla');
insert into Menus (MenuId, MenuName) values (32, 'ut tellus');
insert into Menus (MenuId, MenuName) values (33, 'ante');
insert into Menus (MenuId, MenuName) values (34, 'convallis');
insert into Menus (MenuId, MenuName) values (35, 'arcu');
insert into Menus (MenuId, MenuName) values (36, 'tempus vel');
insert into Menus (MenuId, MenuName) values (37, 'morbi odio');
insert into Menus (MenuId, MenuName) values (38, 'vivamus vel');
insert into Menus (MenuId, MenuName) values (39, 'lobortis');
insert into Menus (MenuId, MenuName) values (40, 'nam ultrices');
insert into Menus (MenuId, MenuName) values (41, 'at');
insert into Menus (MenuId, MenuName) values (42, 'natoque');
insert into Menus (MenuId, MenuName) values (43, 'a pede');
insert into Menus (MenuId, MenuName) values (44, 'urna ut');
insert into Menus (MenuId, MenuName) values (45, 'tempus');
insert into Menus (MenuId, MenuName) values (46, 'id');
insert into Menus (MenuId, MenuName) values (47, 'etiam');
insert into Menus (MenuId, MenuName) values (48, 'dui vel');
insert into Menus (MenuId, MenuName) values (49, 'neque sapien');
insert into Menus (MenuId, MenuName) values (50, 'ac');
insert into Menus (MenuId, MenuName) values (51, 'id nulla');
insert into Menus (MenuId, MenuName) values (52, 'donec diam');
insert into Menus (MenuId, MenuName) values (53, 'lectus vestibulum');
insert into Menus (MenuId, MenuName) values (54, 'magna');
insert into Menus (MenuId, MenuName) values (55, 'posuere');
insert into Menus (MenuId, MenuName) values (56, 'nisl nunc');
insert into Menus (MenuId, MenuName) values (57, 'nulla');
insert into Menus (MenuId, MenuName) values (58, 'commodo');
insert into Menus (MenuId, MenuName) values (59, 'curabitur convallis');
insert into Menus (MenuId, MenuName) values (60, 'enim');
insert into Menus (MenuId, MenuName) values (61, 'semper');
insert into Menus (MenuId, MenuName) values (62, 'turpis nec');
insert into Menus (MenuId, MenuName) values (63, 'ipsum');
insert into Menus (MenuId, MenuName) values (64, 'sit amet');
insert into Menus (MenuId, MenuName) values (65, 'ultrices mattis');
insert into Menus (MenuId, MenuName) values (66, 'duis at');
insert into Menus (MenuId, MenuName) values (67, 'in');
insert into Menus (MenuId, MenuName) values (68, 'turpis');
insert into Menus (MenuId, MenuName) values (69, 'eu est');
insert into Menus (MenuId, MenuName) values (70, 'enim in');
insert into Menus (MenuId, MenuName) values (71, 'sollicitudin vitae');
insert into Menus (MenuId, MenuName) values (72, 'in');
insert into Menus (MenuId, MenuName) values (73, 'phasellus');
insert into Menus (MenuId, MenuName) values (74, 'ac');
insert into Menus (MenuId, MenuName) values (75, 'at diam');
insert into Menus (MenuId, MenuName) values (76, 'blandit');
insert into Menus (MenuId, MenuName) values (77, 'ac');
insert into Menus (MenuId, MenuName) values (78, 'integer');
insert into Menus (MenuId, MenuName) values (79, 'convallis nulla');
insert into Menus (MenuId, MenuName) values (80, 'ante');
insert into Menus (MenuId, MenuName) values (81, 'vel ipsum');
insert into Menus (MenuId, MenuName) values (82, 'pretium nisl');
insert into Menus (MenuId, MenuName) values (83, 'rhoncus');
insert into Menus (MenuId, MenuName) values (84, 'vulputate');
insert into Menus (MenuId, MenuName) values (85, 'a suscipit');
insert into Menus (MenuId, MenuName) values (86, 'nec');
insert into Menus (MenuId, MenuName) values (87, 'vitae ipsum');
insert into Menus (MenuId, MenuName) values (88, 'nunc');
insert into Menus (MenuId, MenuName) values (89, 'ultrices enim');
insert into Menus (MenuId, MenuName) values (90, 'vitae mattis');
insert into Menus (MenuId, MenuName) values (91, 'penatibus et');
insert into Menus (MenuId, MenuName) values (92, 'donec ut');
insert into Menus (MenuId, MenuName) values (93, 'libero non');
insert into Menus (MenuId, MenuName) values (94, 'venenatis');
insert into Menus (MenuId, MenuName) values (95, 'nulla elit');
insert into Menus (MenuId, MenuName) values (96, 'vulputate justo');
insert into Menus (MenuId, MenuName) values (97, 'mauris morbi');
insert into Menus (MenuId, MenuName) values (98, 'ipsum');
insert into Menus (MenuId, MenuName) values (99, 'sed');
insert into Menus (MenuId, MenuName) values (100, 'lectus');
insert into Menus (MenuId, MenuName) values (101, 'tristique');
insert into Menus (MenuId, MenuName) values (102, 'mauris');
insert into Menus (MenuId, MenuName) values (103, 'mauris');
insert into Menus (MenuId, MenuName) values (104, 'pede justo');
insert into Menus (MenuId, MenuName) values (105, 'in');
insert into Menus (MenuId, MenuName) values (106, 'ipsum dolor');
insert into Menus (MenuId, MenuName) values (107, 'urna');
insert into Menus (MenuId, MenuName) values (108, 'dapibus at');
insert into Menus (MenuId, MenuName) values (109, 'in');
insert into Menus (MenuId, MenuName) values (110, 'at');
insert into Menus (MenuId, MenuName) values (111, 'ut');
insert into Menus (MenuId, MenuName) values (112, 'nulla dapibus');
insert into Menus (MenuId, MenuName) values (113, 'nascetur ridiculus');
insert into Menus (MenuId, MenuName) values (114, 'fusce');
insert into Menus (MenuId, MenuName) values (115, 'maecenas rhoncus');
insert into Menus (MenuId, MenuName) values (116, 'sem praesent');
insert into Menus (MenuId, MenuName) values (117, 'quis');
insert into Menus (MenuId, MenuName) values (118, 'posuere');
insert into Menus (MenuId, MenuName) values (119, 'ridiculus');
insert into Menus (MenuId, MenuName) values (120, 'posuere cubilia');
insert into Menus (MenuId, MenuName) values (121, 'nec');
insert into Menus (MenuId, MenuName) values (122, 'orci');
insert into Menus (MenuId, MenuName) values (123, 'ullamcorper purus');
insert into Menus (MenuId, MenuName) values (124, 'in ante');
insert into Menus (MenuId, MenuName) values (125, 'vel sem');
insert into Menus (MenuId, MenuName) values (126, 'lectus in');
insert into Menus (MenuId, MenuName) values (127, 'dui');
insert into Menus (MenuId, MenuName) values (128, 'eu interdum');
insert into Menus (MenuId, MenuName) values (129, 'cursus urna');
insert into Menus (MenuId, MenuName) values (130, 'placerat praesent');
insert into Menus (MenuId, MenuName) values (131, 'justo');
insert into Menus (MenuId, MenuName) values (132, 'dictumst');
insert into Menus (MenuId, MenuName) values (133, 'non mattis');
insert into Menus (MenuId, MenuName) values (134, 'consequat dui');
insert into Menus (MenuId, MenuName) values (135, 'nibh in');
insert into Menus (MenuId, MenuName) values (136, 'libero ut');
insert into Menus (MenuId, MenuName) values (137, 'turpis sed');
insert into Menus (MenuId, MenuName) values (138, 'dolor');
insert into Menus (MenuId, MenuName) values (139, 'nulla nisl');
insert into Menus (MenuId, MenuName) values (140, 'magna');
insert into Menus (MenuId, MenuName) values (141, 'eu nibh');
insert into Menus (MenuId, MenuName) values (142, 'cursus');
insert into Menus (MenuId, MenuName) values (143, 'fusce lacus');
insert into Menus (MenuId, MenuName) values (144, 'in quam');
insert into Menus (MenuId, MenuName) values (145, 'in');
insert into Menus (MenuId, MenuName) values (146, 'erat');
insert into Menus (MenuId, MenuName) values (147, 'at feugiat');
insert into Menus (MenuId, MenuName) values (148, 'nulla elit');
insert into Menus (MenuId, MenuName) values (149, 'at turpis');
insert into Menus (MenuId, MenuName) values (150, 'quam');
insert into Menus (MenuId, MenuName) values (151, 'non velit');
insert into Menus (MenuId, MenuName) values (152, 'integer');
insert into Menus (MenuId, MenuName) values (153, 'id');
insert into Menus (MenuId, MenuName) values (154, 'natoque');
insert into Menus (MenuId, MenuName) values (155, 'neque sapien');
insert into Menus (MenuId, MenuName) values (156, 'magna vulputate');
insert into Menus (MenuId, MenuName) values (157, 'justo in');
insert into Menus (MenuId, MenuName) values (158, 'diam');
insert into Menus (MenuId, MenuName) values (159, 'rutrum');
insert into Menus (MenuId, MenuName) values (160, 'diam erat');
insert into Menus (MenuId, MenuName) values (161, 'nulla');
insert into Menus (MenuId, MenuName) values (162, 'consequat ut');
insert into Menus (MenuId, MenuName) values (163, 'risus');
insert into Menus (MenuId, MenuName) values (164, 'odio');
insert into Menus (MenuId, MenuName) values (165, 'dui luctus');
insert into Menus (MenuId, MenuName) values (166, 'consectetuer adipiscing');
insert into Menus (MenuId, MenuName) values (167, 'massa donec');
insert into Menus (MenuId, MenuName) values (168, 'in');
insert into Menus (MenuId, MenuName) values (169, 'condimentum neque');
insert into Menus (MenuId, MenuName) values (170, 'at nunc');
insert into Menus (MenuId, MenuName) values (171, 'dolor');
insert into Menus (MenuId, MenuName) values (172, 'morbi');
insert into Menus (MenuId, MenuName) values (173, 'molestie sed');
insert into Menus (MenuId, MenuName) values (174, 'quam sollicitudin');
insert into Menus (MenuId, MenuName) values (175, 'dui');
insert into Menus (MenuId, MenuName) values (176, 'ultrices vel');
insert into Menus (MenuId, MenuName) values (177, 'mi nulla');
insert into Menus (MenuId, MenuName) values (178, 'ut volutpat');
insert into Menus (MenuId, MenuName) values (179, 'primis');
insert into Menus (MenuId, MenuName) values (180, 'magnis');
insert into Menus (MenuId, MenuName) values (181, 'rhoncus');
insert into Menus (MenuId, MenuName) values (182, 'interdum');
insert into Menus (MenuId, MenuName) values (183, 'volutpat');
insert into Menus (MenuId, MenuName) values (184, 'curae mauris');
insert into Menus (MenuId, MenuName) values (185, 'molestie hendrerit');
insert into Menus (MenuId, MenuName) values (186, 'vitae mattis');
insert into Menus (MenuId, MenuName) values (187, 'nulla quisque');
insert into Menus (MenuId, MenuName) values (188, 'pretium iaculis');
insert into Menus (MenuId, MenuName) values (189, 'vivamus tortor');
insert into Menus (MenuId, MenuName) values (190, 'pede justo');
insert into Menus (MenuId, MenuName) values (191, 'hac habitasse');
insert into Menus (MenuId, MenuName) values (192, 'nulla');
insert into Menus (MenuId, MenuName) values (193, 'quisque ut');
insert into Menus (MenuId, MenuName) values (194, 'sed lacus');
insert into Menus (MenuId, MenuName) values (195, 'id ornare');
insert into Menus (MenuId, MenuName) values (196, 'libero');
insert into Menus (MenuId, MenuName) values (197, 'nonummy');
insert into Menus (MenuId, MenuName) values (198, 'enim');
insert into Menus (MenuId, MenuName) values (199, 'sed');
insert into Menus (MenuId, MenuName) values (200, 'vel ipsum');
insert into Menus (MenuId, MenuName) values (201, 'sagittis');
insert into Menus (MenuId, MenuName) values (202, 'rutrum');
insert into Menus (MenuId, MenuName) values (203, 'adipiscing');
insert into Menus (MenuId, MenuName) values (204, 'dui');
insert into Menus (MenuId, MenuName) values (205, 'aliquam sit');
insert into Menus (MenuId, MenuName) values (206, 'non');
insert into Menus (MenuId, MenuName) values (207, 'non');
insert into Menus (MenuId, MenuName) values (208, 'sed');
insert into Menus (MenuId, MenuName) values (209, 'auctor gravida');
insert into Menus (MenuId, MenuName) values (210, 'pulvinar nulla');
insert into Menus (MenuId, MenuName) values (211, 'dictumst etiam');
insert into Menus (MenuId, MenuName) values (212, 'risus dapibus');
insert into Menus (MenuId, MenuName) values (213, 'morbi');
insert into Menus (MenuId, MenuName) values (214, 'enim');
insert into Menus (MenuId, MenuName) values (215, 'porttitor pede');
insert into Menus (MenuId, MenuName) values (216, 'consequat');
insert into Menus (MenuId, MenuName) values (217, 'nec');
insert into Menus (MenuId, MenuName) values (218, 'nam');
insert into Menus (MenuId, MenuName) values (219, 'at');
insert into Menus (MenuId, MenuName) values (220, 'cubilia');
insert into Menus (MenuId, MenuName) values (221, 'id justo');
insert into Menus (MenuId, MenuName) values (222, 'lacus');
insert into Menus (MenuId, MenuName) values (223, 'neque');
insert into Menus (MenuId, MenuName) values (224, 'donec');
insert into Menus (MenuId, MenuName) values (225, 'at nibh');
insert into Menus (MenuId, MenuName) values (226, 'luctus');
insert into Menus (MenuId, MenuName) values (227, 'accumsan');
insert into Menus (MenuId, MenuName) values (228, 'nulla pede');
insert into Menus (MenuId, MenuName) values (229, 'ultrices phasellus');
insert into Menus (MenuId, MenuName) values (230, 'ultrices posuere');
insert into Menus (MenuId, MenuName) values (231, 'et eros');
insert into Menus (MenuId, MenuName) values (232, 'quam turpis');
insert into Menus (MenuId, MenuName) values (233, 'vestibulum ante');
insert into Menus (MenuId, MenuName) values (234, 'eget vulputate');
insert into Menus (MenuId, MenuName) values (235, 'nullam');
insert into Menus (MenuId, MenuName) values (236, 'turpis');
insert into Menus (MenuId, MenuName) values (237, 'est congue');
insert into Menus (MenuId, MenuName) values (238, 'risus');
insert into Menus (MenuId, MenuName) values (239, 'nulla ultrices');
insert into Menus (MenuId, MenuName) values (240, 'lacinia eget');
insert into Menus (MenuId, MenuName) values (241, 'facilisi');
insert into Menus (MenuId, MenuName) values (242, 'donec');
insert into Menus (MenuId, MenuName) values (243, 'ac est');
insert into Menus (MenuId, MenuName) values (244, 'eros vestibulum');
insert into Menus (MenuId, MenuName) values (245, 'nisl');
insert into Menus (MenuId, MenuName) values (246, 'eleifend donec');
insert into Menus (MenuId, MenuName) values (247, 'praesent');
insert into Menus (MenuId, MenuName) values (248, 'pellentesque');
insert into Menus (MenuId, MenuName) values (249, 'sodales');
insert into Menus (MenuId, MenuName) values (250, 'mauris lacinia');
insert into Menus (MenuId, MenuName) values (251, 'leo');
insert into Menus (MenuId, MenuName) values (252, 'aliquet ultrices');
insert into Menus (MenuId, MenuName) values (253, 'lectus pellentesque');
insert into Menus (MenuId, MenuName) values (254, 'semper');
insert into Menus (MenuId, MenuName) values (255, 'id');
insert into Menus (MenuId, MenuName) values (256, 'auctor');
insert into Menus (MenuId, MenuName) values (257, 'nulla');
insert into Menus (MenuId, MenuName) values (258, 'donec odio');
insert into Menus (MenuId, MenuName) values (259, 'eu');
insert into Menus (MenuId, MenuName) values (260, 'quis tortor');
insert into Menus (MenuId, MenuName) values (261, 'eu nibh');
insert into Menus (MenuId, MenuName) values (262, 'condimentum curabitur');
insert into Menus (MenuId, MenuName) values (263, 'dolor quis');
insert into Menus (MenuId, MenuName) values (264, 'lobortis');
insert into Menus (MenuId, MenuName) values (265, 'diam');
insert into Menus (MenuId, MenuName) values (266, 'diam erat');
insert into Menus (MenuId, MenuName) values (267, 'curae');
insert into Menus (MenuId, MenuName) values (268, 'a libero');
insert into Menus (MenuId, MenuName) values (269, 'eget');
insert into Menus (MenuId, MenuName) values (270, 'non');
insert into Menus (MenuId, MenuName) values (271, 'posuere cubilia');
insert into Menus (MenuId, MenuName) values (272, 'id');
insert into Menus (MenuId, MenuName) values (273, 'id pretium');
insert into Menus (MenuId, MenuName) values (274, 'nulla');
insert into Menus (MenuId, MenuName) values (275, 'cursus');
insert into Menus (MenuId, MenuName) values (276, 'dis');
insert into Menus (MenuId, MenuName) values (277, 'curae');
insert into Menus (MenuId, MenuName) values (278, 'ante');
insert into Menus (MenuId, MenuName) values (279, 'mattis');
insert into Menus (MenuId, MenuName) values (280, 'porta volutpat');
insert into Menus (MenuId, MenuName) values (281, 'cursus');
insert into Menus (MenuId, MenuName) values (282, 'quisque erat');
insert into Menus (MenuId, MenuName) values (283, 'sit amet');
insert into Menus (MenuId, MenuName) values (284, 'nulla');
insert into Menus (MenuId, MenuName) values (285, 'diam neque');
insert into Menus (MenuId, MenuName) values (286, 'nunc proin');
insert into Menus (MenuId, MenuName) values (287, 'at');
insert into Menus (MenuId, MenuName) values (288, 'sed vestibulum');
insert into Menus (MenuId, MenuName) values (289, 'diam erat');
insert into Menus (MenuId, MenuName) values (290, 'mi');
insert into Menus (MenuId, MenuName) values (291, 'sed');
insert into Menus (MenuId, MenuName) values (292, 'ut');
insert into Menus (MenuId, MenuName) values (293, 'nec dui');
insert into Menus (MenuId, MenuName) values (294, 'praesent');
insert into Menus (MenuId, MenuName) values (295, 'ipsum primis');
insert into Menus (MenuId, MenuName) values (296, 'quam');
insert into Menus (MenuId, MenuName) values (297, 'diam');
insert into Menus (MenuId, MenuName) values (298, 'nulla');
insert into Menus (MenuId, MenuName) values (299, 'tellus semper');
insert into Menus (MenuId, MenuName) values (300, 'cursus');
insert into Menus (MenuId, MenuName) values (301, 'tellus nulla');
insert into Menus (MenuId, MenuName) values (302, 'vel lectus');
insert into Menus (MenuId, MenuName) values (303, 'amet');
insert into Menus (MenuId, MenuName) values (304, 'suspendisse');
insert into Menus (MenuId, MenuName) values (305, 'lectus aliquam');
insert into Menus (MenuId, MenuName) values (306, 'metus');
insert into Menus (MenuId, MenuName) values (307, 'urna ut');
insert into Menus (MenuId, MenuName) values (308, 'mauris');
insert into Menus (MenuId, MenuName) values (309, 'posuere');
insert into Menus (MenuId, MenuName) values (310, 'lacus purus');
insert into Menus (MenuId, MenuName) values (311, 'ante');
insert into Menus (MenuId, MenuName) values (312, 'ac nulla');
insert into Menus (MenuId, MenuName) values (313, 'sed vestibulum');
insert into Menus (MenuId, MenuName) values (314, 'vestibulum');
insert into Menus (MenuId, MenuName) values (315, 'aliquam sit');
insert into Menus (MenuId, MenuName) values (316, 'sed');
insert into Menus (MenuId, MenuName) values (317, 'at ipsum');
insert into Menus (MenuId, MenuName) values (318, 'nibh');
insert into Menus (MenuId, MenuName) values (319, 'nulla');
insert into Menus (MenuId, MenuName) values (320, 'sit amet');
insert into Menus (MenuId, MenuName) values (321, 'neque');
insert into Menus (MenuId, MenuName) values (322, 'in quis');
insert into Menus (MenuId, MenuName) values (323, 'nulla');
insert into Menus (MenuId, MenuName) values (324, 'ornare');
insert into Menus (MenuId, MenuName) values (325, 'venenatis');
insert into Menus (MenuId, MenuName) values (326, 'condimentum');
insert into Menus (MenuId, MenuName) values (327, 'quisque erat');
insert into Menus (MenuId, MenuName) values (328, 'tortor quis');
insert into Menus (MenuId, MenuName) values (329, 'etiam');
insert into Menus (MenuId, MenuName) values (330, 'erat');
insert into Menus (MenuId, MenuName) values (331, 'orci');
insert into Menus (MenuId, MenuName) values (332, 'feugiat et');
insert into Menus (MenuId, MenuName) values (333, 'fermentum donec');
insert into Menus (MenuId, MenuName) values (334, 'nibh');
insert into Menus (MenuId, MenuName) values (335, 'vel');
insert into Menus (MenuId, MenuName) values (336, 'imperdiet et');
insert into Menus (MenuId, MenuName) values (337, 'bibendum felis');
insert into Menus (MenuId, MenuName) values (338, 'sit amet');
insert into Menus (MenuId, MenuName) values (339, 'tempor convallis');
insert into Menus (MenuId, MenuName) values (340, 'donec');
insert into Menus (MenuId, MenuName) values (341, 'cubilia curae');
insert into Menus (MenuId, MenuName) values (342, 'nulla');
insert into Menus (MenuId, MenuName) values (343, 'quam');
insert into Menus (MenuId, MenuName) values (344, 'suspendisse');
insert into Menus (MenuId, MenuName) values (345, 'tortor');
insert into Menus (MenuId, MenuName) values (346, 'in est');
insert into Menus (MenuId, MenuName) values (347, 'interdum mauris');
insert into Menus (MenuId, MenuName) values (348, 'faucibus');
insert into Menus (MenuId, MenuName) values (349, 'nibh in');
insert into Menus (MenuId, MenuName) values (350, 'morbi quis');
insert into Menus (MenuId, MenuName) values (351, 'dui');
insert into Menus (MenuId, MenuName) values (352, 'auctor gravida');
insert into Menus (MenuId, MenuName) values (353, 'in blandit');
insert into Menus (MenuId, MenuName) values (354, 'pede lobortis');
insert into Menus (MenuId, MenuName) values (355, 'sit');
insert into Menus (MenuId, MenuName) values (356, 'neque libero');
insert into Menus (MenuId, MenuName) values (357, 'elementum pellentesque');
insert into Menus (MenuId, MenuName) values (358, 'consectetuer');
insert into Menus (MenuId, MenuName) values (359, 'luctus et');
insert into Menus (MenuId, MenuName) values (360, 'quisque erat');
insert into Menus (MenuId, MenuName) values (361, 'quis');
insert into Menus (MenuId, MenuName) values (362, 'et');
insert into Menus (MenuId, MenuName) values (363, 'sed');
insert into Menus (MenuId, MenuName) values (364, 'vel');
insert into Menus (MenuId, MenuName) values (365, 'feugiat');
insert into Menus (MenuId, MenuName) values (366, 'lobortis');
insert into Menus (MenuId, MenuName) values (367, 'nunc vestibulum');
insert into Menus (MenuId, MenuName) values (368, 'faucibus');
insert into Menus (MenuId, MenuName) values (369, 'nulla facilisi');
insert into Menus (MenuId, MenuName) values (370, 'curabitur');
insert into Menus (MenuId, MenuName) values (371, 'interdum mauris');
insert into Menus (MenuId, MenuName) values (372, 'ullamcorper augue');
insert into Menus (MenuId, MenuName) values (373, 'at velit');
insert into Menus (MenuId, MenuName) values (374, 'ultrices mattis');
insert into Menus (MenuId, MenuName) values (375, 'elementum');
insert into Menus (MenuId, MenuName) values (376, 'cubilia curae');
insert into Menus (MenuId, MenuName) values (377, 'etiam');
insert into Menus (MenuId, MenuName) values (378, 'et');
insert into Menus (MenuId, MenuName) values (379, 'nisi vulputate');
insert into Menus (MenuId, MenuName) values (380, 'aenean sit');
insert into Menus (MenuId, MenuName) values (381, 'a ipsum');
insert into Menus (MenuId, MenuName) values (382, 'odio');
insert into Menus (MenuId, MenuName) values (383, 'praesent');
insert into Menus (MenuId, MenuName) values (384, 'ut erat');
insert into Menus (MenuId, MenuName) values (385, 'hendrerit at');
insert into Menus (MenuId, MenuName) values (386, 'non');
insert into Menus (MenuId, MenuName) values (387, 'ac');
insert into Menus (MenuId, MenuName) values (388, 'tristique');
insert into Menus (MenuId, MenuName) values (389, 'dui nec');
insert into Menus (MenuId, MenuName) values (390, 'blandit nam');
insert into Menus (MenuId, MenuName) values (391, 'rutrum at');
insert into Menus (MenuId, MenuName) values (392, 'libero quis');
insert into Menus (MenuId, MenuName) values (393, 'morbi');
insert into Menus (MenuId, MenuName) values (394, 'nisl');
insert into Menus (MenuId, MenuName) values (395, 'etiam vel');
insert into Menus (MenuId, MenuName) values (396, 'non quam');
insert into Menus (MenuId, MenuName) values (397, 'dui');
insert into Menus (MenuId, MenuName) values (398, 'maecenas');
insert into Menus (MenuId, MenuName) values (399, 'sagittis');
insert into Menus (MenuId, MenuName) values (400, 'accumsan');
insert into Menus (MenuId, MenuName) values (401, 'dolor sit');
insert into Menus (MenuId, MenuName) values (402, 'eros elementum');
insert into Menus (MenuId, MenuName) values (403, 'lacinia');
insert into Menus (MenuId, MenuName) values (404, 'vel enim');
insert into Menus (MenuId, MenuName) values (405, 'mauris');
insert into Menus (MenuId, MenuName) values (406, 'cursus vestibulum');
insert into Menus (MenuId, MenuName) values (407, 'dolor sit');
insert into Menus (MenuId, MenuName) values (408, 'turpis');
insert into Menus (MenuId, MenuName) values (409, 'sed vestibulum');
insert into Menus (MenuId, MenuName) values (410, 'mauris lacinia');
insert into Menus (MenuId, MenuName) values (411, 'est et');
insert into Menus (MenuId, MenuName) values (412, 'elementum ligula');
insert into Menus (MenuId, MenuName) values (413, 'dui');
insert into Menus (MenuId, MenuName) values (414, 'curabitur at');
insert into Menus (MenuId, MenuName) values (415, 'justo');
insert into Menus (MenuId, MenuName) values (416, 'hac habitasse');
insert into Menus (MenuId, MenuName) values (417, 'erat volutpat');
insert into Menus (MenuId, MenuName) values (418, 'primis in');
insert into Menus (MenuId, MenuName) values (419, 'luctus cum');
insert into Menus (MenuId, MenuName) values (420, 'nibh in');
insert into Menus (MenuId, MenuName) values (421, 'vestibulum');
insert into Menus (MenuId, MenuName) values (422, 'quisque');
insert into Menus (MenuId, MenuName) values (423, 'pede');
insert into Menus (MenuId, MenuName) values (424, 'viverra');
insert into Menus (MenuId, MenuName) values (425, 'ac est');
insert into Menus (MenuId, MenuName) values (426, 'tortor quis');
insert into Menus (MenuId, MenuName) values (427, 'pellentesque');
insert into Menus (MenuId, MenuName) values (428, 'ut');
insert into Menus (MenuId, MenuName) values (429, 'ligula vehicula');
insert into Menus (MenuId, MenuName) values (430, 'laoreet ut');
insert into Menus (MenuId, MenuName) values (431, 'nulla dapibus');
insert into Menus (MenuId, MenuName) values (432, 'volutpat convallis');
insert into Menus (MenuId, MenuName) values (433, 'nisl');
insert into Menus (MenuId, MenuName) values (434, 'amet nunc');
insert into Menus (MenuId, MenuName) values (435, 'ac');
insert into Menus (MenuId, MenuName) values (436, 'nullam');
insert into Menus (MenuId, MenuName) values (437, 'sapien');
insert into Menus (MenuId, MenuName) values (438, 'nulla ultrices');
insert into Menus (MenuId, MenuName) values (439, 'cubilia');
insert into Menus (MenuId, MenuName) values (440, 'convallis');
insert into Menus (MenuId, MenuName) values (441, 'ut');
insert into Menus (MenuId, MenuName) values (442, 'nulla');
insert into Menus (MenuId, MenuName) values (443, 'semper');
insert into Menus (MenuId, MenuName) values (444, 'convallis nunc');
insert into Menus (MenuId, MenuName) values (445, 'mollis');
insert into Menus (MenuId, MenuName) values (446, 'libero');
insert into Menus (MenuId, MenuName) values (447, 'orci pede');
insert into Menus (MenuId, MenuName) values (448, 'purus aliquet');
insert into Menus (MenuId, MenuName) values (449, 'imperdiet');
insert into Menus (MenuId, MenuName) values (450, 'bibendum');
insert into Menus (MenuId, MenuName) values (451, 'sit amet');
insert into Menus (MenuId, MenuName) values (452, 'velit');
insert into Menus (MenuId, MenuName) values (453, 'luctus rutrum');
insert into Menus (MenuId, MenuName) values (454, 'justo lacinia');
insert into Menus (MenuId, MenuName) values (455, 'curae mauris');
insert into Menus (MenuId, MenuName) values (456, 'at');
insert into Menus (MenuId, MenuName) values (457, 'ut suscipit');
insert into Menus (MenuId, MenuName) values (458, 'vivamus metus');
insert into Menus (MenuId, MenuName) values (459, 'aliquet');
insert into Menus (MenuId, MenuName) values (460, 'lectus aliquam');
insert into Menus (MenuId, MenuName) values (461, 'aenean lectus');
insert into Menus (MenuId, MenuName) values (462, 'sit');
insert into Menus (MenuId, MenuName) values (463, 'est');
insert into Menus (MenuId, MenuName) values (464, 'quam pharetra');
insert into Menus (MenuId, MenuName) values (465, 'in');
insert into Menus (MenuId, MenuName) values (466, 'porta volutpat');
insert into Menus (MenuId, MenuName) values (467, 'nisl ut');
insert into Menus (MenuId, MenuName) values (468, 'tempus');
insert into Menus (MenuId, MenuName) values (469, 'primis in');
insert into Menus (MenuId, MenuName) values (470, 'erat vestibulum');
insert into Menus (MenuId, MenuName) values (471, 'ultrices');
insert into Menus (MenuId, MenuName) values (472, 'convallis');
insert into Menus (MenuId, MenuName) values (473, 'blandit');
insert into Menus (MenuId, MenuName) values (474, 'parturient montes');
insert into Menus (MenuId, MenuName) values (475, 'semper');
insert into Menus (MenuId, MenuName) values (476, 'convallis');
insert into Menus (MenuId, MenuName) values (477, 'morbi');
insert into Menus (MenuId, MenuName) values (478, 'consequat');
insert into Menus (MenuId, MenuName) values (479, 'morbi porttitor');
insert into Menus (MenuId, MenuName) values (480, 'vulputate');
insert into Menus (MenuId, MenuName) values (481, 'nisi');
insert into Menus (MenuId, MenuName) values (482, 'nibh ligula');
insert into Menus (MenuId, MenuName) values (483, 'aenean');
insert into Menus (MenuId, MenuName) values (484, 'integer aliquet');
insert into Menus (MenuId, MenuName) values (485, 'lobortis');
insert into Menus (MenuId, MenuName) values (486, 'eleifend donec');
insert into Menus (MenuId, MenuName) values (487, 'praesent id');
insert into Menus (MenuId, MenuName) values (488, 'nascetur ridiculus');
insert into Menus (MenuId, MenuName) values (489, 'nam nulla');
insert into Menus (MenuId, MenuName) values (490, 'proin risus');
insert into Menus (MenuId, MenuName) values (491, 'dictumst aliquam');
insert into Menus (MenuId, MenuName) values (492, 'in lacus');
insert into Menus (MenuId, MenuName) values (493, 'ac');
insert into Menus (MenuId, MenuName) values (494, 'nunc');
insert into Menus (MenuId, MenuName) values (495, 'eget');
insert into Menus (MenuId, MenuName) values (496, 'suscipit');
insert into Menus (MenuId, MenuName) values (497, 'ultrices');
insert into Menus (MenuId, MenuName) values (498, 'ipsum dolor');
insert into Menus (MenuId, MenuName) values (499, 'pellentesque');
insert into Menus (MenuId, MenuName) values (500, 'porttitor pede');



--FOOD CATEGORIES

insert into FoodCategories (CategoryId, CategoryName) values (1, 'Appetizer');
insert into FoodCategories (CategoryId, CategoryName) values (2, 'Main course');
insert into FoodCategories (CategoryId, CategoryName) values (3, 'Dessert');

--food

insert into Food (FoodId, FoodName, FoodPrice, CategoryId, Calories, Availability) values (1, 'purus sit', 319.33, 3, 420.46, false);
insert into Food (FoodId, FoodName, FoodPrice, CategoryId, Calories, Availability) values (2, 'eget', 759.37, 2, 5448.77, true);
insert into Food (FoodId, FoodName, FoodPrice, CategoryId, Calories, Availability) values (3, 'odio', 613.59, 1, 5612.38, true);
insert into Food (FoodId, FoodName, FoodPrice, CategoryId, Calories, Availability) values (4, 'convallis eget', 478.21, 1, 1865.39, false);
insert into Food (FoodId, FoodName, FoodPrice, CategoryId, Calories, Availability) values (5, 'quam', 823.41, 3, 2612.1, false);
insert into Food (FoodId, FoodName, FoodPrice, CategoryId, Calories, Availability) values (6, 'sed magna', 115.6, 2, 8145.85, true);
insert into Food (FoodId, FoodName, FoodPrice, CategoryId, Calories, Availability) values (7, 'at feugiat', 678.83, 2, 3563.77, true);
insert into Food (FoodId, FoodName, FoodPrice, CategoryId, Calories, Availability) values (8, 'mattis', 755.78, 2, 8210.01, true);
insert into Food (FoodId, FoodName, FoodPrice, CategoryId, Calories, Availability) values (9, 'hac habitasse', 77.16, 3, 6679.33, false);
insert into Food (FoodId, FoodName, FoodPrice, CategoryId, Calories, Availability) values (10, 'amet', 867.28, 2, 7180.09, false);
insert into Food (FoodId, FoodName, FoodPrice, CategoryId, Calories, Availability) values (11, 'aliquam', 325.16, 2, 9708.58, true);
insert into Food (FoodId, FoodName, FoodPrice, CategoryId, Calories, Availability) values (12, 'sapien cursus', 258.2, 3, 8282.0, false);
insert into Food (FoodId, FoodName, FoodPrice, CategoryId, Calories, Availability) values (13, 'vulputate nonummy', 224.17, 3, 5696.65, false);
insert into Food (FoodId, FoodName, FoodPrice, CategoryId, Calories, Availability) values (14, 'curae mauris', 469.71, 3, 5487.57, false);
insert into Food (FoodId, FoodName, FoodPrice, CategoryId, Calories, Availability) values (15, 'amet', 790.32, 2, 4789.49, true);
insert into Food (FoodId, FoodName, FoodPrice, CategoryId, Calories, Availability) values (16, 'tempus', 509.19, 2, 4634.71, false);
insert into Food (FoodId, FoodName, FoodPrice, CategoryId, Calories, Availability) values (17, 'nulla', 454.47, 1, 4735.52, true);
insert into Food (FoodId, FoodName, FoodPrice, CategoryId, Calories, Availability) values (18, 'posuere cubilia', 153.16, 2, 8327.84, false);
insert into Food (FoodId, FoodName, FoodPrice, CategoryId, Calories, Availability) values (19, 'quis', 186.06, 3, 4757.9, true);
insert into Food (FoodId, FoodName, FoodPrice, CategoryId, Calories, Availability) values (20, 'in lacus', 376.78, 2, 3503.34, false);
insert into Food (FoodId, FoodName, FoodPrice, CategoryId, Calories, Availability) values (21, 'aenean fermentum', 655.89, 1, 576.69, false);
insert into Food (FoodId, FoodName, FoodPrice, CategoryId, Calories, Availability) values (22, 'ultrices aliquet', 706.37, 3, 1675.04, false);
insert into Food (FoodId, FoodName, FoodPrice, CategoryId, Calories, Availability) values (23, 'orci', 176.73, 1, 5657.23, true);
insert into Food (FoodId, FoodName, FoodPrice, CategoryId, Calories, Availability) values (24, 'suspendisse', 796.97, 1, 5841.99, false);
insert into Food (FoodId, FoodName, FoodPrice, CategoryId, Calories, Availability) values (25, 'convallis', 492.39, 2, 4751.6, false);
insert into Food (FoodId, FoodName, FoodPrice, CategoryId, Calories, Availability) values (26, 'vel augue', 849.94, 3, 453.95, false);
insert into Food (FoodId, FoodName, FoodPrice, CategoryId, Calories, Availability) values (27, 'ut', 954.81, 1, 6499.89, true);
insert into Food (FoodId, FoodName, FoodPrice, CategoryId, Calories, Availability) values (28, 'lorem vitae', 390.97, 3, 3006.49, true);
insert into Food (FoodId, FoodName, FoodPrice, CategoryId, Calories, Availability) values (29, 'nunc', 360.66, 3, 2402.11, true);
insert into Food (FoodId, FoodName, FoodPrice, CategoryId, Calories, Availability) values (30, 'pellentesque', 385.61, 2, 1657.77, false);
insert into Food (FoodId, FoodName, FoodPrice, CategoryId, Calories, Availability) values (31, 'nulla nisl', 538.39, 1, 1195.85, true);
insert into Food (FoodId, FoodName, FoodPrice, CategoryId, Calories, Availability) values (32, 'placerat', 525.29, 2, 2923.29, true);
insert into Food (FoodId, FoodName, FoodPrice, CategoryId, Calories, Availability) values (33, 'elit', 724.19, 3, 5456.0, false);
insert into Food (FoodId, FoodName, FoodPrice, CategoryId, Calories, Availability) values (34, 'libero', 633.13, 3, 4925.1, true);
insert into Food (FoodId, FoodName, FoodPrice, CategoryId, Calories, Availability) values (35, 'eu', 691.56, 3, 5394.89, false);
insert into Food (FoodId, FoodName, FoodPrice, CategoryId, Calories, Availability) values (36, 'ligula in', 356.65, 1, 1793.57, true);
insert into Food (FoodId, FoodName, FoodPrice, CategoryId, Calories, Availability) values (37, 'nunc viverra', 773.29, 1, 1465.33, true);
insert into Food (FoodId, FoodName, FoodPrice, CategoryId, Calories, Availability) values (38, 'non mattis', 195.01, 3, 5684.68, false);
insert into Food (FoodId, FoodName, FoodPrice, CategoryId, Calories, Availability) values (39, 'commodo placerat', 703.39, 1, 3290.8, true);
insert into Food (FoodId, FoodName, FoodPrice, CategoryId, Calories, Availability) values (40, 'est', 378.89, 3, 855.25, false);
insert into Food (FoodId, FoodName, FoodPrice, CategoryId, Calories, Availability) values (41, 'cras mi', 327.57, 3, 2320.65, true);
insert into Food (FoodId, FoodName, FoodPrice, CategoryId, Calories, Availability) values (42, 'justo eu', 115.12, 3, 4957.32, false);
insert into Food (FoodId, FoodName, FoodPrice, CategoryId, Calories, Availability) values (43, 'amet', 285.76, 2, 132.56, true);
insert into Food (FoodId, FoodName, FoodPrice, CategoryId, Calories, Availability) values (44, 'curabitur at', 826.64, 1, 827.23, true);
insert into Food (FoodId, FoodName, FoodPrice, CategoryId, Calories, Availability) values (45, 'est et', 456.61, 2, 9177.09, true);
insert into Food (FoodId, FoodName, FoodPrice, CategoryId, Calories, Availability) values (46, 'blandit non', 850.65, 3, 1252.29, false);
insert into Food (FoodId, FoodName, FoodPrice, CategoryId, Calories, Availability) values (47, 'vel', 424.44, 3, 479.6, true);
insert into Food (FoodId, FoodName, FoodPrice, CategoryId, Calories, Availability) values (48, 'congue risus', 433.01, 2, 2431.83, false);
insert into Food (FoodId, FoodName, FoodPrice, CategoryId, Calories, Availability) values (49, 'duis', 243.83, 2, 9016.91, false);
insert into Food (FoodId, FoodName, FoodPrice, CategoryId, Calories, Availability) values (50, 'aliquet massa', 126.55, 3, 8710.2, true);
insert into Food (FoodId, FoodName, FoodPrice, CategoryId, Calories, Availability) values (51, 'sit amet', 606.67, 1, 7203.28, true);
insert into Food (FoodId, FoodName, FoodPrice, CategoryId, Calories, Availability) values (52, 'in quam', 937.3, 3, 9771.52, false);
insert into Food (FoodId, FoodName, FoodPrice, CategoryId, Calories, Availability) values (53, 'morbi', 282.7, 1, 110.98, true);
insert into Food (FoodId, FoodName, FoodPrice, CategoryId, Calories, Availability) values (54, 'nunc rhoncus', 795.41, 1, 8903.0, false);
insert into Food (FoodId, FoodName, FoodPrice, CategoryId, Calories, Availability) values (55, 'erat', 337.14, 3, 9571.5, false);
insert into Food (FoodId, FoodName, FoodPrice, CategoryId, Calories, Availability) values (56, 'ullamcorper purus', 492.36, 3, 1788.23, false);
insert into Food (FoodId, FoodName, FoodPrice, CategoryId, Calories, Availability) values (57, 'et ultrices', 166.32, 3, 6220.44, false);
insert into Food (FoodId, FoodName, FoodPrice, CategoryId, Calories, Availability) values (58, 'faucibus', 922.36, 3, 3615.87, false);
insert into Food (FoodId, FoodName, FoodPrice, CategoryId, Calories, Availability) values (59, 'libero', 71.88, 2, 8146.15, true);
insert into Food (FoodId, FoodName, FoodPrice, CategoryId, Calories, Availability) values (60, 'faucibus', 758.9, 1, 23.07, false);
insert into Food (FoodId, FoodName, FoodPrice, CategoryId, Calories, Availability) values (61, 'primis in', 726.4, 2, 9412.16, true);
insert into Food (FoodId, FoodName, FoodPrice, CategoryId, Calories, Availability) values (62, 'sed magna', 468.02, 3, 4306.95, true);
insert into Food (FoodId, FoodName, FoodPrice, CategoryId, Calories, Availability) values (63, 'at vulputate', 977.75, 2, 173.23, true);
insert into Food (FoodId, FoodName, FoodPrice, CategoryId, Calories, Availability) values (64, 'vestibulum', 84.22, 2, 2165.15, true);
insert into Food (FoodId, FoodName, FoodPrice, CategoryId, Calories, Availability) values (65, 'aliquet massa', 164.75, 2, 6116.77, false);
insert into Food (FoodId, FoodName, FoodPrice, CategoryId, Calories, Availability) values (66, 'odio', 931.12, 1, 3063.27, true);
insert into Food (FoodId, FoodName, FoodPrice, CategoryId, Calories, Availability) values (67, 'justo', 267.74, 1, 356.74, false);
insert into Food (FoodId, FoodName, FoodPrice, CategoryId, Calories, Availability) values (68, 'nulla quisque', 415.48, 2, 596.68, false);
insert into Food (FoodId, FoodName, FoodPrice, CategoryId, Calories, Availability) values (69, 'primis', 665.3, 3, 6687.23, false);
insert into Food (FoodId, FoodName, FoodPrice, CategoryId, Calories, Availability) values (70, 'sem', 756.68, 1, 675.91, false);
insert into Food (FoodId, FoodName, FoodPrice, CategoryId, Calories, Availability) values (71, 'pede', 881.75, 1, 5723.06, true);
insert into Food (FoodId, FoodName, FoodPrice, CategoryId, Calories, Availability) values (72, 'metus', 542.84, 2, 9138.93, true);
insert into Food (FoodId, FoodName, FoodPrice, CategoryId, Calories, Availability) values (73, 'ultrices posuere', 677.12, 2, 971.94, true);
insert into Food (FoodId, FoodName, FoodPrice, CategoryId, Calories, Availability) values (74, 'condimentum curabitur', 807.04, 3, 7988.64, true);
insert into Food (FoodId, FoodName, FoodPrice, CategoryId, Calories, Availability) values (75, 'posuere', 720.89, 3, 7795.26, false);
insert into Food (FoodId, FoodName, FoodPrice, CategoryId, Calories, Availability) values (76, 'scelerisque', 40.44, 3, 3427.78, true);
insert into Food (FoodId, FoodName, FoodPrice, CategoryId, Calories, Availability) values (77, 'donec', 270.44, 3, 793.62, false);
insert into Food (FoodId, FoodName, FoodPrice, CategoryId, Calories, Availability) values (78, 'nec nisi', 683.66, 3, 1255.01, true);
insert into Food (FoodId, FoodName, FoodPrice, CategoryId, Calories, Availability) values (79, 'elit', 177.43, 2, 5602.65, false);
insert into Food (FoodId, FoodName, FoodPrice, CategoryId, Calories, Availability) values (80, 'orci nullam', 747.79, 1, 3285.8, true);
insert into Food (FoodId, FoodName, FoodPrice, CategoryId, Calories, Availability) values (81, 'lectus in', 824.42, 3, 9504.06, true);
insert into Food (FoodId, FoodName, FoodPrice, CategoryId, Calories, Availability) values (82, 'vehicula', 523.17, 3, 4239.4, false);
insert into Food (FoodId, FoodName, FoodPrice, CategoryId, Calories, Availability) values (83, 'metus', 708.54, 2, 5670.78, true);
insert into Food (FoodId, FoodName, FoodPrice, CategoryId, Calories, Availability) values (84, 'rhoncus aliquet', 448.7, 1, 6966.27, true);
insert into Food (FoodId, FoodName, FoodPrice, CategoryId, Calories, Availability) values (85, 'id nisl', 243.94, 3, 9576.32, true);
insert into Food (FoodId, FoodName, FoodPrice, CategoryId, Calories, Availability) values (86, 'consectetuer', 492.71, 2, 9381.65, false);
insert into Food (FoodId, FoodName, FoodPrice, CategoryId, Calories, Availability) values (87, 'leo odio', 444.35, 1, 8223.71, false);
insert into Food (FoodId, FoodName, FoodPrice, CategoryId, Calories, Availability) values (88, 'ac', 616.12, 1, 1313.29, false);
insert into Food (FoodId, FoodName, FoodPrice, CategoryId, Calories, Availability) values (89, 'orci', 799.32, 1, 8930.23, true);
insert into Food (FoodId, FoodName, FoodPrice, CategoryId, Calories, Availability) values (90, 'accumsan odio', 792.63, 2, 8855.76, true);
insert into Food (FoodId, FoodName, FoodPrice, CategoryId, Calories, Availability) values (91, 'pellentesque ultrices', 387.83, 3, 7672.2, true);
insert into Food (FoodId, FoodName, FoodPrice, CategoryId, Calories, Availability) values (92, 'ridiculus', 854.39, 1, 3344.66, true);
insert into Food (FoodId, FoodName, FoodPrice, CategoryId, Calories, Availability) values (93, 'tristique', 72.87, 1, 7836.23, true);
insert into Food (FoodId, FoodName, FoodPrice, CategoryId, Calories, Availability) values (94, 'malesuada in', 387.23, 3, 1222.3, false);
insert into Food (FoodId, FoodName, FoodPrice, CategoryId, Calories, Availability) values (95, 'in magna', 458.82, 1, 3994.41, false);
insert into Food (FoodId, FoodName, FoodPrice, CategoryId, Calories, Availability) values (96, 'placerat praesent', 599.84, 1, 5558.89, true);
insert into Food (FoodId, FoodName, FoodPrice, CategoryId, Calories, Availability) values (97, 'odio', 950.33, 2, 3120.63, false);
insert into Food (FoodId, FoodName, FoodPrice, CategoryId, Calories, Availability) values (98, 'justo nec', 711.62, 2, 487.19, false);
insert into Food (FoodId, FoodName, FoodPrice, CategoryId, Calories, Availability) values (99, 'interdum', 910.76, 1, 1202.93, false);
insert into Food (FoodId, FoodName, FoodPrice, CategoryId, Calories, Availability) values (100, 'enim blandit', 91.83, 2, 8495.26, false);
insert into Food (FoodId, FoodName, FoodPrice, CategoryId, Calories, Availability) values (101, 'nisl duis', 544.32, 2, 2251.1, false);
insert into Food (FoodId, FoodName, FoodPrice, CategoryId, Calories, Availability) values (102, 'pede', 273.82, 1, 3294.26, false);
insert into Food (FoodId, FoodName, FoodPrice, CategoryId, Calories, Availability) values (103, 'ipsum', 715.33, 1, 1312.23, true);
insert into Food (FoodId, FoodName, FoodPrice, CategoryId, Calories, Availability) values (104, 'cursus vestibulum', 407.78, 3, 6724.89, true);
insert into Food (FoodId, FoodName, FoodPrice, CategoryId, Calories, Availability) values (105, 'placerat', 806.4, 2, 621.06, false);
insert into Food (FoodId, FoodName, FoodPrice, CategoryId, Calories, Availability) values (106, 'eget rutrum', 118.4, 1, 6032.62, false);
insert into Food (FoodId, FoodName, FoodPrice, CategoryId, Calories, Availability) values (107, 'neque duis', 314.58, 1, 7472.51, true);
insert into Food (FoodId, FoodName, FoodPrice, CategoryId, Calories, Availability) values (108, 'sit', 395.45, 3, 7773.53, false);
insert into Food (FoodId, FoodName, FoodPrice, CategoryId, Calories, Availability) values (109, 'sapien', 219.63, 2, 5790.97, true);
insert into Food (FoodId, FoodName, FoodPrice, CategoryId, Calories, Availability) values (110, 'habitasse platea', 464.82, 3, 5744.9, true);
insert into Food (FoodId, FoodName, FoodPrice, CategoryId, Calories, Availability) values (111, 'consequat', 275.3, 3, 8532.12, true);
insert into Food (FoodId, FoodName, FoodPrice, CategoryId, Calories, Availability) values (112, 'fermentum justo', 221.0, 3, 7177.17, true);
insert into Food (FoodId, FoodName, FoodPrice, CategoryId, Calories, Availability) values (113, 'augue quam', 654.55, 2, 5703.76, true);
insert into Food (FoodId, FoodName, FoodPrice, CategoryId, Calories, Availability) values (114, 'nam nulla', 100.05, 2, 7835.39, true);
insert into Food (FoodId, FoodName, FoodPrice, CategoryId, Calories, Availability) values (115, 'scelerisque', 420.42, 1, 1726.36, false);
insert into Food (FoodId, FoodName, FoodPrice, CategoryId, Calories, Availability) values (116, 'cubilia', 744.37, 1, 4264.17, true);
insert into Food (FoodId, FoodName, FoodPrice, CategoryId, Calories, Availability) values (117, 'rutrum', 113.41, 1, 5783.49, true);
insert into Food (FoodId, FoodName, FoodPrice, CategoryId, Calories, Availability) values (118, 'iaculis', 545.85, 2, 2829.73, true);
insert into Food (FoodId, FoodName, FoodPrice, CategoryId, Calories, Availability) values (119, 'lectus vestibulum', 997.99, 1, 9093.42, false);
insert into Food (FoodId, FoodName, FoodPrice, CategoryId, Calories, Availability) values (120, 'amet eleifend', 99.43, 3, 1263.03, true);
insert into Food (FoodId, FoodName, FoodPrice, CategoryId, Calories, Availability) values (121, 'habitasse platea', 260.58, 1, 2830.22, true);
insert into Food (FoodId, FoodName, FoodPrice, CategoryId, Calories, Availability) values (122, 'leo', 639.55, 2, 1975.01, false);
insert into Food (FoodId, FoodName, FoodPrice, CategoryId, Calories, Availability) values (123, 'nisi', 943.07, 1, 7219.44, false);
insert into Food (FoodId, FoodName, FoodPrice, CategoryId, Calories, Availability) values (124, 'ligula pellentesque', 420.71, 1, 9098.7, true);
insert into Food (FoodId, FoodName, FoodPrice, CategoryId, Calories, Availability) values (125, 'duis', 292.79, 3, 6282.61, true);
insert into Food (FoodId, FoodName, FoodPrice, CategoryId, Calories, Availability) values (126, 'habitasse platea', 663.33, 3, 2603.59, false);
insert into Food (FoodId, FoodName, FoodPrice, CategoryId, Calories, Availability) values (127, 'mauris eget', 160.07, 3, 501.99, true);
insert into Food (FoodId, FoodName, FoodPrice, CategoryId, Calories, Availability) values (128, 'sapien dignissim', 895.06, 3, 4121.1, true);
insert into Food (FoodId, FoodName, FoodPrice, CategoryId, Calories, Availability) values (129, 'erat', 88.21, 2, 4463.27, false);
insert into Food (FoodId, FoodName, FoodPrice, CategoryId, Calories, Availability) values (130, 'maecenas', 115.81, 1, 2184.26, false);
insert into Food (FoodId, FoodName, FoodPrice, CategoryId, Calories, Availability) values (131, 'morbi', 941.8, 2, 2344.53, false);
insert into Food (FoodId, FoodName, FoodPrice, CategoryId, Calories, Availability) values (132, 'vitae', 554.25, 3, 4669.36, true);
insert into Food (FoodId, FoodName, FoodPrice, CategoryId, Calories, Availability) values (133, 'at vulputate', 3.62, 3, 1518.18, true);
insert into Food (FoodId, FoodName, FoodPrice, CategoryId, Calories, Availability) values (134, 'sit amet', 967.56, 3, 1896.71, true);
insert into Food (FoodId, FoodName, FoodPrice, CategoryId, Calories, Availability) values (135, 'metus vitae', 203.15, 2, 8644.15, false);
insert into Food (FoodId, FoodName, FoodPrice, CategoryId, Calories, Availability) values (136, 'sed', 586.73, 3, 9876.58, false);
insert into Food (FoodId, FoodName, FoodPrice, CategoryId, Calories, Availability) values (137, 'morbi', 526.34, 2, 9054.01, false);
insert into Food (FoodId, FoodName, FoodPrice, CategoryId, Calories, Availability) values (138, 'nunc', 314.38, 2, 9485.76, true);
insert into Food (FoodId, FoodName, FoodPrice, CategoryId, Calories, Availability) values (139, 'elit', 498.71, 2, 7113.34, false);
insert into Food (FoodId, FoodName, FoodPrice, CategoryId, Calories, Availability) values (140, 'nulla', 213.85, 2, 1592.19, false);
insert into Food (FoodId, FoodName, FoodPrice, CategoryId, Calories, Availability) values (141, 'hendrerit', 695.32, 1, 2761.18, false);
insert into Food (FoodId, FoodName, FoodPrice, CategoryId, Calories, Availability) values (142, 'id sapien', 736.97, 1, 4725.3, true);
insert into Food (FoodId, FoodName, FoodPrice, CategoryId, Calories, Availability) values (143, 'quam sollicitudin', 227.43, 1, 6347.8, false);
insert into Food (FoodId, FoodName, FoodPrice, CategoryId, Calories, Availability) values (144, 'sed magna', 28.0, 3, 8683.42, true);
insert into Food (FoodId, FoodName, FoodPrice, CategoryId, Calories, Availability) values (145, 'molestie', 413.99, 1, 4497.37, false);
insert into Food (FoodId, FoodName, FoodPrice, CategoryId, Calories, Availability) values (146, 'rhoncus sed', 635.13, 3, 5886.71, false);
insert into Food (FoodId, FoodName, FoodPrice, CategoryId, Calories, Availability) values (147, 'sit amet', 21.82, 3, 9865.48, false);
insert into Food (FoodId, FoodName, FoodPrice, CategoryId, Calories, Availability) values (148, 'tortor eu', 280.25, 1, 5705.04, false);
insert into Food (FoodId, FoodName, FoodPrice, CategoryId, Calories, Availability) values (149, 'sed', 127.44, 2, 5852.03, false);
insert into Food (FoodId, FoodName, FoodPrice, CategoryId, Calories, Availability) values (150, 'faucibus accumsan', 498.45, 2, 406.9, true);
insert into Food (FoodId, FoodName, FoodPrice, CategoryId, Calories, Availability) values (151, 'vel', 918.31, 1, 5414.41, true);
insert into Food (FoodId, FoodName, FoodPrice, CategoryId, Calories, Availability) values (152, 'sollicitudin ut', 197.24, 3, 5038.69, false);
insert into Food (FoodId, FoodName, FoodPrice, CategoryId, Calories, Availability) values (153, 'potenti nullam', 475.87, 2, 6948.55, true);
insert into Food (FoodId, FoodName, FoodPrice, CategoryId, Calories, Availability) values (154, 'etiam', 43.99, 3, 5378.81, false);
insert into Food (FoodId, FoodName, FoodPrice, CategoryId, Calories, Availability) values (155, 'curae donec', 131.56, 1, 949.2, false);
insert into Food (FoodId, FoodName, FoodPrice, CategoryId, Calories, Availability) values (156, 'magna bibendum', 745.81, 2, 3598.27, true);
insert into Food (FoodId, FoodName, FoodPrice, CategoryId, Calories, Availability) values (157, 'posuere cubilia', 531.92, 2, 1933.79, true);
insert into Food (FoodId, FoodName, FoodPrice, CategoryId, Calories, Availability) values (158, 'pulvinar', 52.35, 1, 7923.36, true);
insert into Food (FoodId, FoodName, FoodPrice, CategoryId, Calories, Availability) values (159, 'lobortis', 276.78, 2, 7238.57, true);
insert into Food (FoodId, FoodName, FoodPrice, CategoryId, Calories, Availability) values (160, 'nec', 599.98, 2, 2791.05, true);
insert into Food (FoodId, FoodName, FoodPrice, CategoryId, Calories, Availability) values (161, 'nisl', 625.65, 2, 9855.5, true);
insert into Food (FoodId, FoodName, FoodPrice, CategoryId, Calories, Availability) values (162, 'felis', 780.09, 1, 7800.65, true);
insert into Food (FoodId, FoodName, FoodPrice, CategoryId, Calories, Availability) values (163, 'vestibulum quam', 376.61, 1, 8443.55, true);
insert into Food (FoodId, FoodName, FoodPrice, CategoryId, Calories, Availability) values (164, 'natoque', 110.87, 3, 2608.28, false);
insert into Food (FoodId, FoodName, FoodPrice, CategoryId, Calories, Availability) values (165, 'quis', 585.65, 2, 3708.11, false);
insert into Food (FoodId, FoodName, FoodPrice, CategoryId, Calories, Availability) values (166, 'faucibus accumsan', 622.92, 2, 904.97, true);
insert into Food (FoodId, FoodName, FoodPrice, CategoryId, Calories, Availability) values (167, 'varius nulla', 852.38, 2, 4140.88, false);
insert into Food (FoodId, FoodName, FoodPrice, CategoryId, Calories, Availability) values (168, 'curae mauris', 972.55, 2, 6377.49, false);
insert into Food (FoodId, FoodName, FoodPrice, CategoryId, Calories, Availability) values (169, 'ligula', 118.24, 2, 1785.55, true);
insert into Food (FoodId, FoodName, FoodPrice, CategoryId, Calories, Availability) values (170, 'in', 466.15, 1, 3288.35, false);
insert into Food (FoodId, FoodName, FoodPrice, CategoryId, Calories, Availability) values (171, 'etiam', 278.72, 2, 5537.16, false);
insert into Food (FoodId, FoodName, FoodPrice, CategoryId, Calories, Availability) values (172, 'quam pharetra', 286.52, 2, 2326.39, false);
insert into Food (FoodId, FoodName, FoodPrice, CategoryId, Calories, Availability) values (173, 'nunc', 628.25, 1, 6850.24, false);
insert into Food (FoodId, FoodName, FoodPrice, CategoryId, Calories, Availability) values (174, 'morbi a', 389.57, 1, 9364.94, false);
insert into Food (FoodId, FoodName, FoodPrice, CategoryId, Calories, Availability) values (175, 'dolor', 501.28, 1, 7852.5, true);
insert into Food (FoodId, FoodName, FoodPrice, CategoryId, Calories, Availability) values (176, 'augue', 726.24, 1, 7668.49, true);
insert into Food (FoodId, FoodName, FoodPrice, CategoryId, Calories, Availability) values (177, 'dui', 915.69, 2, 2867.38, true);
insert into Food (FoodId, FoodName, FoodPrice, CategoryId, Calories, Availability) values (178, 'justo maecenas', 797.37, 3, 8834.76, false);
insert into Food (FoodId, FoodName, FoodPrice, CategoryId, Calories, Availability) values (179, 'eu magna', 368.95, 1, 9366.33, true);
insert into Food (FoodId, FoodName, FoodPrice, CategoryId, Calories, Availability) values (180, 'duis faucibus', 572.92, 3, 3030.47, true);
insert into Food (FoodId, FoodName, FoodPrice, CategoryId, Calories, Availability) values (181, 'blandit lacinia', 426.89, 1, 4546.35, false);
insert into Food (FoodId, FoodName, FoodPrice, CategoryId, Calories, Availability) values (182, 'suspendisse potenti', 912.99, 2, 6009.65, true);
insert into Food (FoodId, FoodName, FoodPrice, CategoryId, Calories, Availability) values (183, 'volutpat dui', 315.79, 2, 1159.63, true);
insert into Food (FoodId, FoodName, FoodPrice, CategoryId, Calories, Availability) values (184, 'odio consequat', 325.05, 3, 5076.77, false);
insert into Food (FoodId, FoodName, FoodPrice, CategoryId, Calories, Availability) values (185, 'bibendum morbi', 918.97, 2, 6413.11, true);
insert into Food (FoodId, FoodName, FoodPrice, CategoryId, Calories, Availability) values (186, 'nisl', 297.44, 3, 4381.5, false);
insert into Food (FoodId, FoodName, FoodPrice, CategoryId, Calories, Availability) values (187, 'lectus', 721.55, 3, 5600.73, true);
insert into Food (FoodId, FoodName, FoodPrice, CategoryId, Calories, Availability) values (188, 'auctor', 727.53, 2, 5271.26, true);
insert into Food (FoodId, FoodName, FoodPrice, CategoryId, Calories, Availability) values (189, 'tincidunt in', 850.94, 1, 2401.56, false);
insert into Food (FoodId, FoodName, FoodPrice, CategoryId, Calories, Availability) values (190, 'pede posuere', 579.49, 3, 8658.71, false);
insert into Food (FoodId, FoodName, FoodPrice, CategoryId, Calories, Availability) values (191, 'tellus', 971.67, 3, 1121.26, false);
insert into Food (FoodId, FoodName, FoodPrice, CategoryId, Calories, Availability) values (192, 'lorem integer', 843.85, 3, 3032.59, false);
insert into Food (FoodId, FoodName, FoodPrice, CategoryId, Calories, Availability) values (193, 'in', 436.05, 3, 2123.25, false);
insert into Food (FoodId, FoodName, FoodPrice, CategoryId, Calories, Availability) values (194, 'convallis nulla', 0.94, 3, 9181.37, true);
insert into Food (FoodId, FoodName, FoodPrice, CategoryId, Calories, Availability) values (195, 'tortor', 681.98, 2, 5007.63, false);
insert into Food (FoodId, FoodName, FoodPrice, CategoryId, Calories, Availability) values (196, 'amet nulla', 91.89, 1, 6885.68, false);
insert into Food (FoodId, FoodName, FoodPrice, CategoryId, Calories, Availability) values (197, 'odio consequat', 46.21, 1, 789.1, false);
insert into Food (FoodId, FoodName, FoodPrice, CategoryId, Calories, Availability) values (198, 'ridiculus', 193.01, 1, 4371.57, true);
insert into Food (FoodId, FoodName, FoodPrice, CategoryId, Calories, Availability) values (199, 'nec nisi', 79.02, 1, 2380.55, true);
insert into Food (FoodId, FoodName, FoodPrice, CategoryId, Calories, Availability) values (200, 'tristique est', 783.58, 2, 3336.31, false);
insert into Food (FoodId, FoodName, FoodPrice, CategoryId, Calories, Availability) values (201, 'sollicitudin ut', 30.55, 2, 8384.7, true);
insert into Food (FoodId, FoodName, FoodPrice, CategoryId, Calories, Availability) values (202, 'est', 412.78, 3, 521.74, true);
insert into Food (FoodId, FoodName, FoodPrice, CategoryId, Calories, Availability) values (203, 'mi', 920.03, 2, 9090.23, true);
insert into Food (FoodId, FoodName, FoodPrice, CategoryId, Calories, Availability) values (204, 'venenatis', 86.53, 2, 7111.63, false);
insert into Food (FoodId, FoodName, FoodPrice, CategoryId, Calories, Availability) values (205, 'amet', 608.57, 3, 9106.42, true);
insert into Food (FoodId, FoodName, FoodPrice, CategoryId, Calories, Availability) values (0, 'tellus', 0.2, 1, 7523.77, true);
insert into Food (FoodId, FoodName, FoodPrice, CategoryId, Calories, Availability) values (207, 'libero', 925.1, 1, 9756.95, false);
insert into Food (FoodId, FoodName, FoodPrice, CategoryId, Calories, Availability) values (208, 'tellus', 223.11, 1, 7182.18, false);
insert into Food (FoodId, FoodName, FoodPrice, CategoryId, Calories, Availability) values (209, 'id turpis', 860.97, 3, 7533.02, true);
insert into Food (FoodId, FoodName, FoodPrice, CategoryId, Calories, Availability) values (210, 'nulla', 862.01, 3, 4477.42, false);
insert into Food (FoodId, FoodName, FoodPrice, CategoryId, Calories, Availability) values (211, 'amet consectetuer', 936.71, 2, 4452.3, false);
insert into Food (FoodId, FoodName, FoodPrice, CategoryId, Calories, Availability) values (212, 'dolor', 523.56, 1, 5270.07, true);
insert into Food (FoodId, FoodName, FoodPrice, CategoryId, Calories, Availability) values (213, 'sit amet', 685.11, 2, 606.38, true);
insert into Food (FoodId, FoodName, FoodPrice, CategoryId, Calories, Availability) values (214, 'in', 852.38, 1, 9342.27, true);
insert into Food (FoodId, FoodName, FoodPrice, CategoryId, Calories, Availability) values (215, 'ac consequat', 991.95, 3, 5745.64, true);
insert into Food (FoodId, FoodName, FoodPrice, CategoryId, Calories, Availability) values (216, 'nisi vulputate', 997.76, 1, 2067.97, false);
insert into Food (FoodId, FoodName, FoodPrice, CategoryId, Calories, Availability) values (217, 'rutrum at', 527.15, 1, 2013.34, false);
insert into Food (FoodId, FoodName, FoodPrice, CategoryId, Calories, Availability) values (218, 'vestibulum velit', 949.86, 1, 1402.13, false);
insert into Food (FoodId, FoodName, FoodPrice, CategoryId, Calories, Availability) values (219, 'quam turpis', 713.99, 2, 1220.42, true);
insert into Food (FoodId, FoodName, FoodPrice, CategoryId, Calories, Availability) values (220, 'in lectus', 133.17, 3, 3974.56, false);
insert into Food (FoodId, FoodName, FoodPrice, CategoryId, Calories, Availability) values (221, 'augue luctus', 379.75, 1, 1922.32, false);
insert into Food (FoodId, FoodName, FoodPrice, CategoryId, Calories, Availability) values (222, 'massa', 797.51, 1, 9468.16, true);
insert into Food (FoodId, FoodName, FoodPrice, CategoryId, Calories, Availability) values (223, 'hac', 830.58, 2, 2254.6, false);
insert into Food (FoodId, FoodName, FoodPrice, CategoryId, Calories, Availability) values (224, 'in', 98.7, 3, 6995.72, false);
insert into Food (FoodId, FoodName, FoodPrice, CategoryId, Calories, Availability) values (225, 'et', 509.85, 2, 3633.25, false);
insert into Food (FoodId, FoodName, FoodPrice, CategoryId, Calories, Availability) values (226, 'nulla', 270.57, 3, 3953.99, false);
insert into Food (FoodId, FoodName, FoodPrice, CategoryId, Calories, Availability) values (227, 'quis orci', 567.66, 3, 2206.7, true);
insert into Food (FoodId, FoodName, FoodPrice, CategoryId, Calories, Availability) values (228, 'et magnis', 794.7, 2, 116.4, false);
insert into Food (FoodId, FoodName, FoodPrice, CategoryId, Calories, Availability) values (229, 'ut nulla', 970.18, 2, 6153.91, true);
insert into Food (FoodId, FoodName, FoodPrice, CategoryId, Calories, Availability) values (230, 'curae', 887.52, 1, 5153.0, true);
insert into Food (FoodId, FoodName, FoodPrice, CategoryId, Calories, Availability) values (231, 'risus', 420.65, 1, 4615.28, true);
insert into Food (FoodId, FoodName, FoodPrice, CategoryId, Calories, Availability) values (232, 'ut', 15.03, 1, 2290.62, true);
insert into Food (FoodId, FoodName, FoodPrice, CategoryId, Calories, Availability) values (233, 'consequat', 399.88, 2, 4767.09, true);
insert into Food (FoodId, FoodName, FoodPrice, CategoryId, Calories, Availability) values (234, 'pede', 564.88, 1, 2271.53, false);
insert into Food (FoodId, FoodName, FoodPrice, CategoryId, Calories, Availability) values (235, 'nulla suscipit', 841.69, 1, 26.68, true);
insert into Food (FoodId, FoodName, FoodPrice, CategoryId, Calories, Availability) values (236, 'luctus', 357.68, 2, 1718.44, true);
insert into Food (FoodId, FoodName, FoodPrice, CategoryId, Calories, Availability) values (237, 'convallis nunc', 55.2, 2, 2771.14, false);
insert into Food (FoodId, FoodName, FoodPrice, CategoryId, Calories, Availability) values (238, 'diam id', 393.58, 2, 6299.21, true);
insert into Food (FoodId, FoodName, FoodPrice, CategoryId, Calories, Availability) values (239, 'posuere cubilia', 976.35, 3, 9807.11, true);
insert into Food (FoodId, FoodName, FoodPrice, CategoryId, Calories, Availability) values (240, 'nisl', 297.13, 1, 8794.69, false);
insert into Food (FoodId, FoodName, FoodPrice, CategoryId, Calories, Availability) values (241, 'eget eros', 21.82, 3, 5712.19, false);
insert into Food (FoodId, FoodName, FoodPrice, CategoryId, Calories, Availability) values (242, 'accumsan tellus', 712.11, 1, 1272.3, false);
insert into Food (FoodId, FoodName, FoodPrice, CategoryId, Calories, Availability) values (243, 'nam dui', 450.36, 2, 5678.52, false);
insert into Food (FoodId, FoodName, FoodPrice, CategoryId, Calories, Availability) values (244, 'lectus', 852.18, 2, 6565.82, false);
insert into Food (FoodId, FoodName, FoodPrice, CategoryId, Calories, Availability) values (245, 'platea dictumst', 97.36, 2, 1156.69, false);
insert into Food (FoodId, FoodName, FoodPrice, CategoryId, Calories, Availability) values (246, 'duis', 242.23, 2, 409.33, false);
insert into Food (FoodId, FoodName, FoodPrice, CategoryId, Calories, Availability) values (247, 'semper', 802.01, 1, 9109.78, false);
insert into Food (FoodId, FoodName, FoodPrice, CategoryId, Calories, Availability) values (248, 'duis', 625.61, 3, 3096.54, false);
insert into Food (FoodId, FoodName, FoodPrice, CategoryId, Calories, Availability) values (249, 'felis', 566.85, 1, 8764.42, true);
insert into Food (FoodId, FoodName, FoodPrice, CategoryId, Calories, Availability) values (250, 'porttitor', 481.71, 1, 2333.61, false);
insert into Food (FoodId, FoodName, FoodPrice, CategoryId, Calories, Availability) values (251, 'magna vulputate', 860.32, 2, 2268.18, true);
insert into Food (FoodId, FoodName, FoodPrice, CategoryId, Calories, Availability) values (252, 'varius', 362.16, 2, 889.19, true);
insert into Food (FoodId, FoodName, FoodPrice, CategoryId, Calories, Availability) values (253, 'luctus', 567.84, 3, 7303.3, false);
insert into Food (FoodId, FoodName, FoodPrice, CategoryId, Calories, Availability) values (254, 'cursus urna', 354.5, 2, 9187.91, true);
insert into Food (FoodId, FoodName, FoodPrice, CategoryId, Calories, Availability) values (255, 'sociis', 984.66, 1, 4331.72, true);
insert into Food (FoodId, FoodName, FoodPrice, CategoryId, Calories, Availability) values (256, 'vestibulum velit', 306.84, 1, 5120.78, true);
insert into Food (FoodId, FoodName, FoodPrice, CategoryId, Calories, Availability) values (257, 'odio donec', 941.25, 3, 2597.7, false);
insert into Food (FoodId, FoodName, FoodPrice, CategoryId, Calories, Availability) values (258, 'at', 844.94, 1, 1948.07, true);
insert into Food (FoodId, FoodName, FoodPrice, CategoryId, Calories, Availability) values (259, 'platea', 499.46, 2, 1909.73, false);
insert into Food (FoodId, FoodName, FoodPrice, CategoryId, Calories, Availability) values (260, 'viverra', 358.49, 1, 2518.67, false);
insert into Food (FoodId, FoodName, FoodPrice, CategoryId, Calories, Availability) values (261, 'cubilia curae', 628.92, 1, 9264.83, true);
insert into Food (FoodId, FoodName, FoodPrice, CategoryId, Calories, Availability) values (262, 'non velit', 815.36, 2, 267.2, true);
insert into Food (FoodId, FoodName, FoodPrice, CategoryId, Calories, Availability) values (263, 'eu', 201.55, 2, 2950.87, false);
insert into Food (FoodId, FoodName, FoodPrice, CategoryId, Calories, Availability) values (264, 'eu massa', 581.31, 1, 1514.58, false);
insert into Food (FoodId, FoodName, FoodPrice, CategoryId, Calories, Availability) values (265, 'curae duis', 524.06, 3, 404.37, false);
insert into Food (FoodId, FoodName, FoodPrice, CategoryId, Calories, Availability) values (266, 'non velit', 668.66, 1, 7389.62, false);
insert into Food (FoodId, FoodName, FoodPrice, CategoryId, Calories, Availability) values (267, 'vestibulum ac', 940.81, 2, 3693.87, true);
insert into Food (FoodId, FoodName, FoodPrice, CategoryId, Calories, Availability) values (268, 'justo', 174.03, 2, 3218.11, true);
insert into Food (FoodId, FoodName, FoodPrice, CategoryId, Calories, Availability) values (269, 'odio condimentum', 373.4, 2, 8199.47, false);
insert into Food (FoodId, FoodName, FoodPrice, CategoryId, Calories, Availability) values (270, 'eget semper', 961.09, 3, 8996.25, true);
insert into Food (FoodId, FoodName, FoodPrice, CategoryId, Calories, Availability) values (271, 'neque', 968.72, 1, 3397.92, false);
insert into Food (FoodId, FoodName, FoodPrice, CategoryId, Calories, Availability) values (272, 'quis', 744.46, 1, 7552.07, true);
insert into Food (FoodId, FoodName, FoodPrice, CategoryId, Calories, Availability) values (273, 'at', 102.17, 3, 6518.7, false);
insert into Food (FoodId, FoodName, FoodPrice, CategoryId, Calories, Availability) values (274, 'dapibus', 939.04, 1, 9810.05, true);
insert into Food (FoodId, FoodName, FoodPrice, CategoryId, Calories, Availability) values (275, 'nulla ac', 423.24, 3, 4325.87, true);
insert into Food (FoodId, FoodName, FoodPrice, CategoryId, Calories, Availability) values (276, 'libero', 341.89, 1, 6747.29, true);
insert into Food (FoodId, FoodName, FoodPrice, CategoryId, Calories, Availability) values (277, 'sit amet', 111.77, 3, 9595.3, true);
insert into Food (FoodId, FoodName, FoodPrice, CategoryId, Calories, Availability) values (278, 'amet nunc', 167.87, 2, 6699.06, true);
insert into Food (FoodId, FoodName, FoodPrice, CategoryId, Calories, Availability) values (279, 'volutpat convallis', 437.71, 3, 4025.2, false);
insert into Food (FoodId, FoodName, FoodPrice, CategoryId, Calories, Availability) values (280, 'odio odio', 520.52, 2, 8214.48, false);
insert into Food (FoodId, FoodName, FoodPrice, CategoryId, Calories, Availability) values (281, 'interdum mauris', 891.59, 3, 9232.24, true);
insert into Food (FoodId, FoodName, FoodPrice, CategoryId, Calories, Availability) values (282, 'vitae ipsum', 76.96, 1, 2871.06, false);
insert into Food (FoodId, FoodName, FoodPrice, CategoryId, Calories, Availability) values (283, 'lacinia aenean', 55.67, 3, 6216.58, false);
insert into Food (FoodId, FoodName, FoodPrice, CategoryId, Calories, Availability) values (284, 'scelerisque', 917.14, 3, 164.58, false);
insert into Food (FoodId, FoodName, FoodPrice, CategoryId, Calories, Availability) values (285, 'mauris', 32.52, 2, 8229.23, false);
insert into Food (FoodId, FoodName, FoodPrice, CategoryId, Calories, Availability) values (286, 'et', 233.49, 3, 7772.75, false);
insert into Food (FoodId, FoodName, FoodPrice, CategoryId, Calories, Availability) values (287, 'justo lacinia', 416.25, 2, 9163.94, true);
insert into Food (FoodId, FoodName, FoodPrice, CategoryId, Calories, Availability) values (288, 'sociis', 738.95, 2, 5183.51, false);
insert into Food (FoodId, FoodName, FoodPrice, CategoryId, Calories, Availability) values (289, 'donec', 97.67, 2, 7209.3, true);
insert into Food (FoodId, FoodName, FoodPrice, CategoryId, Calories, Availability) values (290, 'sed lacus', 827.57, 1, 7942.9, true);
insert into Food (FoodId, FoodName, FoodPrice, CategoryId, Calories, Availability) values (291, 'sapien', 361.84, 2, 534.45, true);
insert into Food (FoodId, FoodName, FoodPrice, CategoryId, Calories, Availability) values (292, 'consequat varius', 401.56, 2, 266.36, false);
insert into Food (FoodId, FoodName, FoodPrice, CategoryId, Calories, Availability) values (293, 'nulla', 778.03, 2, 587.23, false);
insert into Food (FoodId, FoodName, FoodPrice, CategoryId, Calories, Availability) values (294, 'cras', 995.94, 2, 6614.2, true);
insert into Food (FoodId, FoodName, FoodPrice, CategoryId, Calories, Availability) values (295, 'cras in', 254.07, 2, 184.84, true);
insert into Food (FoodId, FoodName, FoodPrice, CategoryId, Calories, Availability) values (296, 'erat fermentum', 48.87, 2, 9500.3, true);
insert into Food (FoodId, FoodName, FoodPrice, CategoryId, Calories, Availability) values (297, 'sapien', 783.21, 3, 1455.48, true);
insert into Food (FoodId, FoodName, FoodPrice, CategoryId, Calories, Availability) values (298, 'accumsan', 888.92, 1, 3315.56, true);
insert into Food (FoodId, FoodName, FoodPrice, CategoryId, Calories, Availability) values (299, 'ut', 88.73, 2, 6320.01, true);
insert into Food (FoodId, FoodName, FoodPrice, CategoryId, Calories, Availability) values (300, 'dis', 274.7, 2, 8606.94, false);
insert into Food (FoodId, FoodName, FoodPrice, CategoryId, Calories, Availability) values (301, 'sit amet', 649.72, 2, 7203.57, false);
insert into Food (FoodId, FoodName, FoodPrice, CategoryId, Calories, Availability) values (302, 'posuere', 80.93, 1, 9549.8, false);
insert into Food (FoodId, FoodName, FoodPrice, CategoryId, Calories, Availability) values (303, 'mi sit', 403.08, 2, 388.4, true);
insert into Food (FoodId, FoodName, FoodPrice, CategoryId, Calories, Availability) values (304, 'condimentum', 870.1, 2, 1112.39, true);
insert into Food (FoodId, FoodName, FoodPrice, CategoryId, Calories, Availability) values (305, 'odio in', 558.87, 2, 8669.0, true);
insert into Food (FoodId, FoodName, FoodPrice, CategoryId, Calories, Availability) values (306, 'consectetuer', 483.7, 3, 5125.16, false);
insert into Food (FoodId, FoodName, FoodPrice, CategoryId, Calories, Availability) values (307, 'nullam sit', 260.33, 2, 6026.51, true);
insert into Food (FoodId, FoodName, FoodPrice, CategoryId, Calories, Availability) values (308, 'a', 35.48, 1, 9167.79, true);
insert into Food (FoodId, FoodName, FoodPrice, CategoryId, Calories, Availability) values (309, 'justo in', 31.86, 1, 3207.77, false);
insert into Food (FoodId, FoodName, FoodPrice, CategoryId, Calories, Availability) values (310, 'consequat ut', 668.44, 3, 6146.33, true);
insert into Food (FoodId, FoodName, FoodPrice, CategoryId, Calories, Availability) values (311, 'pretium nisl', 328.96, 2, 2116.71, true);
insert into Food (FoodId, FoodName, FoodPrice, CategoryId, Calories, Availability) values (312, 'ultricies eu', 448.53, 1, 2459.78, true);
insert into Food (FoodId, FoodName, FoodPrice, CategoryId, Calories, Availability) values (313, 'erat fermentum', 770.2, 2, 9503.99, true);
insert into Food (FoodId, FoodName, FoodPrice, CategoryId, Calories, Availability) values (314, 'quam sapien', 468.88, 1, 1053.56, false);
insert into Food (FoodId, FoodName, FoodPrice, CategoryId, Calories, Availability) values (315, 'ut', 534.88, 2, 7848.96, true);
insert into Food (FoodId, FoodName, FoodPrice, CategoryId, Calories, Availability) values (316, 'nibh', 190.04, 3, 8227.3, false);
insert into Food (FoodId, FoodName, FoodPrice, CategoryId, Calories, Availability) values (317, 'nonummy maecenas', 774.85, 1, 3404.4, false);
insert into Food (FoodId, FoodName, FoodPrice, CategoryId, Calories, Availability) values (318, 'proin', 611.39, 1, 318.44, true);
insert into Food (FoodId, FoodName, FoodPrice, CategoryId, Calories, Availability) values (319, 'vestibulum ante', 451.42, 2, 8187.75, false);
insert into Food (FoodId, FoodName, FoodPrice, CategoryId, Calories, Availability) values (320, 'posuere', 72.2, 2, 2352.61, false);
insert into Food (FoodId, FoodName, FoodPrice, CategoryId, Calories, Availability) values (321, 'luctus et', 930.42, 1, 7030.08, true);
insert into Food (FoodId, FoodName, FoodPrice, CategoryId, Calories, Availability) values (322, 'at', 612.79, 1, 8778.86, true);
insert into Food (FoodId, FoodName, FoodPrice, CategoryId, Calories, Availability) values (323, 'sapien', 729.35, 3, 8143.14, false);
insert into Food (FoodId, FoodName, FoodPrice, CategoryId, Calories, Availability) values (324, 'ipsum', 437.52, 3, 5148.17, true);
insert into Food (FoodId, FoodName, FoodPrice, CategoryId, Calories, Availability) values (325, 'sed', 782.52, 1, 8564.56, false);
insert into Food (FoodId, FoodName, FoodPrice, CategoryId, Calories, Availability) values (326, 'neque duis', 754.25, 3, 1339.43, false);
insert into Food (FoodId, FoodName, FoodPrice, CategoryId, Calories, Availability) values (327, 'vestibulum sed', 357.01, 2, 8322.53, false);
insert into Food (FoodId, FoodName, FoodPrice, CategoryId, Calories, Availability) values (328, 'sapien arcu', 165.69, 2, 3938.4, true);
insert into Food (FoodId, FoodName, FoodPrice, CategoryId, Calories, Availability) values (329, 'neque', 34.24, 3, 8111.14, true);
insert into Food (FoodId, FoodName, FoodPrice, CategoryId, Calories, Availability) values (330, 'primis', 133.75, 1, 3050.38, true);
insert into Food (FoodId, FoodName, FoodPrice, CategoryId, Calories, Availability) values (331, 'nisi', 388.44, 1, 2013.4, false);
insert into Food (FoodId, FoodName, FoodPrice, CategoryId, Calories, Availability) values (332, 'odio consequat', 440.13, 1, 686.48, true);
insert into Food (FoodId, FoodName, FoodPrice, CategoryId, Calories, Availability) values (333, 'a pede', 828.07, 3, 4130.69, true);
insert into Food (FoodId, FoodName, FoodPrice, CategoryId, Calories, Availability) values (334, 'commodo vulputate', 65.95, 2, 9967.39, true);
insert into Food (FoodId, FoodName, FoodPrice, CategoryId, Calories, Availability) values (335, 'sapien quis', 280.56, 2, 8465.18, true);
insert into Food (FoodId, FoodName, FoodPrice, CategoryId, Calories, Availability) values (336, 'venenatis', 951.35, 2, 8426.68, true);
insert into Food (FoodId, FoodName, FoodPrice, CategoryId, Calories, Availability) values (337, 'aliquam', 23.5, 3, 7761.7, true);
insert into Food (FoodId, FoodName, FoodPrice, CategoryId, Calories, Availability) values (338, 'sed', 258.19, 1, 2487.45, true);
insert into Food (FoodId, FoodName, FoodPrice, CategoryId, Calories, Availability) values (339, 'sapien quis', 496.01, 2, 5142.9, false);
insert into Food (FoodId, FoodName, FoodPrice, CategoryId, Calories, Availability) values (340, 'adipiscing', 251.87, 1, 4863.35, true);
insert into Food (FoodId, FoodName, FoodPrice, CategoryId, Calories, Availability) values (341, 'felis eu', 316.09, 2, 396.23, true);
insert into Food (FoodId, FoodName, FoodPrice, CategoryId, Calories, Availability) values (342, 'vestibulum sed', 170.36, 1, 7212.93, false);
insert into Food (FoodId, FoodName, FoodPrice, CategoryId, Calories, Availability) values (343, 'semper', 642.26, 3, 5949.75, true);
insert into Food (FoodId, FoodName, FoodPrice, CategoryId, Calories, Availability) values (344, 'cras pellentesque', 641.24, 2, 9966.81, false);
insert into Food (FoodId, FoodName, FoodPrice, CategoryId, Calories, Availability) values (345, 'nisl', 291.58, 3, 7783.36, false);
insert into Food (FoodId, FoodName, FoodPrice, CategoryId, Calories, Availability) values (346, 'nisi volutpat', 180.25, 3, 7803.28, false);
insert into Food (FoodId, FoodName, FoodPrice, CategoryId, Calories, Availability) values (347, 'dolor sit', 407.01, 1, 2254.7, false);
insert into Food (FoodId, FoodName, FoodPrice, CategoryId, Calories, Availability) values (348, 'aliquam', 606.34, 3, 8689.98, true);
insert into Food (FoodId, FoodName, FoodPrice, CategoryId, Calories, Availability) values (349, 'dapibus', 390.41, 3, 190.28, true);
insert into Food (FoodId, FoodName, FoodPrice, CategoryId, Calories, Availability) values (350, 'pretium', 769.14, 2, 4385.22, false);
insert into Food (FoodId, FoodName, FoodPrice, CategoryId, Calories, Availability) values (351, 'tortor', 14.06, 1, 1131.59, false);
insert into Food (FoodId, FoodName, FoodPrice, CategoryId, Calories, Availability) values (352, 'volutpat', 146.18, 3, 8012.8, false);
insert into Food (FoodId, FoodName, FoodPrice, CategoryId, Calories, Availability) values (353, 'augue', 936.69, 3, 3751.29, true);
insert into Food (FoodId, FoodName, FoodPrice, CategoryId, Calories, Availability) values (354, 'pede', 128.6, 3, 4536.93, false);
insert into Food (FoodId, FoodName, FoodPrice, CategoryId, Calories, Availability) values (355, 'massa', 156.57, 1, 5867.33, true);
insert into Food (FoodId, FoodName, FoodPrice, CategoryId, Calories, Availability) values (356, 'sit', 950.86, 1, 9906.71, false);
insert into Food (FoodId, FoodName, FoodPrice, CategoryId, Calories, Availability) values (357, 'dignissim vestibulum', 922.83, 1, 1986.59, false);
insert into Food (FoodId, FoodName, FoodPrice, CategoryId, Calories, Availability) values (358, 'turpis eget', 182.1, 1, 2721.33, true);
insert into Food (FoodId, FoodName, FoodPrice, CategoryId, Calories, Availability) values (359, 'curabitur in', 932.22, 1, 7284.32, false);
insert into Food (FoodId, FoodName, FoodPrice, CategoryId, Calories, Availability) values (360, 'varius', 507.35, 2, 4981.86, true);
insert into Food (FoodId, FoodName, FoodPrice, CategoryId, Calories, Availability) values (361, 'id', 325.91, 3, 4457.13, false);
insert into Food (FoodId, FoodName, FoodPrice, CategoryId, Calories, Availability) values (362, 'odio cras', 228.89, 2, 9658.84, false);
insert into Food (FoodId, FoodName, FoodPrice, CategoryId, Calories, Availability) values (363, 'tempus vel', 523.07, 3, 7894.27, true);
insert into Food (FoodId, FoodName, FoodPrice, CategoryId, Calories, Availability) values (364, 'at velit', 690.65, 3, 8089.5, false);
insert into Food (FoodId, FoodName, FoodPrice, CategoryId, Calories, Availability) values (365, 'odio', 525.6, 3, 3036.79, false);
insert into Food (FoodId, FoodName, FoodPrice, CategoryId, Calories, Availability) values (366, 'ultrices posuere', 777.06, 1, 4419.05, false);
insert into Food (FoodId, FoodName, FoodPrice, CategoryId, Calories, Availability) values (367, 'quis odio', 544.72, 3, 5389.2, true);
insert into Food (FoodId, FoodName, FoodPrice, CategoryId, Calories, Availability) values (368, 'cubilia curae', 522.67, 3, 4859.79, false);
insert into Food (FoodId, FoodName, FoodPrice, CategoryId, Calories, Availability) values (369, 'ornare', 239.07, 2, 1686.93, true);
insert into Food (FoodId, FoodName, FoodPrice, CategoryId, Calories, Availability) values (370, 'cras', 438.25, 3, 3451.26, true);
insert into Food (FoodId, FoodName, FoodPrice, CategoryId, Calories, Availability) values (371, 'nisi', 714.44, 2, 4276.23, false);
insert into Food (FoodId, FoodName, FoodPrice, CategoryId, Calories, Availability) values (372, 'tortor quis', 192.11, 3, 5679.38, true);
insert into Food (FoodId, FoodName, FoodPrice, CategoryId, Calories, Availability) values (373, 'donec ut', 501.43, 1, 5907.6, true);
insert into Food (FoodId, FoodName, FoodPrice, CategoryId, Calories, Availability) values (374, 'lacus at', 692.69, 3, 2637.53, true);
insert into Food (FoodId, FoodName, FoodPrice, CategoryId, Calories, Availability) values (375, 'luctus', 165.5, 2, 9335.28, false);
insert into Food (FoodId, FoodName, FoodPrice, CategoryId, Calories, Availability) values (376, 'tellus in', 707.11, 3, 3089.06, false);
insert into Food (FoodId, FoodName, FoodPrice, CategoryId, Calories, Availability) values (501, 'dis', 0.83, 3, 6527.93, true);
insert into Food (FoodId, FoodName, FoodPrice, CategoryId, Calories, Availability) values (378, 'nullam varius', 431.1, 1, 2938.48, true);
insert into Food (FoodId, FoodName, FoodPrice, CategoryId, Calories, Availability) values (379, 'dapibus duis', 93.71, 3, 1800.5, false);
insert into Food (FoodId, FoodName, FoodPrice, CategoryId, Calories, Availability) values (380, 'ipsum integer', 998.41, 1, 4429.98, true);
insert into Food (FoodId, FoodName, FoodPrice, CategoryId, Calories, Availability) values (381, 'quisque', 583.1, 1, 6235.5, false);
insert into Food (FoodId, FoodName, FoodPrice, CategoryId, Calories, Availability) values (382, 'malesuada in', 885.66, 2, 7106.09, true);
insert into Food (FoodId, FoodName, FoodPrice, CategoryId, Calories, Availability) values (383, 'volutpat dui', 729.74, 2, 2481.8, false);
insert into Food (FoodId, FoodName, FoodPrice, CategoryId, Calories, Availability) values (384, 'pretium', 282.49, 1, 784.73, false);
insert into Food (FoodId, FoodName, FoodPrice, CategoryId, Calories, Availability) values (385, 'morbi', 315.49, 3, 7848.63, false);
insert into Food (FoodId, FoodName, FoodPrice, CategoryId, Calories, Availability) values (386, 'mauris lacinia', 626.78, 2, 1136.09, true);
insert into Food (FoodId, FoodName, FoodPrice, CategoryId, Calories, Availability) values (387, 'integer ac', 637.24, 2, 3570.8, false);
insert into Food (FoodId, FoodName, FoodPrice, CategoryId, Calories, Availability) values (388, 'posuere cubilia', 632.76, 3, 8897.05, true);
insert into Food (FoodId, FoodName, FoodPrice, CategoryId, Calories, Availability) values (389, 'morbi a', 507.8, 3, 5910.85, false);
insert into Food (FoodId, FoodName, FoodPrice, CategoryId, Calories, Availability) values (390, 'imperdiet sapien', 181.67, 3, 4705.64, false);
insert into Food (FoodId, FoodName, FoodPrice, CategoryId, Calories, Availability) values (391, 'ligula', 400.83, 2, 7985.44, false);
insert into Food (FoodId, FoodName, FoodPrice, CategoryId, Calories, Availability) values (392, 'volutpat', 238.55, 3, 6505.63, false);
insert into Food (FoodId, FoodName, FoodPrice, CategoryId, Calories, Availability) values (393, 'quam', 832.85, 2, 1449.3, false);
insert into Food (FoodId, FoodName, FoodPrice, CategoryId, Calories, Availability) values (394, 'nam dui', 370.9, 2, 129.04, true);
insert into Food (FoodId, FoodName, FoodPrice, CategoryId, Calories, Availability) values (395, 'aliquam', 165.85, 1, 5591.8, true);
insert into Food (FoodId, FoodName, FoodPrice, CategoryId, Calories, Availability) values (396, 'libero nullam', 53.73, 1, 3173.19, true);
insert into Food (FoodId, FoodName, FoodPrice, CategoryId, Calories, Availability) values (397, 'id luctus', 238.36, 1, 3354.33, true);
insert into Food (FoodId, FoodName, FoodPrice, CategoryId, Calories, Availability) values (398, 'libero', 283.78, 1, 8213.07, false);
insert into Food (FoodId, FoodName, FoodPrice, CategoryId, Calories, Availability) values (399, 'quam', 110.42, 1, 5411.49, true);
insert into Food (FoodId, FoodName, FoodPrice, CategoryId, Calories, Availability) values (400, 'vitae quam', 906.62, 3, 5472.41, false);
insert into Food (FoodId, FoodName, FoodPrice, CategoryId, Calories, Availability) values (401, 'pulvinar', 200.13, 3, 8363.3, true);
insert into Food (FoodId, FoodName, FoodPrice, CategoryId, Calories, Availability) values (402, 'et', 689.94, 3, 2612.93, false);
insert into Food (FoodId, FoodName, FoodPrice, CategoryId, Calories, Availability) values (403, 'platea dictumst', 594.57, 1, 8627.0, true);
insert into Food (FoodId, FoodName, FoodPrice, CategoryId, Calories, Availability) values (404, 'massa tempor', 193.44, 1, 5807.44, true);
insert into Food (FoodId, FoodName, FoodPrice, CategoryId, Calories, Availability) values (405, 'in congue', 195.63, 1, 5017.01, true);
insert into Food (FoodId, FoodName, FoodPrice, CategoryId, Calories, Availability) values (406, 'nulla nisl', 833.97, 2, 1583.22, true);
insert into Food (FoodId, FoodName, FoodPrice, CategoryId, Calories, Availability) values (407, 'nunc purus', 882.5, 3, 4679.09, false);
insert into Food (FoodId, FoodName, FoodPrice, CategoryId, Calories, Availability) values (408, 'nonummy', 873.29, 1, 2744.38, true);
insert into Food (FoodId, FoodName, FoodPrice, CategoryId, Calories, Availability) values (409, 'consequat', 609.74, 2, 1328.83, true);
insert into Food (FoodId, FoodName, FoodPrice, CategoryId, Calories, Availability) values (410, 'felis', 267.6, 2, 9354.48, true);
insert into Food (FoodId, FoodName, FoodPrice, CategoryId, Calories, Availability) values (411, 'nulla tempus', 807.63, 3, 120.13, false);
insert into Food (FoodId, FoodName, FoodPrice, CategoryId, Calories, Availability) values (412, 'duis', 968.3, 2, 7682.17, false);
insert into Food (FoodId, FoodName, FoodPrice, CategoryId, Calories, Availability) values (413, 'ultrices', 798.06, 3, 6543.1, true);
insert into Food (FoodId, FoodName, FoodPrice, CategoryId, Calories, Availability) values (414, 'vel accumsan', 84.55, 1, 307.96, true);
insert into Food (FoodId, FoodName, FoodPrice, CategoryId, Calories, Availability) values (415, 'lacus morbi', 903.22, 3, 1844.06, false);
insert into Food (FoodId, FoodName, FoodPrice, CategoryId, Calories, Availability) values (416, 'interdum', 695.95, 1, 9633.26, false);
insert into Food (FoodId, FoodName, FoodPrice, CategoryId, Calories, Availability) values (417, 'praesent blandit', 731.06, 1, 1739.5, false);
insert into Food (FoodId, FoodName, FoodPrice, CategoryId, Calories, Availability) values (418, 'vestibulum sed', 267.14, 2, 7112.38, false);
insert into Food (FoodId, FoodName, FoodPrice, CategoryId, Calories, Availability) values (419, 'sed vestibulum', 794.62, 3, 3796.71, false);
insert into Food (FoodId, FoodName, FoodPrice, CategoryId, Calories, Availability) values (420, 'odio', 548.68, 1, 5340.43, true);
insert into Food (FoodId, FoodName, FoodPrice, CategoryId, Calories, Availability) values (421, 'consequat dui', 527.11, 2, 312.75, true);
insert into Food (FoodId, FoodName, FoodPrice, CategoryId, Calories, Availability) values (422, 'aliquet', 604.88, 1, 7269.06, false);
insert into Food (FoodId, FoodName, FoodPrice, CategoryId, Calories, Availability) values (423, 'sed vestibulum', 476.26, 2, 4849.62, true);
insert into Food (FoodId, FoodName, FoodPrice, CategoryId, Calories, Availability) values (424, 'id', 645.65, 2, 712.33, false);
insert into Food (FoodId, FoodName, FoodPrice, CategoryId, Calories, Availability) values (425, 'in sagittis', 165.71, 1, 323.78, true);
insert into Food (FoodId, FoodName, FoodPrice, CategoryId, Calories, Availability) values (426, 'congue elementum', 938.05, 2, 3523.73, true);
insert into Food (FoodId, FoodName, FoodPrice, CategoryId, Calories, Availability) values (427, 'in', 782.87, 2, 5742.15, true);
insert into Food (FoodId, FoodName, FoodPrice, CategoryId, Calories, Availability) values (428, 'eget rutrum', 809.99, 1, 7805.44, true);
insert into Food (FoodId, FoodName, FoodPrice, CategoryId, Calories, Availability) values (429, 'posuere felis', 716.15, 1, 608.26, false);
insert into Food (FoodId, FoodName, FoodPrice, CategoryId, Calories, Availability) values (430, 'enim sit', 104.83, 2, 3887.85, false);
insert into Food (FoodId, FoodName, FoodPrice, CategoryId, Calories, Availability) values (431, 'duis bibendum', 767.18, 1, 5372.56, true);
insert into Food (FoodId, FoodName, FoodPrice, CategoryId, Calories, Availability) values (432, 'justo', 297.54, 3, 2029.13, false);
insert into Food (FoodId, FoodName, FoodPrice, CategoryId, Calories, Availability) values (433, 'amet eleifend', 575.68, 3, 6429.86, false);
insert into Food (FoodId, FoodName, FoodPrice, CategoryId, Calories, Availability) values (434, 'mattis', 819.6, 3, 1363.64, true);
insert into Food (FoodId, FoodName, FoodPrice, CategoryId, Calories, Availability) values (435, 'dapibus nulla', 489.36, 1, 2182.22, true);
insert into Food (FoodId, FoodName, FoodPrice, CategoryId, Calories, Availability) values (436, 'semper', 838.3, 3, 4175.18, true);
insert into Food (FoodId, FoodName, FoodPrice, CategoryId, Calories, Availability) values (437, 'at nunc', 960.87, 2, 3259.2, true);
insert into Food (FoodId, FoodName, FoodPrice, CategoryId, Calories, Availability) values (438, 'id', 171.98, 3, 4456.82, false);
insert into Food (FoodId, FoodName, FoodPrice, CategoryId, Calories, Availability) values (439, 'at diam', 217.77, 1, 3964.97, false);
insert into Food (FoodId, FoodName, FoodPrice, CategoryId, Calories, Availability) values (440, 'odio consequat', 57.84, 2, 7129.47, true);
insert into Food (FoodId, FoodName, FoodPrice, CategoryId, Calories, Availability) values (441, 'vitae', 598.11, 2, 8205.93, true);
insert into Food (FoodId, FoodName, FoodPrice, CategoryId, Calories, Availability) values (442, 'viverra', 560.78, 1, 4839.94, true);
insert into Food (FoodId, FoodName, FoodPrice, CategoryId, Calories, Availability) values (443, 'pretium', 121.05, 1, 2209.3, false);
insert into Food (FoodId, FoodName, FoodPrice, CategoryId, Calories, Availability) values (444, 'risus semper', 650.98, 1, 1075.36, false);
insert into Food (FoodId, FoodName, FoodPrice, CategoryId, Calories, Availability) values (445, 'hac habitasse', 343.99, 2, 8300.18, true);
insert into Food (FoodId, FoodName, FoodPrice, CategoryId, Calories, Availability) values (446, 'sapien non', 121.29, 2, 9740.61, true);
insert into Food (FoodId, FoodName, FoodPrice, CategoryId, Calories, Availability) values (447, 'nullam varius', 684.52, 1, 8124.88, false);
insert into Food (FoodId, FoodName, FoodPrice, CategoryId, Calories, Availability) values (448, 'amet sapien', 419.2, 2, 8085.68, false);
insert into Food (FoodId, FoodName, FoodPrice, CategoryId, Calories, Availability) values (449, 'ultrices', 419.27, 1, 6514.58, true);
insert into Food (FoodId, FoodName, FoodPrice, CategoryId, Calories, Availability) values (450, 'praesent blandit', 900.02, 3, 4943.88, false);
insert into Food (FoodId, FoodName, FoodPrice, CategoryId, Calories, Availability) values (451, 'condimentum', 913.71, 3, 1690.82, false);
insert into Food (FoodId, FoodName, FoodPrice, CategoryId, Calories, Availability) values (452, 'et commodo', 108.6, 1, 362.53, false);
insert into Food (FoodId, FoodName, FoodPrice, CategoryId, Calories, Availability) values (453, 'mauris viverra', 582.79, 2, 2938.44, true);
insert into Food (FoodId, FoodName, FoodPrice, CategoryId, Calories, Availability) values (454, 'augue', 637.51, 2, 3298.2, false);
insert into Food (FoodId, FoodName, FoodPrice, CategoryId, Calories, Availability) values (455, 'pellentesque', 935.1, 2, 4588.62, false);
insert into Food (FoodId, FoodName, FoodPrice, CategoryId, Calories, Availability) values (456, 'ut', 811.84, 1, 892.85, false);
insert into Food (FoodId, FoodName, FoodPrice, CategoryId, Calories, Availability) values (457, 'tellus', 181.19, 2, 7292.57, true);
insert into Food (FoodId, FoodName, FoodPrice, CategoryId, Calories, Availability) values (458, 'semper sapien', 867.26, 3, 4858.62, true);
insert into Food (FoodId, FoodName, FoodPrice, CategoryId, Calories, Availability) values (459, 'lectus', 980.1, 1, 528.19, false);
insert into Food (FoodId, FoodName, FoodPrice, CategoryId, Calories, Availability) values (460, 'quam turpis', 161.63, 2, 9146.21, false);
insert into Food (FoodId, FoodName, FoodPrice, CategoryId, Calories, Availability) values (461, 'sollicitudin', 177.7, 1, 6977.16, true);
insert into Food (FoodId, FoodName, FoodPrice, CategoryId, Calories, Availability) values (462, 'nulla', 641.89, 3, 6246.78, true);
insert into Food (FoodId, FoodName, FoodPrice, CategoryId, Calories, Availability) values (463, 'purus', 581.39, 2, 8162.33, false);
insert into Food (FoodId, FoodName, FoodPrice, CategoryId, Calories, Availability) values (464, 'platea', 729.72, 3, 1997.36, false);
insert into Food (FoodId, FoodName, FoodPrice, CategoryId, Calories, Availability) values (465, 'lacinia erat', 955.74, 2, 7573.9, false);
insert into Food (FoodId, FoodName, FoodPrice, CategoryId, Calories, Availability) values (466, 'lectus aliquam', 107.38, 1, 6005.16, true);
insert into Food (FoodId, FoodName, FoodPrice, CategoryId, Calories, Availability) values (467, 'dictumst', 694.76, 3, 2546.55, false);
insert into Food (FoodId, FoodName, FoodPrice, CategoryId, Calories, Availability) values (468, 'ut', 337.27, 3, 8273.08, true);
insert into Food (FoodId, FoodName, FoodPrice, CategoryId, Calories, Availability) values (469, 'nunc', 903.35, 2, 821.69, true);
insert into Food (FoodId, FoodName, FoodPrice, CategoryId, Calories, Availability) values (470, 'sem praesent', 709.38, 1, 8221.57, true);
insert into Food (FoodId, FoodName, FoodPrice, CategoryId, Calories, Availability) values (471, 'sem', 247.64, 2, 2632.42, true);
insert into Food (FoodId, FoodName, FoodPrice, CategoryId, Calories, Availability) values (472, 'vel', 110.2, 2, 9903.94, false);
insert into Food (FoodId, FoodName, FoodPrice, CategoryId, Calories, Availability) values (473, 'ultrices aliquet', 506.1, 3, 6186.46, false);
insert into Food (FoodId, FoodName, FoodPrice, CategoryId, Calories, Availability) values (474, 'in', 62.7, 1, 6409.85, true);
insert into Food (FoodId, FoodName, FoodPrice, CategoryId, Calories, Availability) values (475, 'sit amet', 326.04, 2, 6320.55, false);
insert into Food (FoodId, FoodName, FoodPrice, CategoryId, Calories, Availability) values (476, 'praesent', 639.06, 1, 8595.73, true);
insert into Food (FoodId, FoodName, FoodPrice, CategoryId, Calories, Availability) values (477, 'rutrum', 596.12, 2, 1808.68, false);
insert into Food (FoodId, FoodName, FoodPrice, CategoryId, Calories, Availability) values (478, 'in faucibus', 345.06, 1, 9302.45, false);
insert into Food (FoodId, FoodName, FoodPrice, CategoryId, Calories, Availability) values (479, 'dictumst', 873.28, 1, 7652.19, false);
insert into Food (FoodId, FoodName, FoodPrice, CategoryId, Calories, Availability) values (480, 'cursus id', 429.6, 1, 5823.36, true);
insert into Food (FoodId, FoodName, FoodPrice, CategoryId, Calories, Availability) values (481, 'blandit lacinia', 299.14, 3, 4075.35, true);
insert into Food (FoodId, FoodName, FoodPrice, CategoryId, Calories, Availability) values (482, 'vel', 346.78, 3, 7694.84, false);
insert into Food (FoodId, FoodName, FoodPrice, CategoryId, Calories, Availability) values (483, 'lorem vitae', 907.6, 2, 6239.03, false);
insert into Food (FoodId, FoodName, FoodPrice, CategoryId, Calories, Availability) values (484, 'quam', 176.29, 1, 2040.71, false);
insert into Food (FoodId, FoodName, FoodPrice, CategoryId, Calories, Availability) values (485, 'a ipsum', 865.22, 1, 9643.41, true);
insert into Food (FoodId, FoodName, FoodPrice, CategoryId, Calories, Availability) values (486, 'primis in', 360.83, 3, 1205.12, false);
insert into Food (FoodId, FoodName, FoodPrice, CategoryId, Calories, Availability) values (487, 'curae donec', 932.74, 3, 6442.05, true);
insert into Food (FoodId, FoodName, FoodPrice, CategoryId, Calories, Availability) values (488, 'id', 256.63, 1, 1762.88, false);
insert into Food (FoodId, FoodName, FoodPrice, CategoryId, Calories, Availability) values (489, 'ante ipsum', 293.86, 3, 7674.89, false);
insert into Food (FoodId, FoodName, FoodPrice, CategoryId, Calories, Availability) values (490, 'ipsum', 976.0, 2, 2233.77, true);
insert into Food (FoodId, FoodName, FoodPrice, CategoryId, Calories, Availability) values (491, 'amet', 834.45, 1, 4861.64, false);
insert into Food (FoodId, FoodName, FoodPrice, CategoryId, Calories, Availability) values (492, 'non lectus', 674.2, 3, 7890.6, false);
insert into Food (FoodId, FoodName, FoodPrice, CategoryId, Calories, Availability) values (493, 'pulvinar lobortis', 2.83, 2, 1136.1, false);
insert into Food (FoodId, FoodName, FoodPrice, CategoryId, Calories, Availability) values (494, 'consequat dui', 583.08, 3, 1929.07, false);
insert into Food (FoodId, FoodName, FoodPrice, CategoryId, Calories, Availability) values (495, 'molestie nibh', 333.02, 2, 7478.5, true);
insert into Food (FoodId, FoodName, FoodPrice, CategoryId, Calories, Availability) values (496, 'dui', 111.24, 3, 1555.58, true);
insert into Food (FoodId, FoodName, FoodPrice, CategoryId, Calories, Availability) values (497, 'pretium iaculis', 961.9, 3, 5137.79, true);
insert into Food (FoodId, FoodName, FoodPrice, CategoryId, Calories, Availability) values (498, 'justo', 343.84, 3, 8328.08, true);
insert into Food (FoodId, FoodName, FoodPrice, CategoryId, Calories, Availability) values (499, 'proin at', 209.4, 1, 518.53, true);
insert into Food (FoodId, FoodName, FoodPrice, CategoryId, Calories, Availability) values (500, 'cursus', 39.57, 1, 1468.25, false);


--MENUFOOD

insert into MenuFood (MenuId, FoodId) values (486, 350);
insert into MenuFood (MenuId, FoodId) values (233, 312);
insert into MenuFood (MenuId, FoodId) values (234, 1);
insert into MenuFood (MenuId, FoodId) values (181, 408);
insert into MenuFood (MenuId, FoodId) values (49, 256);
insert into MenuFood (MenuId, FoodId) values (189, 64);
insert into MenuFood (MenuId, FoodId) values (419, 254);
insert into MenuFood (MenuId, FoodId) values (45, 405);
insert into MenuFood (MenuId, FoodId) values (7, 22);
insert into MenuFood (MenuId, FoodId) values (394, 389);
insert into MenuFood (MenuId, FoodId) values (338, 287);
insert into MenuFood (MenuId, FoodId) values (46, 293);
insert into MenuFood (MenuId, FoodId) values (210, 403);
insert into MenuFood (MenuId, FoodId) values (400, 123);
insert into MenuFood (MenuId, FoodId) values (456, 446);
insert into MenuFood (MenuId, FoodId) values (136, 386);
insert into MenuFood (MenuId, FoodId) values (48, 295);
insert into MenuFood (MenuId, FoodId) values (323, 441);
insert into MenuFood (MenuId, FoodId) values (202, 81);
insert into MenuFood (MenuId, FoodId) values (224, 261);
insert into MenuFood (MenuId, FoodId) values (108, 237);
insert into MenuFood (MenuId, FoodId) values (75, 299);
insert into MenuFood (MenuId, FoodId) values (176, 101);
insert into MenuFood (MenuId, FoodId) values (24, 465);
insert into MenuFood (MenuId, FoodId) values (271, 416);
insert into MenuFood (MenuId, FoodId) values (95, 353);
insert into MenuFood (MenuId, FoodId) values (220, 438);
insert into MenuFood (MenuId, FoodId) values (4, 226);
insert into MenuFood (MenuId, FoodId) values (9, 256);
insert into MenuFood (MenuId, FoodId) values (338, 220);
insert into MenuFood (MenuId, FoodId) values (455, 429);
insert into MenuFood (MenuId, FoodId) values (56, 173);
insert into MenuFood (MenuId, FoodId) values (245, 381);
insert into MenuFood (MenuId, FoodId) values (314, 239);
insert into MenuFood (MenuId, FoodId) values (494, 21);
insert into MenuFood (MenuId, FoodId) values (251, 395);
insert into MenuFood (MenuId, FoodId) values (327, 462);
insert into MenuFood (MenuId, FoodId) values (360, 142);
insert into MenuFood (MenuId, FoodId) values (325, 437);
insert into MenuFood (MenuId, FoodId) values (199, 137);
insert into MenuFood (MenuId, FoodId) values (143, 495);
insert into MenuFood (MenuId, FoodId) values (360, 487);
insert into MenuFood (MenuId, FoodId) values (332, 460);
insert into MenuFood (MenuId, FoodId) values (483, 12);
insert into MenuFood (MenuId, FoodId) values (333, 434);
insert into MenuFood (MenuId, FoodId) values (453, 229);
insert into MenuFood (MenuId, FoodId) values (252, 82);
insert into MenuFood (MenuId, FoodId) values (209, 411);
insert into MenuFood (MenuId, FoodId) values (291, 420);
insert into MenuFood (MenuId, FoodId) values (412, 58);
insert into MenuFood (MenuId, FoodId) values (316, 299);
insert into MenuFood (MenuId, FoodId) values (232, 90);
insert into MenuFood (MenuId, FoodId) values (39, 56);
insert into MenuFood (MenuId, FoodId) values (118, 19);
insert into MenuFood (MenuId, FoodId) values (249, 61);
insert into MenuFood (MenuId, FoodId) values (287, 419);
insert into MenuFood (MenuId, FoodId) values (66, 93);
insert into MenuFood (MenuId, FoodId) values (80, 130);
insert into MenuFood (MenuId, FoodId) values (118, 190);
insert into MenuFood (MenuId, FoodId) values (51, 192);
insert into MenuFood (MenuId, FoodId) values (403, 296);
insert into MenuFood (MenuId, FoodId) values (359, 245);
insert into MenuFood (MenuId, FoodId) values (249, 492);
insert into MenuFood (MenuId, FoodId) values (254, 392);
insert into MenuFood (MenuId, FoodId) values (422, 419);
insert into MenuFood (MenuId, FoodId) values (241, 91);
insert into MenuFood (MenuId, FoodId) values (5, 186);
insert into MenuFood (MenuId, FoodId) values (301, 425);
insert into MenuFood (MenuId, FoodId) values (176, 425);
insert into MenuFood (MenuId, FoodId) values (482, 452);
insert into MenuFood (MenuId, FoodId) values (294, 491);
insert into MenuFood (MenuId, FoodId) values (313, 35);
insert into MenuFood (MenuId, FoodId) values (144, 431);
insert into MenuFood (MenuId, FoodId) values (477, 14);
insert into MenuFood (MenuId, FoodId) values (257, 65);
insert into MenuFood (MenuId, FoodId) values (328, 310);
insert into MenuFood (MenuId, FoodId) values (187, 71);
insert into MenuFood (MenuId, FoodId) values (91, 260);
insert into MenuFood (MenuId, FoodId) values (223, 60);
insert into MenuFood (MenuId, FoodId) values (325, 25);
insert into MenuFood (MenuId, FoodId) values (220, 470);
insert into MenuFood (MenuId, FoodId) values (262, 394);
insert into MenuFood (MenuId, FoodId) values (409, 96);
insert into MenuFood (MenuId, FoodId) values (444, 110);
insert into MenuFood (MenuId, FoodId) values (389, 105);
insert into MenuFood (MenuId, FoodId) values (289, 239);
insert into MenuFood (MenuId, FoodId) values (222, 484);
insert into MenuFood (MenuId, FoodId) values (450, 235);
insert into MenuFood (MenuId, FoodId) values (272, 304);
insert into MenuFood (MenuId, FoodId) values (381, 458);
insert into MenuFood (MenuId, FoodId) values (445, 317);
insert into MenuFood (MenuId, FoodId) values (196, 500);
insert into MenuFood (MenuId, FoodId) values (399, 109);
insert into MenuFood (MenuId, FoodId) values (106, 196);
insert into MenuFood (MenuId, FoodId) values (246, 402);
insert into MenuFood (MenuId, FoodId) values (203, 278);
insert into MenuFood (MenuId, FoodId) values (94, 451);
insert into MenuFood (MenuId, FoodId) values (296, 107);
insert into MenuFood (MenuId, FoodId) values (131, 285);
insert into MenuFood (MenuId, FoodId) values (44, 11);
insert into MenuFood (MenuId, FoodId) values (241, 371);
insert into MenuFood (MenuId, FoodId) values (361, 437);
insert into MenuFood (MenuId, FoodId) values (102, 470);
insert into MenuFood (MenuId, FoodId) values (205, 105);
insert into MenuFood (MenuId, FoodId) values (239, 76);
insert into MenuFood (MenuId, FoodId) values (359, 437);
insert into MenuFood (MenuId, FoodId) values (151, 126);
insert into MenuFood (MenuId, FoodId) values (314, 289);
insert into MenuFood (MenuId, FoodId) values (478, 318);
insert into MenuFood (MenuId, FoodId) values (166, 109);
insert into MenuFood (MenuId, FoodId) values (407, 249);
insert into MenuFood (MenuId, FoodId) values (140, 287);
insert into MenuFood (MenuId, FoodId) values (64, 478);
insert into MenuFood (MenuId, FoodId) values (194, 430);
insert into MenuFood (MenuId, FoodId) values (49, 433);
insert into MenuFood (MenuId, FoodId) values (406, 325);
insert into MenuFood (MenuId, FoodId) values (60, 369);
insert into MenuFood (MenuId, FoodId) values (156, 25);
insert into MenuFood (MenuId, FoodId) values (235, 221);
insert into MenuFood (MenuId, FoodId) values (311, 381);
insert into MenuFood (MenuId, FoodId) values (75, 304);
insert into MenuFood (MenuId, FoodId) values (238, 331);
insert into MenuFood (MenuId, FoodId) values (330, 377);
insert into MenuFood (MenuId, FoodId) values (107, 232);
insert into MenuFood (MenuId, FoodId) values (353, 381);
insert into MenuFood (MenuId, FoodId) values (271, 471);
insert into MenuFood (MenuId, FoodId) values (135, 279);
insert into MenuFood (MenuId, FoodId) values (87, 245);
insert into MenuFood (MenuId, FoodId) values (371, 101);
insert into MenuFood (MenuId, FoodId) values (495, 246);
insert into MenuFood (MenuId, FoodId) values (403, 467);
insert into MenuFood (MenuId, FoodId) values (11, 30);
insert into MenuFood (MenuId, FoodId) values (492, 46);
insert into MenuFood (MenuId, FoodId) values (169, 58);
insert into MenuFood (MenuId, FoodId) values (234, 213);
insert into MenuFood (MenuId, FoodId) values (389, 198);
insert into MenuFood (MenuId, FoodId) values (430, 88);
insert into MenuFood (MenuId, FoodId) values (438, 371);
insert into MenuFood (MenuId, FoodId) values (302, 491);
insert into MenuFood (MenuId, FoodId) values (406, 66);
insert into MenuFood (MenuId, FoodId) values (356, 404);
insert into MenuFood (MenuId, FoodId) values (396, 223);
insert into MenuFood (MenuId, FoodId) values (357, 63);
insert into MenuFood (MenuId, FoodId) values (448, 77);
insert into MenuFood (MenuId, FoodId) values (495, 385);
insert into MenuFood (MenuId, FoodId) values (51, 113);
insert into MenuFood (MenuId, FoodId) values (475, 476);
insert into MenuFood (MenuId, FoodId) values (396, 219);
insert into MenuFood (MenuId, FoodId) values (84, 155);
insert into MenuFood (MenuId, FoodId) values (133, 97);
insert into MenuFood (MenuId, FoodId) values (2, 395);
insert into MenuFood (MenuId, FoodId) values (495, 302);
insert into MenuFood (MenuId, FoodId) values (302, 465);
insert into MenuFood (MenuId, FoodId) values (442, 125);
insert into MenuFood (MenuId, FoodId) values (466, 451);
insert into MenuFood (MenuId, FoodId) values (126, 453);
insert into MenuFood (MenuId, FoodId) values (348, 41);
insert into MenuFood (MenuId, FoodId) values (152, 453);
insert into MenuFood (MenuId, FoodId) values (144, 434);
insert into MenuFood (MenuId, FoodId) values (320, 102);
insert into MenuFood (MenuId, FoodId) values (347, 74);
insert into MenuFood (MenuId, FoodId) values (213, 205);
insert into MenuFood (MenuId, FoodId) values (198, 60);
insert into MenuFood (MenuId, FoodId) values (49, 301);
insert into MenuFood (MenuId, FoodId) values (216, 158);
insert into MenuFood (MenuId, FoodId) values (436, 445);
insert into MenuFood (MenuId, FoodId) values (154, 277);
insert into MenuFood (MenuId, FoodId) values (250, 440);
insert into MenuFood (MenuId, FoodId) values (271, 303);
insert into MenuFood (MenuId, FoodId) values (13, 343);
insert into MenuFood (MenuId, FoodId) values (125, 266);
insert into MenuFood (MenuId, FoodId) values (208, 224);
insert into MenuFood (MenuId, FoodId) values (343, 185);
insert into MenuFood (MenuId, FoodId) values (2, 486);
insert into MenuFood (MenuId, FoodId) values (394, 114);
insert into MenuFood (MenuId, FoodId) values (353, 361);
insert into MenuFood (MenuId, FoodId) values (308, 369);
insert into MenuFood (MenuId, FoodId) values (21, 412);
insert into MenuFood (MenuId, FoodId) values (339, 10);
insert into MenuFood (MenuId, FoodId) values (28, 438);
insert into MenuFood (MenuId, FoodId) values (129, 127);
insert into MenuFood (MenuId, FoodId) values (450, 311);
insert into MenuFood (MenuId, FoodId) values (204, 346);
insert into MenuFood (MenuId, FoodId) values (18, 261);
insert into MenuFood (MenuId, FoodId) values (16, 295);
insert into MenuFood (MenuId, FoodId) values (428, 84);
insert into MenuFood (MenuId, FoodId) values (471, 216);
insert into MenuFood (MenuId, FoodId) values (325, 24);
insert into MenuFood (MenuId, FoodId) values (123, 156);
insert into MenuFood (MenuId, FoodId) values (55, 436);
insert into MenuFood (MenuId, FoodId) values (224, 140);
insert into MenuFood (MenuId, FoodId) values (495, 135);
insert into MenuFood (MenuId, FoodId) values (254, 59);
insert into MenuFood (MenuId, FoodId) values (334, 305);
insert into MenuFood (MenuId, FoodId) values (80, 269);
insert into MenuFood (MenuId, FoodId) values (226, 364);
insert into MenuFood (MenuId, FoodId) values (327, 143);
insert into MenuFood (MenuId, FoodId) values (333, 124);
insert into MenuFood (MenuId, FoodId) values (298, 485);
insert into MenuFood (MenuId, FoodId) values (28, 52);
insert into MenuFood (MenuId, FoodId) values (465, 32);
insert into MenuFood (MenuId, FoodId) values (325, 126);
insert into MenuFood (MenuId, FoodId) values (216, 305);
insert into MenuFood (MenuId, FoodId) values (140, 274);
insert into MenuFood (MenuId, FoodId) values (2, 119);
insert into MenuFood (MenuId, FoodId) values (109, 223);
insert into MenuFood (MenuId, FoodId) values (328, 293);
insert into MenuFood (MenuId, FoodId) values (338, 223);
insert into MenuFood (MenuId, FoodId) values (229, 495);
insert into MenuFood (MenuId, FoodId) values (113, 42);
insert into MenuFood (MenuId, FoodId) values (189, 251);
insert into MenuFood (MenuId, FoodId) values (357, 137);
insert into MenuFood (MenuId, FoodId) values (378, 299);
insert into MenuFood (MenuId, FoodId) values (123, 396);
insert into MenuFood (MenuId, FoodId) values (177, 319);
insert into MenuFood (MenuId, FoodId) values (495, 164);
insert into MenuFood (MenuId, FoodId) values (226, 100);
insert into MenuFood (MenuId, FoodId) values (223, 212);
insert into MenuFood (MenuId, FoodId) values (444, 485);
insert into MenuFood (MenuId, FoodId) values (111, 209);
insert into MenuFood (MenuId, FoodId) values (114, 121);
insert into MenuFood (MenuId, FoodId) values (285, 489);
insert into MenuFood (MenuId, FoodId) values (314, 141);
insert into MenuFood (MenuId, FoodId) values (335, 470);
insert into MenuFood (MenuId, FoodId) values (319, 345);
insert into MenuFood (MenuId, FoodId) values (70, 264);
insert into MenuFood (MenuId, FoodId) values (123, 26);
insert into MenuFood (MenuId, FoodId) values (412, 340);
insert into MenuFood (MenuId, FoodId) values (8, 149);
insert into MenuFood (MenuId, FoodId) values (54, 497);
insert into MenuFood (MenuId, FoodId) values (99, 170);
insert into MenuFood (MenuId, FoodId) values (393, 237);
insert into MenuFood (MenuId, FoodId) values (490, 293);
insert into MenuFood (MenuId, FoodId) values (41, 76);
insert into MenuFood (MenuId, FoodId) values (62, 385);
insert into MenuFood (MenuId, FoodId) values (238, 4);
insert into MenuFood (MenuId, FoodId) values (153, 268);
insert into MenuFood (MenuId, FoodId) values (1, 370);
insert into MenuFood (MenuId, FoodId) values (297, 404);
insert into MenuFood (MenuId, FoodId) values (418, 255);
insert into MenuFood (MenuId, FoodId) values (79, 227);
insert into MenuFood (MenuId, FoodId) values (289, 174);
insert into MenuFood (MenuId, FoodId) values (358, 132);
insert into MenuFood (MenuId, FoodId) values (105, 306);
insert into MenuFood (MenuId, FoodId) values (492, 285);
insert into MenuFood (MenuId, FoodId) values (413, 407);
insert into MenuFood (MenuId, FoodId) values (452, 57);
insert into MenuFood (MenuId, FoodId) values (130, 482);
insert into MenuFood (MenuId, FoodId) values (497, 99);
insert into MenuFood (MenuId, FoodId) values (159, 5);
insert into MenuFood (MenuId, FoodId) values (392, 170);
insert into MenuFood (MenuId, FoodId) values (260, 245);
insert into MenuFood (MenuId, FoodId) values (306, 192);
insert into MenuFood (MenuId, FoodId) values (210, 381);
insert into MenuFood (MenuId, FoodId) values (187, 404);
insert into MenuFood (MenuId, FoodId) values (467, 194);
insert into MenuFood (MenuId, FoodId) values (308, 178);
insert into MenuFood (MenuId, FoodId) values (53, 342);
insert into MenuFood (MenuId, FoodId) values (352, 337);
insert into MenuFood (MenuId, FoodId) values (481, 259);
insert into MenuFood (MenuId, FoodId) values (90, 327);
insert into MenuFood (MenuId, FoodId) values (344, 266);
insert into MenuFood (MenuId, FoodId) values (82, 450);
insert into MenuFood (MenuId, FoodId) values (317, 477);
insert into MenuFood (MenuId, FoodId) values (98, 129);
insert into MenuFood (MenuId, FoodId) values (476, 51);
insert into MenuFood (MenuId, FoodId) values (175, 458);
insert into MenuFood (MenuId, FoodId) values (187, 244);
insert into MenuFood (MenuId, FoodId) values (257, 426);
insert into MenuFood (MenuId, FoodId) values (30, 468);
insert into MenuFood (MenuId, FoodId) values (363, 285);
insert into MenuFood (MenuId, FoodId) values (293, 328);
insert into MenuFood (MenuId, FoodId) values (464, 121);
insert into MenuFood (MenuId, FoodId) values (210, 431);
insert into MenuFood (MenuId, FoodId) values (90, 106);
insert into MenuFood (MenuId, FoodId) values (411, 89);
insert into MenuFood (MenuId, FoodId) values (347, 435);
insert into MenuFood (MenuId, FoodId) values (367, 410);
insert into MenuFood (MenuId, FoodId) values (272, 183);
insert into MenuFood (MenuId, FoodId) values (138, 133);
insert into MenuFood (MenuId, FoodId) values (349, 424);
insert into MenuFood (MenuId, FoodId) values (159, 153);
insert into MenuFood (MenuId, FoodId) values (311, 393);
insert into MenuFood (MenuId, FoodId) values (397, 489);
insert into MenuFood (MenuId, FoodId) values (50, 442);
insert into MenuFood (MenuId, FoodId) values (449, 395);
insert into MenuFood (MenuId, FoodId) values (368, 328);
insert into MenuFood (MenuId, FoodId) values (207, 179);
insert into MenuFood (MenuId, FoodId) values (491, 54);
insert into MenuFood (MenuId, FoodId) values (446, 320);
insert into MenuFood (MenuId, FoodId) values (304, 71);
insert into MenuFood (MenuId, FoodId) values (53, 317);
insert into MenuFood (MenuId, FoodId) values (194, 29);
insert into MenuFood (MenuId, FoodId) values (75, 231);
insert into MenuFood (MenuId, FoodId) values (353, 261);
insert into MenuFood (MenuId, FoodId) values (500, 79);
insert into MenuFood (MenuId, FoodId) values (325, 159);
insert into MenuFood (MenuId, FoodId) values (68, 316);
insert into MenuFood (MenuId, FoodId) values (216, 115);
insert into MenuFood (MenuId, FoodId) values (286, 86);
insert into MenuFood (MenuId, FoodId) values (353, 115);
insert into MenuFood (MenuId, FoodId) values (111, 399);
insert into MenuFood (MenuId, FoodId) values (126, 368);
insert into MenuFood (MenuId, FoodId) values (390, 270);
insert into MenuFood (MenuId, FoodId) values (128, 273);
insert into MenuFood (MenuId, FoodId) values (53, 336);
insert into MenuFood (MenuId, FoodId) values (342, 324);
insert into MenuFood (MenuId, FoodId) values (229, 456);
insert into MenuFood (MenuId, FoodId) values (462, 146);
insert into MenuFood (MenuId, FoodId) values (41, 155);
insert into MenuFood (MenuId, FoodId) values (17, 72);
insert into MenuFood (MenuId, FoodId) values (178, 354);
insert into MenuFood (MenuId, FoodId) values (390, 178);
insert into MenuFood (MenuId, FoodId) values (216, 102);
insert into MenuFood (MenuId, FoodId) values (361, 189);
insert into MenuFood (MenuId, FoodId) values (228, 443);
insert into MenuFood (MenuId, FoodId) values (155, 326);
insert into MenuFood (MenuId, FoodId) values (72, 69);
insert into MenuFood (MenuId, FoodId) values (302, 211);
insert into MenuFood (MenuId, FoodId) values (394, 124);
insert into MenuFood (MenuId, FoodId) values (470, 316);
insert into MenuFood (MenuId, FoodId) values (422, 221);
insert into MenuFood (MenuId, FoodId) values (489, 129);
insert into MenuFood (MenuId, FoodId) values (11, 257);
insert into MenuFood (MenuId, FoodId) values (370, 287);
insert into MenuFood (MenuId, FoodId) values (388, 44);
insert into MenuFood (MenuId, FoodId) values (324, 111);
insert into MenuFood (MenuId, FoodId) values (439, 476);
insert into MenuFood (MenuId, FoodId) values (365, 341);
insert into MenuFood (MenuId, FoodId) values (136, 105);
insert into MenuFood (MenuId, FoodId) values (435, 206);
insert into MenuFood (MenuId, FoodId) values (121, 322);
insert into MenuFood (MenuId, FoodId) values (350, 234);
insert into MenuFood (MenuId, FoodId) values (165, 23);
insert into MenuFood (MenuId, FoodId) values (208, 296);
insert into MenuFood (MenuId, FoodId) values (445, 384);
insert into MenuFood (MenuId, FoodId) values (88, 242);
insert into MenuFood (MenuId, FoodId) values (130, 295);
insert into MenuFood (MenuId, FoodId) values (352, 293);
insert into MenuFood (MenuId, FoodId) values (474, 150);
insert into MenuFood (MenuId, FoodId) values (197, 349);
insert into MenuFood (MenuId, FoodId) values (458, 60);
insert into MenuFood (MenuId, FoodId) values (29, 248);
insert into MenuFood (MenuId, FoodId) values (57, 488);
insert into MenuFood (MenuId, FoodId) values (80, 303);
insert into MenuFood (MenuId, FoodId) values (290, 432);
insert into MenuFood (MenuId, FoodId) values (332, 356);
insert into MenuFood (MenuId, FoodId) values (237, 274);
insert into MenuFood (MenuId, FoodId) values (276, 293);
insert into MenuFood (MenuId, FoodId) values (109, 443);
insert into MenuFood (MenuId, FoodId) values (142, 379);
insert into MenuFood (MenuId, FoodId) values (309, 63);
insert into MenuFood (MenuId, FoodId) values (284, 329);
insert into MenuFood (MenuId, FoodId) values (276, 17);
insert into MenuFood (MenuId, FoodId) values (425, 243);
insert into MenuFood (MenuId, FoodId) values (487, 95);
insert into MenuFood (MenuId, FoodId) values (467, 286);
insert into MenuFood (MenuId, FoodId) values (377, 370);
insert into MenuFood (MenuId, FoodId) values (404, 484);
insert into MenuFood (MenuId, FoodId) values (284, 396);
insert into MenuFood (MenuId, FoodId) values (23, 122);
insert into MenuFood (MenuId, FoodId) values (82, 141);
insert into MenuFood (MenuId, FoodId) values (211, 276);
insert into MenuFood (MenuId, FoodId) values (360, 321);
insert into MenuFood (MenuId, FoodId) values (304, 367);
insert into MenuFood (MenuId, FoodId) values (223, 353);
insert into MenuFood (MenuId, FoodId) values (495, 354);
insert into MenuFood (MenuId, FoodId) values (368, 472);
insert into MenuFood (MenuId, FoodId) values (378, 2);
insert into MenuFood (MenuId, FoodId) values (416, 286);
insert into MenuFood (MenuId, FoodId) values (12, 462);
insert into MenuFood (MenuId, FoodId) values (282, 15);
insert into MenuFood (MenuId, FoodId) values (167, 200);
insert into MenuFood (MenuId, FoodId) values (72, 315);
insert into MenuFood (MenuId, FoodId) values (21, 353);
insert into MenuFood (MenuId, FoodId) values (268, 491);
insert into MenuFood (MenuId, FoodId) values (74, 296);
insert into MenuFood (MenuId, FoodId) values (263, 357);
insert into MenuFood (MenuId, FoodId) values (289, 460);
insert into MenuFood (MenuId, FoodId) values (8, 197);
insert into MenuFood (MenuId, FoodId) values (420, 138);
insert into MenuFood (MenuId, FoodId) values (265, 468);
insert into MenuFood (MenuId, FoodId) values (491, 182);
insert into MenuFood (MenuId, FoodId) values (293, 289);
insert into MenuFood (MenuId, FoodId) values (253, 169);
insert into MenuFood (MenuId, FoodId) values (486, 461);
insert into MenuFood (MenuId, FoodId) values (79, 294);
insert into MenuFood (MenuId, FoodId) values (290, 205);
insert into MenuFood (MenuId, FoodId) values (108, 421);
insert into MenuFood (MenuId, FoodId) values (229, 378);
insert into MenuFood (MenuId, FoodId) values (176, 433);
insert into MenuFood (MenuId, FoodId) values (485, 181);
insert into MenuFood (MenuId, FoodId) values (227, 443);
insert into MenuFood (MenuId, FoodId) values (98, 85);
insert into MenuFood (MenuId, FoodId) values (426, 194);
insert into MenuFood (MenuId, FoodId) values (42, 446);
insert into MenuFood (MenuId, FoodId) values (114, 310);
insert into MenuFood (MenuId, FoodId) values (36, 97);
insert into MenuFood (MenuId, FoodId) values (384, 69);
insert into MenuFood (MenuId, FoodId) values (378, 43);
insert into MenuFood (MenuId, FoodId) values (179, 345);
insert into MenuFood (MenuId, FoodId) values (496, 122);
insert into MenuFood (MenuId, FoodId) values (247, 497);
insert into MenuFood (MenuId, FoodId) values (481, 453);
insert into MenuFood (MenuId, FoodId) values (190, 57);
insert into MenuFood (MenuId, FoodId) values (92, 483);
insert into MenuFood (MenuId, FoodId) values (23, 277);
insert into MenuFood (MenuId, FoodId) values (130, 447);
insert into MenuFood (MenuId, FoodId) values (1, 488);
insert into MenuFood (MenuId, FoodId) values (218, 109);
insert into MenuFood (MenuId, FoodId) values (323, 220);
insert into MenuFood (MenuId, FoodId) values (311, 417);
insert into MenuFood (MenuId, FoodId) values (294, 263);
insert into MenuFood (MenuId, FoodId) values (6, 321);
insert into MenuFood (MenuId, FoodId) values (77, 195);
insert into MenuFood (MenuId, FoodId) values (459, 129);
insert into MenuFood (MenuId, FoodId) values (445, 483);
insert into MenuFood (MenuId, FoodId) values (386, 395);
insert into MenuFood (MenuId, FoodId) values (479, 447);
insert into MenuFood (MenuId, FoodId) values (17, 114);
insert into MenuFood (MenuId, FoodId) values (375, 96);
insert into MenuFood (MenuId, FoodId) values (80, 345);
insert into MenuFood (MenuId, FoodId) values (427, 61);
insert into MenuFood (MenuId, FoodId) values (42, 434);
insert into MenuFood (MenuId, FoodId) values (12, 124);
insert into MenuFood (MenuId, FoodId) values (92, 170);
insert into MenuFood (MenuId, FoodId) values (213, 426);
insert into MenuFood (MenuId, FoodId) values (37, 452);
insert into MenuFood (MenuId, FoodId) values (128, 19);
insert into MenuFood (MenuId, FoodId) values (55, 63);
insert into MenuFood (MenuId, FoodId) values (450, 261);
insert into MenuFood (MenuId, FoodId) values (161, 36);
insert into MenuFood (MenuId, FoodId) values (348, 261);
insert into MenuFood (MenuId, FoodId) values (467, 398);
insert into MenuFood (MenuId, FoodId) values (332, 473);
insert into MenuFood (MenuId, FoodId) values (27, 178);
insert into MenuFood (MenuId, FoodId) values (263, 104);
insert into MenuFood (MenuId, FoodId) values (107, 427);
insert into MenuFood (MenuId, FoodId) values (107, 332);
insert into MenuFood (MenuId, FoodId) values (420, 58);
insert into MenuFood (MenuId, FoodId) values (163, 318);
insert into MenuFood (MenuId, FoodId) values (128, 420);
insert into MenuFood (MenuId, FoodId) values (436, 326);
insert into MenuFood (MenuId, FoodId) values (165, 319);
insert into MenuFood (MenuId, FoodId) values (434, 349);
insert into MenuFood (MenuId, FoodId) values (155, 427);
insert into MenuFood (MenuId, FoodId) values (282, 59);
insert into MenuFood (MenuId, FoodId) values (346, 54);
insert into MenuFood (MenuId, FoodId) values (246, 187);
insert into MenuFood (MenuId, FoodId) values (147, 370);
insert into MenuFood (MenuId, FoodId) values (273, 23);
insert into MenuFood (MenuId, FoodId) values (300, 497);
insert into MenuFood (MenuId, FoodId) values (394, 419);
insert into MenuFood (MenuId, FoodId) values (146, 86);
insert into MenuFood (MenuId, FoodId) values (416, 492);
insert into MenuFood (MenuId, FoodId) values (437, 30);
insert into MenuFood (MenuId, FoodId) values (486, 411);
insert into MenuFood (MenuId, FoodId) values (87, 70);
insert into MenuFood (MenuId, FoodId) values (246, 486);
insert into MenuFood (MenuId, FoodId) values (231, 207);
insert into MenuFood (MenuId, FoodId) values (26, 388);
insert into MenuFood (MenuId, FoodId) values (195, 5);
insert into MenuFood (MenuId, FoodId) values (69, 144);
insert into MenuFood (MenuId, FoodId) values (465, 56);
insert into MenuFood (MenuId, FoodId) values (288, 339);
insert into MenuFood (MenuId, FoodId) values (420, 215);
insert into MenuFood (MenuId, FoodId) values (474, 178);
insert into MenuFood (MenuId, FoodId) values (119, 402);
insert into MenuFood (MenuId, FoodId) values (38, 321);
insert into MenuFood (MenuId, FoodId) values (38, 256);
insert into MenuFood (MenuId, FoodId) values (212, 274);
insert into MenuFood (MenuId, FoodId) values (375, 231);
insert into MenuFood (MenuId, FoodId) values (343, 416);
insert into MenuFood (MenuId, FoodId) values (423, 303);
insert into MenuFood (MenuId, FoodId) values (141, 97);
insert into MenuFood (MenuId, FoodId) values (472, 383);
insert into MenuFood (MenuId, FoodId) values (285, 235);
insert into MenuFood (MenuId, FoodId) values (324, 289);
insert into MenuFood (MenuId, FoodId) values (445, 248);
insert into MenuFood (MenuId, FoodId) values (167, 15);
insert into MenuFood (MenuId, FoodId) values (190, 101);
insert into MenuFood (MenuId, FoodId) values (76, 154);
insert into MenuFood (MenuId, FoodId) values (267, 272);
insert into MenuFood (MenuId, FoodId) values (483, 154);
insert into MenuFood (MenuId, FoodId) values (68, 172);
insert into MenuFood (MenuId, FoodId) values (314, 454);
insert into MenuFood (MenuId, FoodId) values (238, 146);
insert into MenuFood (MenuId, FoodId) values (195, 119);
insert into MenuFood (MenuId, FoodId) values (179, 389);
insert into MenuFood (MenuId, FoodId) values (120, 101);
insert into MenuFood (MenuId, FoodId) values (94, 350);
insert into MenuFood (MenuId, FoodId) values (167, 218);
insert into MenuFood (MenuId, FoodId) values (367, 117);
insert into MenuFood (MenuId, FoodId) values (407, 36);
insert into MenuFood (MenuId, FoodId) values (215, 379);
insert into MenuFood (MenuId, FoodId) values (138, 283);
insert into MenuFood (MenuId, FoodId) values (238, 351);
insert into MenuFood (MenuId, FoodId) values (324, 154);
insert into MenuFood (MenuId, FoodId) values (226, 89);
insert into MenuFood (MenuId, FoodId) values (341, 311);
insert into MenuFood (MenuId, FoodId) values (484, 395);
insert into MenuFood (MenuId, FoodId) values (427, 284);
insert into MenuFood (MenuId, FoodId) values (16, 82);
insert into MenuFood (MenuId, FoodId) values (400, 360);
insert into MenuFood (MenuId, FoodId) values (287, 361);
insert into MenuFood (MenuId, FoodId) values (272, 271);
insert into MenuFood (MenuId, FoodId) values (270, 206);
insert into MenuFood (MenuId, FoodId) values (249, 394);
insert into MenuFood (MenuId, FoodId) values (491, 6);
insert into MenuFood (MenuId, FoodId) values (44, 363);
insert into MenuFood (MenuId, FoodId) values (45, 307);
insert into MenuFood (MenuId, FoodId) values (233, 348);
insert into MenuFood (MenuId, FoodId) values (41, 203);
insert into MenuFood (MenuId, FoodId) values (115, 50);
insert into MenuFood (MenuId, FoodId) values (52, 439);
insert into MenuFood (MenuId, FoodId) values (471, 39);
insert into MenuFood (MenuId, FoodId) values (290, 426);
insert into MenuFood (MenuId, FoodId) values (188, 257);
insert into MenuFood (MenuId, FoodId) values (391, 34);
insert into MenuFood (MenuId, FoodId) values (412, 406);
insert into MenuFood (MenuId, FoodId) values (272, 481);
insert into MenuFood (MenuId, FoodId) values (353, 139);
insert into MenuFood (MenuId, FoodId) values (307, 204);
insert into MenuFood (MenuId, FoodId) values (242, 367);
insert into MenuFood (MenuId, FoodId) values (422, 311);
insert into MenuFood (MenuId, FoodId) values (376, 424);
insert into MenuFood (MenuId, FoodId) values (327, 248);
insert into MenuFood (MenuId, FoodId) values (296, 343);
insert into MenuFood (MenuId, FoodId) values (137, 157);
insert into MenuFood (MenuId, FoodId) values (65, 435);
insert into MenuFood (MenuId, FoodId) values (57, 75);
insert into MenuFood (MenuId, FoodId) values (215, 9);
insert into MenuFood (MenuId, FoodId) values (166, 190);
insert into MenuFood (MenuId, FoodId) values (132, 355);
insert into MenuFood (MenuId, FoodId) values (182, 428);
insert into MenuFood (MenuId, FoodId) values (422, 61);
insert into MenuFood (MenuId, FoodId) values (394, 274);
insert into MenuFood (MenuId, FoodId) values (204, 69);
insert into MenuFood (MenuId, FoodId) values (46, 44);
insert into MenuFood (MenuId, FoodId) values (122, 210);
insert into MenuFood (MenuId, FoodId) values (349, 294);
insert into MenuFood (MenuId, FoodId) values (96, 243);
insert into MenuFood (MenuId, FoodId) values (313, 417);
insert into MenuFood (MenuId, FoodId) values (66, 417);
insert into MenuFood (MenuId, FoodId) values (156, 5);
insert into MenuFood (MenuId, FoodId) values (337, 4);
insert into MenuFood (MenuId, FoodId) values (333, 255);
insert into MenuFood (MenuId, FoodId) values (340, 269);
insert into MenuFood (MenuId, FoodId) values (231, 426);
insert into MenuFood (MenuId, FoodId) values (232, 125);
insert into MenuFood (MenuId, FoodId) values (18, 455);
insert into MenuFood (MenuId, FoodId) values (20, 332);
insert into MenuFood (MenuId, FoodId) values (103, 239);
insert into MenuFood (MenuId, FoodId) values (155, 309);
insert into MenuFood (MenuId, FoodId) values (3, 56);
insert into MenuFood (MenuId, FoodId) values (395, 324);
insert into MenuFood (MenuId, FoodId) values (380, 307);
insert into MenuFood (MenuId, FoodId) values (152, 292);
insert into MenuFood (MenuId, FoodId) values (477, 408);
insert into MenuFood (MenuId, FoodId) values (391, 265);
insert into MenuFood (MenuId, FoodId) values (104, 17);
insert into MenuFood (MenuId, FoodId) values (282, 165);
insert into MenuFood (MenuId, FoodId) values (267, 29);
insert into MenuFood (MenuId, FoodId) values (440, 341);
insert into MenuFood (MenuId, FoodId) values (226, 445);
insert into MenuFood (MenuId, FoodId) values (243, 445);
insert into MenuFood (MenuId, FoodId) values (166, 126);
insert into MenuFood (MenuId, FoodId) values (254, 88);
insert into MenuFood (MenuId, FoodId) values (256, 354);
insert into MenuFood (MenuId, FoodId) values (2, 184);
insert into MenuFood (MenuId, FoodId) values (204, 419);
insert into MenuFood (MenuId, FoodId) values (375, 24);
insert into MenuFood (MenuId, FoodId) values (82, 158);
insert into MenuFood (MenuId, FoodId) values (290, 65);
insert into MenuFood (MenuId, FoodId) values (46, 341);
insert into MenuFood (MenuId, FoodId) values (52, 473);
insert into MenuFood (MenuId, FoodId) values (200, 485);
insert into MenuFood (MenuId, FoodId) values (112, 484);
insert into MenuFood (MenuId, FoodId) values (140, 178);
insert into MenuFood (MenuId, FoodId) values (156, 341);
insert into MenuFood (MenuId, FoodId) values (341, 487);
insert into MenuFood (MenuId, FoodId) values (297, 342);
insert into MenuFood (MenuId, FoodId) values (86, 107);
insert into MenuFood (MenuId, FoodId) values (75, 164);
insert into MenuFood (MenuId, FoodId) values (240, 364);
insert into MenuFood (MenuId, FoodId) values (485, 451);
insert into MenuFood (MenuId, FoodId) values (95, 184);
insert into MenuFood (MenuId, FoodId) values (145, 401);
insert into MenuFood (MenuId, FoodId) values (278, 180);
insert into MenuFood (MenuId, FoodId) values (243, 408);
insert into MenuFood (MenuId, FoodId) values (63, 271);
insert into MenuFood (MenuId, FoodId) values (220, 45);
insert into MenuFood (MenuId, FoodId) values (272, 420);
insert into MenuFood (MenuId, FoodId) values (174, 138);
insert into MenuFood (MenuId, FoodId) values (22, 110);
insert into MenuFood (MenuId, FoodId) values (199, 32);
insert into MenuFood (MenuId, FoodId) values (322, 188);
insert into MenuFood (MenuId, FoodId) values (126, 139);
insert into MenuFood (MenuId, FoodId) values (325, 461);
insert into MenuFood (MenuId, FoodId) values (480, 307);
insert into MenuFood (MenuId, FoodId) values (425, 355);
insert into MenuFood (MenuId, FoodId) values (409, 345);
insert into MenuFood (MenuId, FoodId) values (201, 458);
insert into MenuFood (MenuId, FoodId) values (16, 17);
insert into MenuFood (MenuId, FoodId) values (422, 129);
insert into MenuFood (MenuId, FoodId) values (277, 49);
insert into MenuFood (MenuId, FoodId) values (318, 321);
insert into MenuFood (MenuId, FoodId) values (42, 449);
insert into MenuFood (MenuId, FoodId) values (225, 414);
insert into MenuFood (MenuId, FoodId) values (47, 319);
insert into MenuFood (MenuId, FoodId) values (103, 111);
insert into MenuFood (MenuId, FoodId) values (464, 44);
insert into MenuFood (MenuId, FoodId) values (136, 478);
insert into MenuFood (MenuId, FoodId) values (85, 384);
insert into MenuFood (MenuId, FoodId) values (329, 97);
insert into MenuFood (MenuId, FoodId) values (500, 440);
insert into MenuFood (MenuId, FoodId) values (344, 383);
insert into MenuFood (MenuId, FoodId) values (287, 283);
insert into MenuFood (MenuId, FoodId) values (173, 97);
insert into MenuFood (MenuId, FoodId) values (331, 460);
insert into MenuFood (MenuId, FoodId) values (468, 40);
insert into MenuFood (MenuId, FoodId) values (33, 342);
insert into MenuFood (MenuId, FoodId) values (173, 84);
insert into MenuFood (MenuId, FoodId) values (7, 471);
insert into MenuFood (MenuId, FoodId) values (323, 329);
insert into MenuFood (MenuId, FoodId) values (22, 495);
insert into MenuFood (MenuId, FoodId) values (223, 277);
insert into MenuFood (MenuId, FoodId) values (30, 159);
insert into MenuFood (MenuId, FoodId) values (256, 106);
insert into MenuFood (MenuId, FoodId) values (480, 152);
insert into MenuFood (MenuId, FoodId) values (469, 494);
insert into MenuFood (MenuId, FoodId) values (232, 160);
insert into MenuFood (MenuId, FoodId) values (68, 164);
insert into MenuFood (MenuId, FoodId) values (104, 478);
insert into MenuFood (MenuId, FoodId) values (490, 350);
insert into MenuFood (MenuId, FoodId) values (78, 353);
insert into MenuFood (MenuId, FoodId) values (134, 230);
insert into MenuFood (MenuId, FoodId) values (439, 278);
insert into MenuFood (MenuId, FoodId) values (240, 261);
insert into MenuFood (MenuId, FoodId) values (152, 192);
insert into MenuFood (MenuId, FoodId) values (246, 146);
insert into MenuFood (MenuId, FoodId) values (490, 145);
insert into MenuFood (MenuId, FoodId) values (127, 427);
insert into MenuFood (MenuId, FoodId) values (3, 274);
insert into MenuFood (MenuId, FoodId) values (348, 365);
insert into MenuFood (MenuId, FoodId) values (367, 241);
insert into MenuFood (MenuId, FoodId) values (24, 186);
insert into MenuFood (MenuId, FoodId) values (304, 459);
insert into MenuFood (MenuId, FoodId) values (373, 225);
insert into MenuFood (MenuId, FoodId) values (80, 415);
insert into MenuFood (MenuId, FoodId) values (94, 28);
insert into MenuFood (MenuId, FoodId) values (22, 131);
insert into MenuFood (MenuId, FoodId) values (87, 446);
insert into MenuFood (MenuId, FoodId) values (357, 141);
insert into MenuFood (MenuId, FoodId) values (314, 268);
insert into MenuFood (MenuId, FoodId) values (106, 127);
insert into MenuFood (MenuId, FoodId) values (400, 471);
insert into MenuFood (MenuId, FoodId) values (453, 164);
insert into MenuFood (MenuId, FoodId) values (366, 97);
insert into MenuFood (MenuId, FoodId) values (20, 150);
insert into MenuFood (MenuId, FoodId) values (442, 262);
insert into MenuFood (MenuId, FoodId) values (89, 469);
insert into MenuFood (MenuId, FoodId) values (456, 119);
insert into MenuFood (MenuId, FoodId) values (200, 145);
insert into MenuFood (MenuId, FoodId) values (171, 362);
insert into MenuFood (MenuId, FoodId) values (163, 247);
insert into MenuFood (MenuId, FoodId) values (488, 486);
insert into MenuFood (MenuId, FoodId) values (131, 259);
insert into MenuFood (MenuId, FoodId) values (149, 62);
insert into MenuFood (MenuId, FoodId) values (61, 75);
insert into MenuFood (MenuId, FoodId) values (397, 19);
insert into MenuFood (MenuId, FoodId) values (369, 267);
insert into MenuFood (MenuId, FoodId) values (287, 229);
insert into MenuFood (MenuId, FoodId) values (413, 247);
insert into MenuFood (MenuId, FoodId) values (346, 417);
insert into MenuFood (MenuId, FoodId) values (270, 197);
insert into MenuFood (MenuId, FoodId) values (242, 470);
insert into MenuFood (MenuId, FoodId) values (124, 104);
insert into MenuFood (MenuId, FoodId) values (440, 479);
insert into MenuFood (MenuId, FoodId) values (28, 437);
insert into MenuFood (MenuId, FoodId) values (274, 376);
insert into MenuFood (MenuId, FoodId) values (186, 284);
insert into MenuFood (MenuId, FoodId) values (420, 485);
insert into MenuFood (MenuId, FoodId) values (449, 134);
insert into MenuFood (MenuId, FoodId) values (23, 276);
insert into MenuFood (MenuId, FoodId) values (308, 237);
insert into MenuFood (MenuId, FoodId) values (166, 409);
insert into MenuFood (MenuId, FoodId) values (6, 29);
insert into MenuFood (MenuId, FoodId) values (352, 10);
insert into MenuFood (MenuId, FoodId) values (271, 358);
insert into MenuFood (MenuId, FoodId) values (89, 326);
insert into MenuFood (MenuId, FoodId) values (38, 381);
insert into MenuFood (MenuId, FoodId) values (408, 357);
insert into MenuFood (MenuId, FoodId) values (159, 344);
insert into MenuFood (MenuId, FoodId) values (228, 35);
insert into MenuFood (MenuId, FoodId) values (136, 45);
insert into MenuFood (MenuId, FoodId) values (492, 433);

--restaurants
insert into Restaurants (RestaurantId, RestaurantName, Capacity, CityId, MenuId) values (1, 'quis', 40, 402, 101);
insert into Restaurants (RestaurantId, RestaurantName, Capacity, CityId, MenuId) values (2, 'dapibus nulla', 46, 7, 33);
insert into Restaurants (RestaurantId, RestaurantName, Capacity, CityId, MenuId) values (3, 'ut', 43, 363, 101);
insert into Restaurants (RestaurantId, RestaurantName, Capacity, CityId, MenuId) values (4, 'et ultrices', 46, 331, 59);
insert into Restaurants (RestaurantId, RestaurantName, Capacity, CityId, MenuId) values (5, 'vulputate', 38, 229, 337);
insert into Restaurants (RestaurantId, RestaurantName, Capacity, CityId, MenuId) values (6, 'vivamus', 24, 376, 205);
insert into Restaurants (RestaurantId, RestaurantName, Capacity, CityId, MenuId) values (7, 'mus', 14, 265, 340);
insert into Restaurants (RestaurantId, RestaurantName, Capacity, CityId, MenuId) values (8, 'diam', 36, 133, 316);
insert into Restaurants (RestaurantId, RestaurantName, Capacity, CityId, MenuId) values (9, 'congue', 41, 210, 107);
insert into Restaurants (RestaurantId, RestaurantName, Capacity, CityId, MenuId) values (10, 'eget vulputate', 38, 324, 115);
insert into Restaurants (RestaurantId, RestaurantName, Capacity, CityId, MenuId) values (11, 'aliquam quis', 43, 60, 58);
insert into Restaurants (RestaurantId, RestaurantName, Capacity, CityId, MenuId) values (12, 'vel', 46, 374, 366);
insert into Restaurants (RestaurantId, RestaurantName, Capacity, CityId, MenuId) values (13, 'semper', 27, 280, 170);
insert into Restaurants (RestaurantId, RestaurantName, Capacity, CityId, MenuId) values (14, 'enim blandit', 22, 49, 22);
insert into Restaurants (RestaurantId, RestaurantName, Capacity, CityId, MenuId) values (15, 'elit', 45, 329, 41);
insert into Restaurants (RestaurantId, RestaurantName, Capacity, CityId, MenuId) values (16, 'non', 34, 338, 446);
insert into Restaurants (RestaurantId, RestaurantName, Capacity, CityId, MenuId) values (17, 'tellus', 31, 214, 218);
insert into Restaurants (RestaurantId, RestaurantName, Capacity, CityId, MenuId) values (18, 'interdum eu', 45, 11, 145);
insert into Restaurants (RestaurantId, RestaurantName, Capacity, CityId, MenuId) values (19, 'tempor turpis', 4, 129, 245);
insert into Restaurants (RestaurantId, RestaurantName, Capacity, CityId, MenuId) values (20, 'turpis a', 46, 220, 329);
insert into Restaurants (RestaurantId, RestaurantName, Capacity, CityId, MenuId) values (21, 'ante', 10, 31, 326);
insert into Restaurants (RestaurantId, RestaurantName, Capacity, CityId, MenuId) values (22, 'vivamus vel', 41, 295, 481);
insert into Restaurants (RestaurantId, RestaurantName, Capacity, CityId, MenuId) values (23, 'nulla', 30, 222, 372);
insert into Restaurants (RestaurantId, RestaurantName, Capacity, CityId, MenuId) values (24, 'luctus ultricies', 31, 119, 94);
insert into Restaurants (RestaurantId, RestaurantName, Capacity, CityId, MenuId) values (25, 'magnis dis', 36, 296, 65);
insert into Restaurants (RestaurantId, RestaurantName, Capacity, CityId, MenuId) values (26, 'ante', 30, 427, 221);
insert into Restaurants (RestaurantId, RestaurantName, Capacity, CityId, MenuId) values (27, 'lobortis', 1, 78, 103);
insert into Restaurants (RestaurantId, RestaurantName, Capacity, CityId, MenuId) values (28, 'purus phasellus', 4, 479, 341);
insert into Restaurants (RestaurantId, RestaurantName, Capacity, CityId, MenuId) values (29, 'odio donec', 27, 354, 174);
insert into Restaurants (RestaurantId, RestaurantName, Capacity, CityId, MenuId) values (30, 'aliquam', 38, 486, 288);
insert into Restaurants (RestaurantId, RestaurantName, Capacity, CityId, MenuId) values (31, 'at', 27, 434, 72);
insert into Restaurants (RestaurantId, RestaurantName, Capacity, CityId, MenuId) values (32, 'sapien', 47, 339, 205);
insert into Restaurants (RestaurantId, RestaurantName, Capacity, CityId, MenuId) values (33, 'platea dictumst', 10, 347, 8);
insert into Restaurants (RestaurantId, RestaurantName, Capacity, CityId, MenuId) values (34, 'neque aenean', 23, 25, 403);
insert into Restaurants (RestaurantId, RestaurantName, Capacity, CityId, MenuId) values (35, 'proin interdum', 38, 312, 270);
insert into Restaurants (RestaurantId, RestaurantName, Capacity, CityId, MenuId) values (36, 'vitae', 8, 157, 244);
insert into Restaurants (RestaurantId, RestaurantName, Capacity, CityId, MenuId) values (37, 'consectetuer', 21, 88, 374);
insert into Restaurants (RestaurantId, RestaurantName, Capacity, CityId, MenuId) values (38, 'gravida', 32, 398, 44);
insert into Restaurants (RestaurantId, RestaurantName, Capacity, CityId, MenuId) values (39, 'amet', 35, 418, 53);
insert into Restaurants (RestaurantId, RestaurantName, Capacity, CityId, MenuId) values (40, 'hendrerit', 12, 229, 238);
insert into Restaurants (RestaurantId, RestaurantName, Capacity, CityId, MenuId) values (41, 'in magna', 36, 71, 356);
insert into Restaurants (RestaurantId, RestaurantName, Capacity, CityId, MenuId) values (42, 'quam', 25, 390, 377);
insert into Restaurants (RestaurantId, RestaurantName, Capacity, CityId, MenuId) values (43, 'duis at', 9, 275, 195);
insert into Restaurants (RestaurantId, RestaurantName, Capacity, CityId, MenuId) values (44, 'mauris', 25, 244, 189);
insert into Restaurants (RestaurantId, RestaurantName, Capacity, CityId, MenuId) values (45, 'phasellus sit', 22, 193, 187);
insert into Restaurants (RestaurantId, RestaurantName, Capacity, CityId, MenuId) values (46, 'faucibus orci', 42, 151, 398);
insert into Restaurants (RestaurantId, RestaurantName, Capacity, CityId, MenuId) values (47, 'vitae nisl', 6, 340, 54);
insert into Restaurants (RestaurantId, RestaurantName, Capacity, CityId, MenuId) values (48, 'consectetuer adipiscing', 45, 150, 208);
insert into Restaurants (RestaurantId, RestaurantName, Capacity, CityId, MenuId) values (49, 'porttitor lorem', 18, 147, 226);
insert into Restaurants (RestaurantId, RestaurantName, Capacity, CityId, MenuId) values (50, 'curabitur', 12, 300, 277);
insert into Restaurants (RestaurantId, RestaurantName, Capacity, CityId, MenuId) values (51, 'elit', 15, 485, 55);
insert into Restaurants (RestaurantId, RestaurantName, Capacity, CityId, MenuId) values (52, 'phasellus in', 18, 497, 144);
insert into Restaurants (RestaurantId, RestaurantName, Capacity, CityId, MenuId) values (53, 'maecenas ut', 26, 150, 261);
insert into Restaurants (RestaurantId, RestaurantName, Capacity, CityId, MenuId) values (54, 'massa tempor', 36, 5, 310);
insert into Restaurants (RestaurantId, RestaurantName, Capacity, CityId, MenuId) values (55, 'erat', 12, 449, 289);
insert into Restaurants (RestaurantId, RestaurantName, Capacity, CityId, MenuId) values (56, 'ultrices mattis', 4, 281, 61);
insert into Restaurants (RestaurantId, RestaurantName, Capacity, CityId, MenuId) values (57, 'in', 5, 180, 332);
insert into Restaurants (RestaurantId, RestaurantName, Capacity, CityId, MenuId) values (58, 'volutpat', 8, 134, 25);
insert into Restaurants (RestaurantId, RestaurantName, Capacity, CityId, MenuId) values (59, 'ut tellus', 45, 467, 198);
insert into Restaurants (RestaurantId, RestaurantName, Capacity, CityId, MenuId) values (60, 'nibh in', 10, 494, 451);
insert into Restaurants (RestaurantId, RestaurantName, Capacity, CityId, MenuId) values (61, 'accumsan', 41, 73, 92);
insert into Restaurants (RestaurantId, RestaurantName, Capacity, CityId, MenuId) values (62, 'tristique est', 3, 491, 23);
insert into Restaurants (RestaurantId, RestaurantName, Capacity, CityId, MenuId) values (63, 'sed nisl', 4, 147, 99);
insert into Restaurants (RestaurantId, RestaurantName, Capacity, CityId, MenuId) values (64, 'ultrices posuere', 35, 388, 183);
insert into Restaurants (RestaurantId, RestaurantName, Capacity, CityId, MenuId) values (65, 'in', 12, 86, 223);
insert into Restaurants (RestaurantId, RestaurantName, Capacity, CityId, MenuId) values (66, 'dui proin', 7, 239, 335);
insert into Restaurants (RestaurantId, RestaurantName, Capacity, CityId, MenuId) values (67, 'venenatis', 19, 201, 177);
insert into Restaurants (RestaurantId, RestaurantName, Capacity, CityId, MenuId) values (68, 'consectetuer', 48, 12, 81);
insert into Restaurants (RestaurantId, RestaurantName, Capacity, CityId, MenuId) values (69, 'in tempor', 9, 24, 203);
insert into Restaurants (RestaurantId, RestaurantName, Capacity, CityId, MenuId) values (70, 'quam', 40, 29, 108);
insert into Restaurants (RestaurantId, RestaurantName, Capacity, CityId, MenuId) values (71, 'pede', 9, 307, 230);
insert into Restaurants (RestaurantId, RestaurantName, Capacity, CityId, MenuId) values (72, 'eget congue', 5, 371, 146);
insert into Restaurants (RestaurantId, RestaurantName, Capacity, CityId, MenuId) values (73, 'ipsum', 24, 401, 99);
insert into Restaurants (RestaurantId, RestaurantName, Capacity, CityId, MenuId) values (74, 'viverra pede', 29, 432, 176);
insert into Restaurants (RestaurantId, RestaurantName, Capacity, CityId, MenuId) values (75, 'cursus', 50, 419, 89);
insert into Restaurants (RestaurantId, RestaurantName, Capacity, CityId, MenuId) values (76, 'pellentesque quisque', 22, 444, 414);
insert into Restaurants (RestaurantId, RestaurantName, Capacity, CityId, MenuId) values (77, 'nulla pede', 4, 188, 254);
insert into Restaurants (RestaurantId, RestaurantName, Capacity, CityId, MenuId) values (78, 'ultrices', 31, 428, 202);
insert into Restaurants (RestaurantId, RestaurantName, Capacity, CityId, MenuId) values (79, 'quis justo', 22, 162, 42);
insert into Restaurants (RestaurantId, RestaurantName, Capacity, CityId, MenuId) values (80, 'mi', 44, 40, 384);
insert into Restaurants (RestaurantId, RestaurantName, Capacity, CityId, MenuId) values (81, 'potenti', 41, 206, 20);
insert into Restaurants (RestaurantId, RestaurantName, Capacity, CityId, MenuId) values (82, 'nisl aenean', 23, 293, 219);
insert into Restaurants (RestaurantId, RestaurantName, Capacity, CityId, MenuId) values (83, 'suscipit nulla', 42, 210, 41);
insert into Restaurants (RestaurantId, RestaurantName, Capacity, CityId, MenuId) values (84, 'lectus', 21, 12, 405);
insert into Restaurants (RestaurantId, RestaurantName, Capacity, CityId, MenuId) values (85, 'libero convallis', 25, 214, 414);
insert into Restaurants (RestaurantId, RestaurantName, Capacity, CityId, MenuId) values (86, 'sit amet', 13, 231, 344);
insert into Restaurants (RestaurantId, RestaurantName, Capacity, CityId, MenuId) values (87, 'sodales', 5, 24, 477);
insert into Restaurants (RestaurantId, RestaurantName, Capacity, CityId, MenuId) values (88, 'faucibus', 50, 63, 9);
insert into Restaurants (RestaurantId, RestaurantName, Capacity, CityId, MenuId) values (89, 'rhoncus aliquam', 3, 392, 460);
insert into Restaurants (RestaurantId, RestaurantName, Capacity, CityId, MenuId) values (90, 'id mauris', 24, 332, 364);
insert into Restaurants (RestaurantId, RestaurantName, Capacity, CityId, MenuId) values (91, 'vivamus', 29, 335, 174);
insert into Restaurants (RestaurantId, RestaurantName, Capacity, CityId, MenuId) values (92, 'nulla', 27, 183, 435);
insert into Restaurants (RestaurantId, RestaurantName, Capacity, CityId, MenuId) values (93, 'aliquet pulvinar', 27, 237, 103);
insert into Restaurants (RestaurantId, RestaurantName, Capacity, CityId, MenuId) values (94, 'sapien', 49, 229, 386);
insert into Restaurants (RestaurantId, RestaurantName, Capacity, CityId, MenuId) values (95, 'sapien arcu', 47, 348, 79);
insert into Restaurants (RestaurantId, RestaurantName, Capacity, CityId, MenuId) values (96, 'nam ultrices', 30, 235, 451);
insert into Restaurants (RestaurantId, RestaurantName, Capacity, CityId, MenuId) values (97, 'duis ac', 23, 60, 393);
insert into Restaurants (RestaurantId, RestaurantName, Capacity, CityId, MenuId) values (98, 'tortor risus', 46, 231, 188);
insert into Restaurants (RestaurantId, RestaurantName, Capacity, CityId, MenuId) values (99, 'rutrum at', 13, 2, 71);
insert into Restaurants (RestaurantId, RestaurantName, Capacity, CityId, MenuId) values (100, 'nisi', 3, 343, 179);
insert into Restaurants (RestaurantId, RestaurantName, Capacity, CityId, MenuId) values (101, 'lectus pellentesque', 44, 24, 158);
insert into Restaurants (RestaurantId, RestaurantName, Capacity, CityId, MenuId) values (102, 'est donec', 7, 416, 330);
insert into Restaurants (RestaurantId, RestaurantName, Capacity, CityId, MenuId) values (103, 'luctus', 42, 321, 151);
insert into Restaurants (RestaurantId, RestaurantName, Capacity, CityId, MenuId) values (104, 'ipsum', 20, 500, 323);
insert into Restaurants (RestaurantId, RestaurantName, Capacity, CityId, MenuId) values (105, 'cras in', 3, 458, 410);
insert into Restaurants (RestaurantId, RestaurantName, Capacity, CityId, MenuId) values (106, 'ante ipsum', 33, 391, 161);
insert into Restaurants (RestaurantId, RestaurantName, Capacity, CityId, MenuId) values (107, 'ultrices', 47, 182, 260);
insert into Restaurants (RestaurantId, RestaurantName, Capacity, CityId, MenuId) values (108, 'suspendisse ornare', 46, 3, 500);
insert into Restaurants (RestaurantId, RestaurantName, Capacity, CityId, MenuId) values (109, 'sollicitudin', 41, 121, 262);
insert into Restaurants (RestaurantId, RestaurantName, Capacity, CityId, MenuId) values (110, 'id', 8, 461, 104);
insert into Restaurants (RestaurantId, RestaurantName, Capacity, CityId, MenuId) values (111, 'leo odio', 43, 201, 462);
insert into Restaurants (RestaurantId, RestaurantName, Capacity, CityId, MenuId) values (112, 'libero', 5, 406, 445);
insert into Restaurants (RestaurantId, RestaurantName, Capacity, CityId, MenuId) values (113, 'ipsum primis', 22, 8, 484);
insert into Restaurants (RestaurantId, RestaurantName, Capacity, CityId, MenuId) values (114, 'tincidunt', 41, 391, 316);
insert into Restaurants (RestaurantId, RestaurantName, Capacity, CityId, MenuId) values (115, 'integer', 20, 41, 498);
insert into Restaurants (RestaurantId, RestaurantName, Capacity, CityId, MenuId) values (116, 'pede', 44, 65, 19);
insert into Restaurants (RestaurantId, RestaurantName, Capacity, CityId, MenuId) values (117, 'interdum', 4, 243, 429);
insert into Restaurants (RestaurantId, RestaurantName, Capacity, CityId, MenuId) values (118, 'primis', 15, 62, 64);
insert into Restaurants (RestaurantId, RestaurantName, Capacity, CityId, MenuId) values (119, 'velit', 16, 266, 183);
insert into Restaurants (RestaurantId, RestaurantName, Capacity, CityId, MenuId) values (120, 'eget rutrum', 41, 475, 384);
insert into Restaurants (RestaurantId, RestaurantName, Capacity, CityId, MenuId) values (121, 'porttitor', 1, 127, 275);
insert into Restaurants (RestaurantId, RestaurantName, Capacity, CityId, MenuId) values (122, 'quam sollicitudin', 41, 231, 422);
insert into Restaurants (RestaurantId, RestaurantName, Capacity, CityId, MenuId) values (123, 'ante nulla', 17, 293, 312);
insert into Restaurants (RestaurantId, RestaurantName, Capacity, CityId, MenuId) values (124, 'duis', 13, 397, 183);
insert into Restaurants (RestaurantId, RestaurantName, Capacity, CityId, MenuId) values (125, 'proin risus', 19, 494, 498);
insert into Restaurants (RestaurantId, RestaurantName, Capacity, CityId, MenuId) values (126, 'odio odio', 7, 241, 56);
insert into Restaurants (RestaurantId, RestaurantName, Capacity, CityId, MenuId) values (127, 'platea', 27, 495, 158);
insert into Restaurants (RestaurantId, RestaurantName, Capacity, CityId, MenuId) values (128, 'vel', 18, 202, 101);
insert into Restaurants (RestaurantId, RestaurantName, Capacity, CityId, MenuId) values (129, 'duis', 14, 232, 377);
insert into Restaurants (RestaurantId, RestaurantName, Capacity, CityId, MenuId) values (130, 'lorem integer', 28, 102, 151);
insert into Restaurants (RestaurantId, RestaurantName, Capacity, CityId, MenuId) values (131, 'turpis', 8, 282, 83);
insert into Restaurants (RestaurantId, RestaurantName, Capacity, CityId, MenuId) values (132, 'mi integer', 35, 380, 105);
insert into Restaurants (RestaurantId, RestaurantName, Capacity, CityId, MenuId) values (133, 'sit amet', 7, 257, 1);
insert into Restaurants (RestaurantId, RestaurantName, Capacity, CityId, MenuId) values (134, 'sit', 37, 291, 101);
insert into Restaurants (RestaurantId, RestaurantName, Capacity, CityId, MenuId) values (135, 'ac', 25, 152, 414);
insert into Restaurants (RestaurantId, RestaurantName, Capacity, CityId, MenuId) values (136, 'magnis dis', 16, 271, 18);
insert into Restaurants (RestaurantId, RestaurantName, Capacity, CityId, MenuId) values (137, 'interdum', 33, 119, 49);
insert into Restaurants (RestaurantId, RestaurantName, Capacity, CityId, MenuId) values (138, 'lacinia erat', 30, 292, 213);
insert into Restaurants (RestaurantId, RestaurantName, Capacity, CityId, MenuId) values (139, 'rhoncus', 29, 440, 398);
insert into Restaurants (RestaurantId, RestaurantName, Capacity, CityId, MenuId) values (140, 'a', 10, 394, 373);
insert into Restaurants (RestaurantId, RestaurantName, Capacity, CityId, MenuId) values (141, 'lacinia', 5, 149, 308);
insert into Restaurants (RestaurantId, RestaurantName, Capacity, CityId, MenuId) values (142, 'eleifend', 16, 120, 396);
insert into Restaurants (RestaurantId, RestaurantName, Capacity, CityId, MenuId) values (143, 'blandit lacinia', 8, 18, 280);
insert into Restaurants (RestaurantId, RestaurantName, Capacity, CityId, MenuId) values (144, 'integer ac', 26, 327, 319);
insert into Restaurants (RestaurantId, RestaurantName, Capacity, CityId, MenuId) values (145, 'nisl duis', 17, 223, 460);
insert into Restaurants (RestaurantId, RestaurantName, Capacity, CityId, MenuId) values (146, 'mi', 32, 351, 81);
insert into Restaurants (RestaurantId, RestaurantName, Capacity, CityId, MenuId) values (147, 'suspendisse ornare', 48, 17, 33);
insert into Restaurants (RestaurantId, RestaurantName, Capacity, CityId, MenuId) values (148, 'tortor sollicitudin', 33, 462, 160);
insert into Restaurants (RestaurantId, RestaurantName, Capacity, CityId, MenuId) values (149, 'ipsum', 24, 437, 352);
insert into Restaurants (RestaurantId, RestaurantName, Capacity, CityId, MenuId) values (150, 'dui', 37, 467, 4);
insert into Restaurants (RestaurantId, RestaurantName, Capacity, CityId, MenuId) values (151, 'augue', 5, 330, 498);
insert into Restaurants (RestaurantId, RestaurantName, Capacity, CityId, MenuId) values (152, 'et ultrices', 14, 144, 271);
insert into Restaurants (RestaurantId, RestaurantName, Capacity, CityId, MenuId) values (153, 'justo', 36, 454, 124);
insert into Restaurants (RestaurantId, RestaurantName, Capacity, CityId, MenuId) values (154, 'eros', 23, 468, 96);
insert into Restaurants (RestaurantId, RestaurantName, Capacity, CityId, MenuId) values (155, 'ut', 27, 378, 294);
insert into Restaurants (RestaurantId, RestaurantName, Capacity, CityId, MenuId) values (156, 'aliquet', 7, 225, 199);
insert into Restaurants (RestaurantId, RestaurantName, Capacity, CityId, MenuId) values (157, 'nam', 20, 331, 299);
insert into Restaurants (RestaurantId, RestaurantName, Capacity, CityId, MenuId) values (158, 'faucibus', 30, 115, 22);
insert into Restaurants (RestaurantId, RestaurantName, Capacity, CityId, MenuId) values (159, 'iaculis', 28, 342, 351);
insert into Restaurants (RestaurantId, RestaurantName, Capacity, CityId, MenuId) values (160, 'nulla', 24, 472, 155);
insert into Restaurants (RestaurantId, RestaurantName, Capacity, CityId, MenuId) values (161, 'velit', 8, 191, 434);
insert into Restaurants (RestaurantId, RestaurantName, Capacity, CityId, MenuId) values (162, 'et', 3, 114, 434);
insert into Restaurants (RestaurantId, RestaurantName, Capacity, CityId, MenuId) values (163, 'a', 43, 347, 385);
insert into Restaurants (RestaurantId, RestaurantName, Capacity, CityId, MenuId) values (164, 'in', 41, 469, 37);
insert into Restaurants (RestaurantId, RestaurantName, Capacity, CityId, MenuId) values (165, 'aenean auctor', 23, 192, 69);
insert into Restaurants (RestaurantId, RestaurantName, Capacity, CityId, MenuId) values (166, 'tincidunt', 32, 409, 240);
insert into Restaurants (RestaurantId, RestaurantName, Capacity, CityId, MenuId) values (167, 'in', 44, 227, 13);
insert into Restaurants (RestaurantId, RestaurantName, Capacity, CityId, MenuId) values (168, 'tellus semper', 25, 188, 481);
insert into Restaurants (RestaurantId, RestaurantName, Capacity, CityId, MenuId) values (169, 'tincidunt lacus', 22, 37, 147);
insert into Restaurants (RestaurantId, RestaurantName, Capacity, CityId, MenuId) values (170, 'maecenas pulvinar', 3, 377, 107);
insert into Restaurants (RestaurantId, RestaurantName, Capacity, CityId, MenuId) values (171, 'sed', 12, 15, 22);
insert into Restaurants (RestaurantId, RestaurantName, Capacity, CityId, MenuId) values (172, 'donec', 47, 7, 399);
insert into Restaurants (RestaurantId, RestaurantName, Capacity, CityId, MenuId) values (173, 'cras', 24, 46, 461);
insert into Restaurants (RestaurantId, RestaurantName, Capacity, CityId, MenuId) values (174, 'tristique', 33, 95, 249);
insert into Restaurants (RestaurantId, RestaurantName, Capacity, CityId, MenuId) values (175, 'ligula suspendisse', 16, 220, 283);
insert into Restaurants (RestaurantId, RestaurantName, Capacity, CityId, MenuId) values (176, 'ultrices vel', 26, 399, 369);
insert into Restaurants (RestaurantId, RestaurantName, Capacity, CityId, MenuId) values (177, 'et', 36, 485, 381);
insert into Restaurants (RestaurantId, RestaurantName, Capacity, CityId, MenuId) values (178, 'nisl nunc', 40, 402, 267);
insert into Restaurants (RestaurantId, RestaurantName, Capacity, CityId, MenuId) values (179, 'dolor vel', 37, 497, 338);
insert into Restaurants (RestaurantId, RestaurantName, Capacity, CityId, MenuId) values (180, 'fusce congue', 14, 463, 129);
insert into Restaurants (RestaurantId, RestaurantName, Capacity, CityId, MenuId) values (181, 'tortor', 13, 122, 309);
insert into Restaurants (RestaurantId, RestaurantName, Capacity, CityId, MenuId) values (182, 'duis', 7, 328, 318);
insert into Restaurants (RestaurantId, RestaurantName, Capacity, CityId, MenuId) values (183, 'diam', 44, 109, 375);
insert into Restaurants (RestaurantId, RestaurantName, Capacity, CityId, MenuId) values (184, 'sapien iaculis', 50, 252, 86);
insert into Restaurants (RestaurantId, RestaurantName, Capacity, CityId, MenuId) values (185, 'ut odio', 48, 415, 147);
insert into Restaurants (RestaurantId, RestaurantName, Capacity, CityId, MenuId) values (186, 'diam', 38, 43, 361);
insert into Restaurants (RestaurantId, RestaurantName, Capacity, CityId, MenuId) values (187, 'odio', 46, 397, 45);
insert into Restaurants (RestaurantId, RestaurantName, Capacity, CityId, MenuId) values (188, 'sit amet', 14, 181, 268);
insert into Restaurants (RestaurantId, RestaurantName, Capacity, CityId, MenuId) values (189, 'mauris', 32, 277, 200);
insert into Restaurants (RestaurantId, RestaurantName, Capacity, CityId, MenuId) values (190, 'ut', 47, 315, 104);
insert into Restaurants (RestaurantId, RestaurantName, Capacity, CityId, MenuId) values (191, 'risus', 20, 108, 217);
insert into Restaurants (RestaurantId, RestaurantName, Capacity, CityId, MenuId) values (192, 'augue', 41, 85, 365);
insert into Restaurants (RestaurantId, RestaurantName, Capacity, CityId, MenuId) values (193, 'sit amet', 37, 392, 269);
insert into Restaurants (RestaurantId, RestaurantName, Capacity, CityId, MenuId) values (194, 'urna', 26, 388, 238);
insert into Restaurants (RestaurantId, RestaurantName, Capacity, CityId, MenuId) values (195, 'faucibus orci', 39, 100, 361);
insert into Restaurants (RestaurantId, RestaurantName, Capacity, CityId, MenuId) values (196, 'in', 8, 129, 366);
insert into Restaurants (RestaurantId, RestaurantName, Capacity, CityId, MenuId) values (197, 'parturient montes', 49, 156, 193);
insert into Restaurants (RestaurantId, RestaurantName, Capacity, CityId, MenuId) values (198, 'sit amet', 39, 317, 452);
insert into Restaurants (RestaurantId, RestaurantName, Capacity, CityId, MenuId) values (199, 'libero ut', 4, 175, 442);
insert into Restaurants (RestaurantId, RestaurantName, Capacity, CityId, MenuId) values (200, 'sollicitudin', 43, 333, 450);
insert into Restaurants (RestaurantId, RestaurantName, Capacity, CityId, MenuId) values (201, 'porta volutpat', 18, 200, 286);
insert into Restaurants (RestaurantId, RestaurantName, Capacity, CityId, MenuId) values (202, 'leo', 50, 343, 454);
insert into Restaurants (RestaurantId, RestaurantName, Capacity, CityId, MenuId) values (203, 'in quis', 43, 144, 304);
insert into Restaurants (RestaurantId, RestaurantName, Capacity, CityId, MenuId) values (204, 'tempus', 41, 393, 260);
insert into Restaurants (RestaurantId, RestaurantName, Capacity, CityId, MenuId) values (205, 'aliquam', 25, 190, 254);
insert into Restaurants (RestaurantId, RestaurantName, Capacity, CityId, MenuId) values (206, 'lobortis vel', 24, 219, 148);
insert into Restaurants (RestaurantId, RestaurantName, Capacity, CityId, MenuId) values (207, 'nullam orci', 23, 38, 11);
insert into Restaurants (RestaurantId, RestaurantName, Capacity, CityId, MenuId) values (208, 'sociis natoque', 49, 41, 440);
insert into Restaurants (RestaurantId, RestaurantName, Capacity, CityId, MenuId) values (209, 'nam congue', 46, 295, 76);
insert into Restaurants (RestaurantId, RestaurantName, Capacity, CityId, MenuId) values (210, 'ut', 47, 419, 81);
insert into Restaurants (RestaurantId, RestaurantName, Capacity, CityId, MenuId) values (211, 'ligula', 11, 467, 164);
insert into Restaurants (RestaurantId, RestaurantName, Capacity, CityId, MenuId) values (212, 'feugiat non', 21, 35, 369);
insert into Restaurants (RestaurantId, RestaurantName, Capacity, CityId, MenuId) values (213, 'sapien dignissim', 21, 146, 94);
insert into Restaurants (RestaurantId, RestaurantName, Capacity, CityId, MenuId) values (214, 'justo', 9, 18, 267);
insert into Restaurants (RestaurantId, RestaurantName, Capacity, CityId, MenuId) values (215, 'amet', 49, 187, 463);
insert into Restaurants (RestaurantId, RestaurantName, Capacity, CityId, MenuId) values (216, 'aenean auctor', 45, 457, 453);
insert into Restaurants (RestaurantId, RestaurantName, Capacity, CityId, MenuId) values (217, 'purus phasellus', 16, 64, 340);
insert into Restaurants (RestaurantId, RestaurantName, Capacity, CityId, MenuId) values (218, 'eros', 26, 143, 359);
insert into Restaurants (RestaurantId, RestaurantName, Capacity, CityId, MenuId) values (219, 'suscipit nulla', 48, 342, 373);
insert into Restaurants (RestaurantId, RestaurantName, Capacity, CityId, MenuId) values (220, 'nam', 5, 64, 255);
insert into Restaurants (RestaurantId, RestaurantName, Capacity, CityId, MenuId) values (221, 'praesent', 35, 24, 254);
insert into Restaurants (RestaurantId, RestaurantName, Capacity, CityId, MenuId) values (222, 'turpis', 18, 138, 145);
insert into Restaurants (RestaurantId, RestaurantName, Capacity, CityId, MenuId) values (223, 'nulla elit', 1, 276, 402);
insert into Restaurants (RestaurantId, RestaurantName, Capacity, CityId, MenuId) values (224, 'posuere nonummy', 41, 78, 358);
insert into Restaurants (RestaurantId, RestaurantName, Capacity, CityId, MenuId) values (225, 'at', 34, 29, 374);
insert into Restaurants (RestaurantId, RestaurantName, Capacity, CityId, MenuId) values (226, 'aliquam', 25, 459, 127);
insert into Restaurants (RestaurantId, RestaurantName, Capacity, CityId, MenuId) values (227, 'porttitor', 29, 379, 241);
insert into Restaurants (RestaurantId, RestaurantName, Capacity, CityId, MenuId) values (228, 'ipsum praesent', 8, 346, 277);
insert into Restaurants (RestaurantId, RestaurantName, Capacity, CityId, MenuId) values (229, 'vel nisl', 2, 61, 129);
insert into Restaurants (RestaurantId, RestaurantName, Capacity, CityId, MenuId) values (230, 'elit', 50, 308, 131);
insert into Restaurants (RestaurantId, RestaurantName, Capacity, CityId, MenuId) values (231, 'semper est', 34, 172, 74);
insert into Restaurants (RestaurantId, RestaurantName, Capacity, CityId, MenuId) values (232, 'blandit', 20, 327, 345);
insert into Restaurants (RestaurantId, RestaurantName, Capacity, CityId, MenuId) values (233, 'nam tristique', 36, 140, 155);
insert into Restaurants (RestaurantId, RestaurantName, Capacity, CityId, MenuId) values (234, 'diam', 39, 274, 42);
insert into Restaurants (RestaurantId, RestaurantName, Capacity, CityId, MenuId) values (235, 'nunc viverra', 34, 336, 398);
insert into Restaurants (RestaurantId, RestaurantName, Capacity, CityId, MenuId) values (236, 'at', 39, 499, 407);
insert into Restaurants (RestaurantId, RestaurantName, Capacity, CityId, MenuId) values (237, 'tincidunt lacus', 32, 208, 475);
insert into Restaurants (RestaurantId, RestaurantName, Capacity, CityId, MenuId) values (238, 'leo', 46, 362, 418);
insert into Restaurants (RestaurantId, RestaurantName, Capacity, CityId, MenuId) values (239, 'in', 42, 217, 81);
insert into Restaurants (RestaurantId, RestaurantName, Capacity, CityId, MenuId) values (240, 'habitasse platea', 32, 213, 360);
insert into Restaurants (RestaurantId, RestaurantName, Capacity, CityId, MenuId) values (241, 'eget', 26, 220, 16);
insert into Restaurants (RestaurantId, RestaurantName, Capacity, CityId, MenuId) values (242, 'in', 43, 396, 338);
insert into Restaurants (RestaurantId, RestaurantName, Capacity, CityId, MenuId) values (243, 'lectus', 22, 55, 154);
insert into Restaurants (RestaurantId, RestaurantName, Capacity, CityId, MenuId) values (244, 'arcu adipiscing', 20, 12, 322);
insert into Restaurants (RestaurantId, RestaurantName, Capacity, CityId, MenuId) values (245, 'vel pede', 38, 11, 166);
insert into Restaurants (RestaurantId, RestaurantName, Capacity, CityId, MenuId) values (246, 'quis', 29, 414, 382);
insert into Restaurants (RestaurantId, RestaurantName, Capacity, CityId, MenuId) values (247, 'enim leo', 3, 449, 475);
insert into Restaurants (RestaurantId, RestaurantName, Capacity, CityId, MenuId) values (248, 'sagittis nam', 41, 85, 370);
insert into Restaurants (RestaurantId, RestaurantName, Capacity, CityId, MenuId) values (249, 'non ligula', 48, 264, 431);
insert into Restaurants (RestaurantId, RestaurantName, Capacity, CityId, MenuId) values (250, 'tincidunt eu', 34, 497, 258);
insert into Restaurants (RestaurantId, RestaurantName, Capacity, CityId, MenuId) values (251, 'luctus', 49, 55, 245);
insert into Restaurants (RestaurantId, RestaurantName, Capacity, CityId, MenuId) values (252, 'nam', 19, 417, 219);
insert into Restaurants (RestaurantId, RestaurantName, Capacity, CityId, MenuId) values (253, 'eleifend donec', 49, 372, 3);
insert into Restaurants (RestaurantId, RestaurantName, Capacity, CityId, MenuId) values (254, 'mauris', 42, 296, 178);
insert into Restaurants (RestaurantId, RestaurantName, Capacity, CityId, MenuId) values (255, 'id', 10, 7, 250);
insert into Restaurants (RestaurantId, RestaurantName, Capacity, CityId, MenuId) values (256, 'mus', 29, 149, 100);
insert into Restaurants (RestaurantId, RestaurantName, Capacity, CityId, MenuId) values (257, 'lectus', 2, 165, 336);
insert into Restaurants (RestaurantId, RestaurantName, Capacity, CityId, MenuId) values (258, 'justo', 43, 295, 348);
insert into Restaurants (RestaurantId, RestaurantName, Capacity, CityId, MenuId) values (259, 'vivamus in', 20, 11, 83);
insert into Restaurants (RestaurantId, RestaurantName, Capacity, CityId, MenuId) values (260, 'cursus', 22, 329, 292);
insert into Restaurants (RestaurantId, RestaurantName, Capacity, CityId, MenuId) values (261, 'congue risus', 31, 293, 72);
insert into Restaurants (RestaurantId, RestaurantName, Capacity, CityId, MenuId) values (262, 'molestie sed', 7, 291, 134);
insert into Restaurants (RestaurantId, RestaurantName, Capacity, CityId, MenuId) values (263, 'maecenas rhoncus', 6, 499, 426);
insert into Restaurants (RestaurantId, RestaurantName, Capacity, CityId, MenuId) values (264, 'ultrices', 18, 157, 290);
insert into Restaurants (RestaurantId, RestaurantName, Capacity, CityId, MenuId) values (265, 'ornare', 46, 9, 465);
insert into Restaurants (RestaurantId, RestaurantName, Capacity, CityId, MenuId) values (266, 'et', 26, 152, 158);
insert into Restaurants (RestaurantId, RestaurantName, Capacity, CityId, MenuId) values (267, 'natoque penatibus', 5, 197, 226);
insert into Restaurants (RestaurantId, RestaurantName, Capacity, CityId, MenuId) values (268, 'mattis egestas', 2, 257, 487);
insert into Restaurants (RestaurantId, RestaurantName, Capacity, CityId, MenuId) values (269, 'curae nulla', 24, 464, 48);
insert into Restaurants (RestaurantId, RestaurantName, Capacity, CityId, MenuId) values (270, 'sit amet', 35, 12, 156);
insert into Restaurants (RestaurantId, RestaurantName, Capacity, CityId, MenuId) values (271, 'id lobortis', 5, 356, 76);
insert into Restaurants (RestaurantId, RestaurantName, Capacity, CityId, MenuId) values (272, 'amet turpis', 46, 202, 333);
insert into Restaurants (RestaurantId, RestaurantName, Capacity, CityId, MenuId) values (273, 'tortor', 47, 297, 412);
insert into Restaurants (RestaurantId, RestaurantName, Capacity, CityId, MenuId) values (274, 'mauris', 24, 456, 234);
insert into Restaurants (RestaurantId, RestaurantName, Capacity, CityId, MenuId) values (275, 'eget congue', 49, 100, 215);
insert into Restaurants (RestaurantId, RestaurantName, Capacity, CityId, MenuId) values (276, 'sociis', 28, 249, 114);
insert into Restaurants (RestaurantId, RestaurantName, Capacity, CityId, MenuId) values (277, 'ligula', 15, 453, 112);
insert into Restaurants (RestaurantId, RestaurantName, Capacity, CityId, MenuId) values (278, 'ornare imperdiet', 32, 47, 496);
insert into Restaurants (RestaurantId, RestaurantName, Capacity, CityId, MenuId) values (279, 'turpis nec', 18, 239, 303);
insert into Restaurants (RestaurantId, RestaurantName, Capacity, CityId, MenuId) values (280, 'lectus', 16, 260, 448);
insert into Restaurants (RestaurantId, RestaurantName, Capacity, CityId, MenuId) values (281, 'nisi volutpat', 50, 361, 14);
insert into Restaurants (RestaurantId, RestaurantName, Capacity, CityId, MenuId) values (282, 'nunc vestibulum', 9, 370, 273);
insert into Restaurants (RestaurantId, RestaurantName, Capacity, CityId, MenuId) values (283, 'auctor', 45, 22, 291);
insert into Restaurants (RestaurantId, RestaurantName, Capacity, CityId, MenuId) values (284, 'id nulla', 15, 234, 80);
insert into Restaurants (RestaurantId, RestaurantName, Capacity, CityId, MenuId) values (285, 'vestibulum ac', 17, 412, 299);
insert into Restaurants (RestaurantId, RestaurantName, Capacity, CityId, MenuId) values (286, 'quis justo', 10, 322, 485);
insert into Restaurants (RestaurantId, RestaurantName, Capacity, CityId, MenuId) values (287, 'eget', 49, 372, 316);
insert into Restaurants (RestaurantId, RestaurantName, Capacity, CityId, MenuId) values (288, 'pede justo', 30, 367, 352);
insert into Restaurants (RestaurantId, RestaurantName, Capacity, CityId, MenuId) values (289, 'sodales scelerisque', 41, 45, 475);
insert into Restaurants (RestaurantId, RestaurantName, Capacity, CityId, MenuId) values (290, 'auctor sed', 26, 11, 114);
insert into Restaurants (RestaurantId, RestaurantName, Capacity, CityId, MenuId) values (291, 'et ultrices', 20, 260, 298);
insert into Restaurants (RestaurantId, RestaurantName, Capacity, CityId, MenuId) values (292, 'consequat nulla', 19, 292, 233);
insert into Restaurants (RestaurantId, RestaurantName, Capacity, CityId, MenuId) values (293, 'enim leo', 39, 292, 238);
insert into Restaurants (RestaurantId, RestaurantName, Capacity, CityId, MenuId) values (294, 'sodales sed', 31, 326, 267);
insert into Restaurants (RestaurantId, RestaurantName, Capacity, CityId, MenuId) values (295, 'iaculis diam', 11, 359, 35);
insert into Restaurants (RestaurantId, RestaurantName, Capacity, CityId, MenuId) values (296, 'pellentesque eget', 10, 99, 452);
insert into Restaurants (RestaurantId, RestaurantName, Capacity, CityId, MenuId) values (297, 'tincidunt lacus', 20, 138, 10);
insert into Restaurants (RestaurantId, RestaurantName, Capacity, CityId, MenuId) values (298, 'imperdiet', 40, 80, 442);
insert into Restaurants (RestaurantId, RestaurantName, Capacity, CityId, MenuId) values (299, 'tortor', 24, 71, 293);
insert into Restaurants (RestaurantId, RestaurantName, Capacity, CityId, MenuId) values (300, 'non', 11, 36, 182);
insert into Restaurants (RestaurantId, RestaurantName, Capacity, CityId, MenuId) values (301, 'ullamcorper augue', 11, 221, 249);
insert into Restaurants (RestaurantId, RestaurantName, Capacity, CityId, MenuId) values (302, 'convallis', 33, 471, 349);
insert into Restaurants (RestaurantId, RestaurantName, Capacity, CityId, MenuId) values (303, 'odio', 32, 308, 361);
insert into Restaurants (RestaurantId, RestaurantName, Capacity, CityId, MenuId) values (304, 'placerat', 36, 236, 113);
insert into Restaurants (RestaurantId, RestaurantName, Capacity, CityId, MenuId) values (305, 'vestibulum', 12, 78, 195);
insert into Restaurants (RestaurantId, RestaurantName, Capacity, CityId, MenuId) values (306, 'consectetuer', 30, 434, 355);
insert into Restaurants (RestaurantId, RestaurantName, Capacity, CityId, MenuId) values (307, 'sit', 45, 499, 140);
insert into Restaurants (RestaurantId, RestaurantName, Capacity, CityId, MenuId) values (308, 'enim', 1, 98, 98);
insert into Restaurants (RestaurantId, RestaurantName, Capacity, CityId, MenuId) values (309, 'odio in', 26, 372, 485);
insert into Restaurants (RestaurantId, RestaurantName, Capacity, CityId, MenuId) values (310, 'in magna', 22, 318, 93);
insert into Restaurants (RestaurantId, RestaurantName, Capacity, CityId, MenuId) values (311, 'aliquam quis', 37, 298, 466);
insert into Restaurants (RestaurantId, RestaurantName, Capacity, CityId, MenuId) values (312, 'nisi venenatis', 50, 326, 310);
insert into Restaurants (RestaurantId, RestaurantName, Capacity, CityId, MenuId) values (313, 'sit', 25, 428, 124);
insert into Restaurants (RestaurantId, RestaurantName, Capacity, CityId, MenuId) values (314, 'eros suspendisse', 5, 432, 241);
insert into Restaurants (RestaurantId, RestaurantName, Capacity, CityId, MenuId) values (315, 'aliquet', 14, 259, 175);
insert into Restaurants (RestaurantId, RestaurantName, Capacity, CityId, MenuId) values (316, 'eleifend pede', 29, 23, 228);
insert into Restaurants (RestaurantId, RestaurantName, Capacity, CityId, MenuId) values (317, 'dapibus', 31, 337, 36);
insert into Restaurants (RestaurantId, RestaurantName, Capacity, CityId, MenuId) values (318, 'sit', 40, 233, 171);
insert into Restaurants (RestaurantId, RestaurantName, Capacity, CityId, MenuId) values (319, 'turpis elementum', 11, 23, 211);
insert into Restaurants (RestaurantId, RestaurantName, Capacity, CityId, MenuId) values (320, 'justo pellentesque', 46, 335, 277);
insert into Restaurants (RestaurantId, RestaurantName, Capacity, CityId, MenuId) values (321, 'sapien', 14, 17, 83);
insert into Restaurants (RestaurantId, RestaurantName, Capacity, CityId, MenuId) values (322, 'sit', 44, 99, 389);
insert into Restaurants (RestaurantId, RestaurantName, Capacity, CityId, MenuId) values (323, 'sapien', 1, 406, 141);
insert into Restaurants (RestaurantId, RestaurantName, Capacity, CityId, MenuId) values (324, 'sed ante', 42, 53, 315);
insert into Restaurants (RestaurantId, RestaurantName, Capacity, CityId, MenuId) values (325, 'tincidunt ante', 21, 250, 294);
insert into Restaurants (RestaurantId, RestaurantName, Capacity, CityId, MenuId) values (326, 'amet', 24, 201, 157);
insert into Restaurants (RestaurantId, RestaurantName, Capacity, CityId, MenuId) values (327, 'turpis sed', 25, 105, 232);
insert into Restaurants (RestaurantId, RestaurantName, Capacity, CityId, MenuId) values (328, 'mauris', 35, 68, 464);
insert into Restaurants (RestaurantId, RestaurantName, Capacity, CityId, MenuId) values (329, 'nibh in', 49, 409, 416);
insert into Restaurants (RestaurantId, RestaurantName, Capacity, CityId, MenuId) values (330, 'sit', 7, 139, 334);
insert into Restaurants (RestaurantId, RestaurantName, Capacity, CityId, MenuId) values (331, 'erat', 22, 463, 403);
insert into Restaurants (RestaurantId, RestaurantName, Capacity, CityId, MenuId) values (332, 'parturient', 35, 409, 74);
insert into Restaurants (RestaurantId, RestaurantName, Capacity, CityId, MenuId) values (333, 'eget', 27, 476, 405);
insert into Restaurants (RestaurantId, RestaurantName, Capacity, CityId, MenuId) values (334, 'at velit', 36, 211, 190);
insert into Restaurants (RestaurantId, RestaurantName, Capacity, CityId, MenuId) values (335, 'risus', 36, 237, 357);
insert into Restaurants (RestaurantId, RestaurantName, Capacity, CityId, MenuId) values (336, 'felis', 10, 125, 190);
insert into Restaurants (RestaurantId, RestaurantName, Capacity, CityId, MenuId) values (337, 'amet consectetuer', 16, 127, 395);
insert into Restaurants (RestaurantId, RestaurantName, Capacity, CityId, MenuId) values (338, 'turpis', 15, 143, 356);
insert into Restaurants (RestaurantId, RestaurantName, Capacity, CityId, MenuId) values (339, 'semper', 40, 359, 355);
insert into Restaurants (RestaurantId, RestaurantName, Capacity, CityId, MenuId) values (340, 'vel', 14, 463, 276);
insert into Restaurants (RestaurantId, RestaurantName, Capacity, CityId, MenuId) values (341, 'vehicula consequat', 9, 318, 431);
insert into Restaurants (RestaurantId, RestaurantName, Capacity, CityId, MenuId) values (342, 'pulvinar nulla', 13, 259, 32);
insert into Restaurants (RestaurantId, RestaurantName, Capacity, CityId, MenuId) values (343, 'elementum in', 50, 455, 145);
insert into Restaurants (RestaurantId, RestaurantName, Capacity, CityId, MenuId) values (344, 'diam cras', 19, 466, 408);
insert into Restaurants (RestaurantId, RestaurantName, Capacity, CityId, MenuId) values (345, 'et', 1, 378, 232);
insert into Restaurants (RestaurantId, RestaurantName, Capacity, CityId, MenuId) values (346, 'ac', 34, 467, 50);
insert into Restaurants (RestaurantId, RestaurantName, Capacity, CityId, MenuId) values (347, 'pellentesque', 41, 257, 146);
insert into Restaurants (RestaurantId, RestaurantName, Capacity, CityId, MenuId) values (348, 'ante nulla', 32, 366, 493);
insert into Restaurants (RestaurantId, RestaurantName, Capacity, CityId, MenuId) values (349, 'duis mattis', 26, 251, 134);
insert into Restaurants (RestaurantId, RestaurantName, Capacity, CityId, MenuId) values (350, 'quisque', 38, 335, 73);
insert into Restaurants (RestaurantId, RestaurantName, Capacity, CityId, MenuId) values (351, 'morbi non', 20, 240, 358);
insert into Restaurants (RestaurantId, RestaurantName, Capacity, CityId, MenuId) values (352, 'amet consectetuer', 39, 158, 150);
insert into Restaurants (RestaurantId, RestaurantName, Capacity, CityId, MenuId) values (353, 'nisi volutpat', 36, 90, 190);
insert into Restaurants (RestaurantId, RestaurantName, Capacity, CityId, MenuId) values (354, 'mollis', 13, 317, 77);
insert into Restaurants (RestaurantId, RestaurantName, Capacity, CityId, MenuId) values (355, 'tortor sollicitudin', 44, 228, 248);
insert into Restaurants (RestaurantId, RestaurantName, Capacity, CityId, MenuId) values (356, 'praesent', 16, 171, 220);
insert into Restaurants (RestaurantId, RestaurantName, Capacity, CityId, MenuId) values (357, 'in', 21, 225, 412);
insert into Restaurants (RestaurantId, RestaurantName, Capacity, CityId, MenuId) values (358, 'neque aenean', 29, 1, 183);
insert into Restaurants (RestaurantId, RestaurantName, Capacity, CityId, MenuId) values (359, 'nisi eu', 13, 433, 284);
insert into Restaurants (RestaurantId, RestaurantName, Capacity, CityId, MenuId) values (360, 'integer', 41, 420, 25);
insert into Restaurants (RestaurantId, RestaurantName, Capacity, CityId, MenuId) values (361, 'dolor', 15, 322, 368);
insert into Restaurants (RestaurantId, RestaurantName, Capacity, CityId, MenuId) values (362, 'mollis', 28, 426, 340);
insert into Restaurants (RestaurantId, RestaurantName, Capacity, CityId, MenuId) values (363, 'pulvinar nulla', 23, 30, 366);
insert into Restaurants (RestaurantId, RestaurantName, Capacity, CityId, MenuId) values (364, 'nullam porttitor', 29, 484, 453);
insert into Restaurants (RestaurantId, RestaurantName, Capacity, CityId, MenuId) values (365, 'ipsum', 46, 190, 170);
insert into Restaurants (RestaurantId, RestaurantName, Capacity, CityId, MenuId) values (366, 'sed', 36, 468, 122);
insert into Restaurants (RestaurantId, RestaurantName, Capacity, CityId, MenuId) values (367, 'vel', 16, 270, 444);
insert into Restaurants (RestaurantId, RestaurantName, Capacity, CityId, MenuId) values (368, 'ante ipsum', 8, 178, 423);
insert into Restaurants (RestaurantId, RestaurantName, Capacity, CityId, MenuId) values (369, 'orci', 23, 390, 439);
insert into Restaurants (RestaurantId, RestaurantName, Capacity, CityId, MenuId) values (370, 'erat', 33, 154, 271);
insert into Restaurants (RestaurantId, RestaurantName, Capacity, CityId, MenuId) values (371, 'erat', 15, 249, 32);
insert into Restaurants (RestaurantId, RestaurantName, Capacity, CityId, MenuId) values (372, 'tristique est', 4, 72, 96);
insert into Restaurants (RestaurantId, RestaurantName, Capacity, CityId, MenuId) values (373, 'nulla dapibus', 9, 90, 454);
insert into Restaurants (RestaurantId, RestaurantName, Capacity, CityId, MenuId) values (374, 'libero', 42, 106, 385);
insert into Restaurants (RestaurantId, RestaurantName, Capacity, CityId, MenuId) values (375, 'ipsum integer', 14, 40, 336);
insert into Restaurants (RestaurantId, RestaurantName, Capacity, CityId, MenuId) values (376, 'risus', 48, 269, 230);
insert into Restaurants (RestaurantId, RestaurantName, Capacity, CityId, MenuId) values (377, 'ante', 39, 441, 459);
insert into Restaurants (RestaurantId, RestaurantName, Capacity, CityId, MenuId) values (378, 'porttitor', 9, 246, 227);
insert into Restaurants (RestaurantId, RestaurantName, Capacity, CityId, MenuId) values (379, 'tellus nisi', 39, 264, 197);
insert into Restaurants (RestaurantId, RestaurantName, Capacity, CityId, MenuId) values (380, 'pretium', 6, 333, 118);
insert into Restaurants (RestaurantId, RestaurantName, Capacity, CityId, MenuId) values (381, 'pede', 19, 72, 257);
insert into Restaurants (RestaurantId, RestaurantName, Capacity, CityId, MenuId) values (382, 'justo', 44, 487, 161);
insert into Restaurants (RestaurantId, RestaurantName, Capacity, CityId, MenuId) values (383, 'tortor', 21, 97, 498);
insert into Restaurants (RestaurantId, RestaurantName, Capacity, CityId, MenuId) values (384, 'id', 22, 139, 470);
insert into Restaurants (RestaurantId, RestaurantName, Capacity, CityId, MenuId) values (385, 'lacinia', 38, 39, 183);
insert into Restaurants (RestaurantId, RestaurantName, Capacity, CityId, MenuId) values (386, 'lorem', 35, 235, 459);
insert into Restaurants (RestaurantId, RestaurantName, Capacity, CityId, MenuId) values (387, 'felis fusce', 13, 173, 228);
insert into Restaurants (RestaurantId, RestaurantName, Capacity, CityId, MenuId) values (388, 'volutpat', 14, 168, 466);
insert into Restaurants (RestaurantId, RestaurantName, Capacity, CityId, MenuId) values (389, 'egestas', 5, 213, 275);
insert into Restaurants (RestaurantId, RestaurantName, Capacity, CityId, MenuId) values (390, 'posuere felis', 32, 70, 377);
insert into Restaurants (RestaurantId, RestaurantName, Capacity, CityId, MenuId) values (391, 'porta', 23, 188, 384);
insert into Restaurants (RestaurantId, RestaurantName, Capacity, CityId, MenuId) values (392, 'dapibus', 2, 364, 462);
insert into Restaurants (RestaurantId, RestaurantName, Capacity, CityId, MenuId) values (393, 'in', 27, 268, 71);
insert into Restaurants (RestaurantId, RestaurantName, Capacity, CityId, MenuId) values (394, 'donec pharetra', 7, 393, 93);
insert into Restaurants (RestaurantId, RestaurantName, Capacity, CityId, MenuId) values (395, 'nam', 1, 421, 355);
insert into Restaurants (RestaurantId, RestaurantName, Capacity, CityId, MenuId) values (396, 'eget rutrum', 3, 413, 74);
insert into Restaurants (RestaurantId, RestaurantName, Capacity, CityId, MenuId) values (397, 'vestibulum', 26, 91, 10);
insert into Restaurants (RestaurantId, RestaurantName, Capacity, CityId, MenuId) values (398, 'magna vulputate', 14, 174, 96);
insert into Restaurants (RestaurantId, RestaurantName, Capacity, CityId, MenuId) values (399, 'ultrices posuere', 48, 433, 321);
insert into Restaurants (RestaurantId, RestaurantName, Capacity, CityId, MenuId) values (400, 'enim', 45, 414, 88);
insert into Restaurants (RestaurantId, RestaurantName, Capacity, CityId, MenuId) values (401, 'fermentum', 35, 260, 209);
insert into Restaurants (RestaurantId, RestaurantName, Capacity, CityId, MenuId) values (402, 'nunc nisl', 46, 330, 30);
insert into Restaurants (RestaurantId, RestaurantName, Capacity, CityId, MenuId) values (403, 'ipsum', 40, 419, 481);
insert into Restaurants (RestaurantId, RestaurantName, Capacity, CityId, MenuId) values (404, 'orci', 10, 329, 101);
insert into Restaurants (RestaurantId, RestaurantName, Capacity, CityId, MenuId) values (405, 'imperdiet et', 16, 268, 488);
insert into Restaurants (RestaurantId, RestaurantName, Capacity, CityId, MenuId) values (406, 'nulla', 21, 337, 437);
insert into Restaurants (RestaurantId, RestaurantName, Capacity, CityId, MenuId) values (407, 'ac', 30, 327, 498);
insert into Restaurants (RestaurantId, RestaurantName, Capacity, CityId, MenuId) values (408, 'vulputate', 12, 382, 2);
insert into Restaurants (RestaurantId, RestaurantName, Capacity, CityId, MenuId) values (409, 'et', 38, 41, 87);
insert into Restaurants (RestaurantId, RestaurantName, Capacity, CityId, MenuId) values (410, 'turpis', 22, 457, 208);
insert into Restaurants (RestaurantId, RestaurantName, Capacity, CityId, MenuId) values (411, 'bibendum morbi', 48, 236, 494);
insert into Restaurants (RestaurantId, RestaurantName, Capacity, CityId, MenuId) values (412, 'ipsum dolor', 45, 60, 431);
insert into Restaurants (RestaurantId, RestaurantName, Capacity, CityId, MenuId) values (413, 'non velit', 20, 59, 74);
insert into Restaurants (RestaurantId, RestaurantName, Capacity, CityId, MenuId) values (414, 'congue etiam', 48, 416, 60);
insert into Restaurants (RestaurantId, RestaurantName, Capacity, CityId, MenuId) values (415, 'elementum pellentesque', 27, 34, 71);
insert into Restaurants (RestaurantId, RestaurantName, Capacity, CityId, MenuId) values (416, 'sed', 5, 211, 217);
insert into Restaurants (RestaurantId, RestaurantName, Capacity, CityId, MenuId) values (417, 'pede', 42, 316, 458);
insert into Restaurants (RestaurantId, RestaurantName, Capacity, CityId, MenuId) values (418, 'tempus semper', 6, 23, 405);
insert into Restaurants (RestaurantId, RestaurantName, Capacity, CityId, MenuId) values (419, 'ac', 27, 70, 131);
insert into Restaurants (RestaurantId, RestaurantName, Capacity, CityId, MenuId) values (420, 'lobortis', 13, 437, 404);
insert into Restaurants (RestaurantId, RestaurantName, Capacity, CityId, MenuId) values (421, 'potenti', 30, 348, 48);
insert into Restaurants (RestaurantId, RestaurantName, Capacity, CityId, MenuId) values (422, 'magna bibendum', 20, 479, 63);
insert into Restaurants (RestaurantId, RestaurantName, Capacity, CityId, MenuId) values (423, 'mauris enim', 17, 128, 125);
insert into Restaurants (RestaurantId, RestaurantName, Capacity, CityId, MenuId) values (424, 'massa', 25, 162, 145);
insert into Restaurants (RestaurantId, RestaurantName, Capacity, CityId, MenuId) values (425, 'diam vitae', 37, 338, 396);
insert into Restaurants (RestaurantId, RestaurantName, Capacity, CityId, MenuId) values (426, 'turpis donec', 41, 377, 252);
insert into Restaurants (RestaurantId, RestaurantName, Capacity, CityId, MenuId) values (427, 'maecenas rhoncus', 11, 235, 183);
insert into Restaurants (RestaurantId, RestaurantName, Capacity, CityId, MenuId) values (428, 'maecenas rhoncus', 41, 227, 364);
insert into Restaurants (RestaurantId, RestaurantName, Capacity, CityId, MenuId) values (429, 'tincidunt', 20, 247, 233);
insert into Restaurants (RestaurantId, RestaurantName, Capacity, CityId, MenuId) values (430, 'hendrerit at', 28, 28, 210);
insert into Restaurants (RestaurantId, RestaurantName, Capacity, CityId, MenuId) values (431, 'integer a', 43, 73, 79);
insert into Restaurants (RestaurantId, RestaurantName, Capacity, CityId, MenuId) values (432, 'in tempus', 47, 133, 171);
insert into Restaurants (RestaurantId, RestaurantName, Capacity, CityId, MenuId) values (433, 'justo etiam', 20, 142, 222);
insert into Restaurants (RestaurantId, RestaurantName, Capacity, CityId, MenuId) values (434, 'nibh quisque', 30, 125, 369);
insert into Restaurants (RestaurantId, RestaurantName, Capacity, CityId, MenuId) values (435, 'cubilia', 25, 46, 116);
insert into Restaurants (RestaurantId, RestaurantName, Capacity, CityId, MenuId) values (436, 'ante', 11, 187, 417);
insert into Restaurants (RestaurantId, RestaurantName, Capacity, CityId, MenuId) values (437, 'quis', 2, 312, 213);
insert into Restaurants (RestaurantId, RestaurantName, Capacity, CityId, MenuId) values (438, 'pellentesque', 12, 273, 434);
insert into Restaurants (RestaurantId, RestaurantName, Capacity, CityId, MenuId) values (439, 'quam a', 31, 279, 281);
insert into Restaurants (RestaurantId, RestaurantName, Capacity, CityId, MenuId) values (440, 'in hac', 21, 359, 244);
insert into Restaurants (RestaurantId, RestaurantName, Capacity, CityId, MenuId) values (441, 'sem duis', 16, 423, 437);
insert into Restaurants (RestaurantId, RestaurantName, Capacity, CityId, MenuId) values (442, 'et ultrices', 25, 71, 26);
insert into Restaurants (RestaurantId, RestaurantName, Capacity, CityId, MenuId) values (443, 'pede lobortis', 29, 13, 3);
insert into Restaurants (RestaurantId, RestaurantName, Capacity, CityId, MenuId) values (444, 'amet eleifend', 4, 143, 345);
insert into Restaurants (RestaurantId, RestaurantName, Capacity, CityId, MenuId) values (445, 'eu', 42, 482, 44);
insert into Restaurants (RestaurantId, RestaurantName, Capacity, CityId, MenuId) values (446, 'lobortis', 28, 51, 14);
insert into Restaurants (RestaurantId, RestaurantName, Capacity, CityId, MenuId) values (447, 'in lacus', 34, 239, 197);
insert into Restaurants (RestaurantId, RestaurantName, Capacity, CityId, MenuId) values (448, 'vel', 13, 36, 353);
insert into Restaurants (RestaurantId, RestaurantName, Capacity, CityId, MenuId) values (449, 'amet', 6, 428, 119);
insert into Restaurants (RestaurantId, RestaurantName, Capacity, CityId, MenuId) values (450, 'aliquet pulvinar', 25, 411, 185);
insert into Restaurants (RestaurantId, RestaurantName, Capacity, CityId, MenuId) values (451, 'sit amet', 46, 210, 424);
insert into Restaurants (RestaurantId, RestaurantName, Capacity, CityId, MenuId) values (452, 'in', 12, 442, 324);
insert into Restaurants (RestaurantId, RestaurantName, Capacity, CityId, MenuId) values (453, 'congue', 11, 409, 68);
insert into Restaurants (RestaurantId, RestaurantName, Capacity, CityId, MenuId) values (454, 'aliquam', 6, 467, 126);
insert into Restaurants (RestaurantId, RestaurantName, Capacity, CityId, MenuId) values (455, 'curabitur at', 23, 478, 65);
insert into Restaurants (RestaurantId, RestaurantName, Capacity, CityId, MenuId) values (456, 'cum', 24, 227, 478);
insert into Restaurants (RestaurantId, RestaurantName, Capacity, CityId, MenuId) values (457, 'ac est', 31, 441, 461);
insert into Restaurants (RestaurantId, RestaurantName, Capacity, CityId, MenuId) values (458, 'odio', 36, 84, 488);
insert into Restaurants (RestaurantId, RestaurantName, Capacity, CityId, MenuId) values (459, 'justo', 37, 257, 215);
insert into Restaurants (RestaurantId, RestaurantName, Capacity, CityId, MenuId) values (460, 'orci', 23, 82, 437);
insert into Restaurants (RestaurantId, RestaurantName, Capacity, CityId, MenuId) values (461, 'nulla', 26, 393, 296);
insert into Restaurants (RestaurantId, RestaurantName, Capacity, CityId, MenuId) values (462, 'mauris viverra', 6, 159, 80);
insert into Restaurants (RestaurantId, RestaurantName, Capacity, CityId, MenuId) values (463, 'id consequat', 40, 408, 100);
insert into Restaurants (RestaurantId, RestaurantName, Capacity, CityId, MenuId) values (464, 'orci luctus', 33, 176, 172);
insert into Restaurants (RestaurantId, RestaurantName, Capacity, CityId, MenuId) values (465, 'hac habitasse', 1, 455, 358);
insert into Restaurants (RestaurantId, RestaurantName, Capacity, CityId, MenuId) values (466, 'at', 5, 3, 409);
insert into Restaurants (RestaurantId, RestaurantName, Capacity, CityId, MenuId) values (467, 'id', 34, 81, 423);
insert into Restaurants (RestaurantId, RestaurantName, Capacity, CityId, MenuId) values (468, 'ultrices vel', 46, 38, 403);
insert into Restaurants (RestaurantId, RestaurantName, Capacity, CityId, MenuId) values (469, 'vestibulum', 43, 193, 448);
insert into Restaurants (RestaurantId, RestaurantName, Capacity, CityId, MenuId) values (470, 'purus', 17, 21, 272);
insert into Restaurants (RestaurantId, RestaurantName, Capacity, CityId, MenuId) values (471, 'orci', 46, 296, 317);
insert into Restaurants (RestaurantId, RestaurantName, Capacity, CityId, MenuId) values (472, 'dis parturient', 38, 251, 17);
insert into Restaurants (RestaurantId, RestaurantName, Capacity, CityId, MenuId) values (473, 'sed magna', 40, 198, 265);
insert into Restaurants (RestaurantId, RestaurantName, Capacity, CityId, MenuId) values (474, 'ultrices enim', 37, 496, 298);
insert into Restaurants (RestaurantId, RestaurantName, Capacity, CityId, MenuId) values (475, 'at nunc', 29, 368, 205);
insert into Restaurants (RestaurantId, RestaurantName, Capacity, CityId, MenuId) values (476, 'eu mi', 22, 49, 200);
insert into Restaurants (RestaurantId, RestaurantName, Capacity, CityId, MenuId) values (477, 'rutrum', 6, 148, 181);
insert into Restaurants (RestaurantId, RestaurantName, Capacity, CityId, MenuId) values (478, 'vitae', 45, 309, 20);
insert into Restaurants (RestaurantId, RestaurantName, Capacity, CityId, MenuId) values (479, 'at', 44, 370, 252);
insert into Restaurants (RestaurantId, RestaurantName, Capacity, CityId, MenuId) values (480, 'volutpat in', 10, 451, 63);
insert into Restaurants (RestaurantId, RestaurantName, Capacity, CityId, MenuId) values (481, 'tempus', 42, 401, 305);
insert into Restaurants (RestaurantId, RestaurantName, Capacity, CityId, MenuId) values (482, 'et', 7, 266, 430);
insert into Restaurants (RestaurantId, RestaurantName, Capacity, CityId, MenuId) values (483, 'et ultrices', 11, 69, 342);
insert into Restaurants (RestaurantId, RestaurantName, Capacity, CityId, MenuId) values (484, 'vestibulum ante', 28, 400, 290);
insert into Restaurants (RestaurantId, RestaurantName, Capacity, CityId, MenuId) values (485, 'elit proin', 2, 278, 176);
insert into Restaurants (RestaurantId, RestaurantName, Capacity, CityId, MenuId) values (486, 'morbi ut', 36, 71, 9);
insert into Restaurants (RestaurantId, RestaurantName, Capacity, CityId, MenuId) values (487, 'nunc proin', 13, 464, 316);
insert into Restaurants (RestaurantId, RestaurantName, Capacity, CityId, MenuId) values (488, 'nisi', 22, 228, 121);
insert into Restaurants (RestaurantId, RestaurantName, Capacity, CityId, MenuId) values (489, 'duis', 3, 165, 10);
insert into Restaurants (RestaurantId, RestaurantName, Capacity, CityId, MenuId) values (490, 'eleifend', 24, 177, 11);
insert into Restaurants (RestaurantId, RestaurantName, Capacity, CityId, MenuId) values (491, 'sem', 42, 357, 156);
insert into Restaurants (RestaurantId, RestaurantName, Capacity, CityId, MenuId) values (492, 'platea dictumst', 37, 7, 79);
insert into Restaurants (RestaurantId, RestaurantName, Capacity, CityId, MenuId) values (493, 'pellentesque ultrices', 39, 60, 138);
insert into Restaurants (RestaurantId, RestaurantName, Capacity, CityId, MenuId) values (494, 'pede', 15, 472, 382);
insert into Restaurants (RestaurantId, RestaurantName, Capacity, CityId, MenuId) values (495, 'id lobortis', 11, 400, 221);
insert into Restaurants (RestaurantId, RestaurantName, Capacity, CityId, MenuId) values (496, 'erat volutpat', 28, 462, 180);
insert into Restaurants (RestaurantId, RestaurantName, Capacity, CityId, MenuId) values (497, 'porta volutpat', 8, 296, 45);
insert into Restaurants (RestaurantId, RestaurantName, Capacity, CityId, MenuId) values (498, 'in hac', 16, 118, 349);
insert into Restaurants (RestaurantId, RestaurantName, Capacity, CityId, MenuId) values (499, 'lobortis ligula', 4, 415, 231);
insert into Restaurants (RestaurantId, RestaurantName, Capacity, CityId, MenuId) values (500, 'ultrices', 36, 198, 75);

insert into DaysOfWeek (DayId, DayOfWeek) values (1, 'MON');
insert into DaysOfWeek (DayId, DayOfWeek) values (2, 'TUE');
insert into DaysOfWeek (DayId, DayOfWeek) values (3, 'WED');
insert into DaysOfWeek (DayId, DayOfWeek) values (4, 'THUR');
insert into DaysOfWeek (DayId, DayOfWeek) values (5, 'FRI');
insert into DaysOfWeek (DayId, DayOfWeek) values (6, 'SAT');
insert into DaysOfWeek (DayId, DayOfWeek) values (7, 'SUN');

insert into RestaurantWorkingTime (DayId, RestaurantId, StartTime, EndTime) values (3, 266, '8:32 AM', '5:41 PM');
insert into RestaurantWorkingTime (DayId, RestaurantId, StartTime, EndTime) values (5, 105, '12:38 PM', '12:28 PM');
insert into RestaurantWorkingTime (DayId, RestaurantId, StartTime, EndTime) values (6, 358, '9:57 AM', '7:38 PM');
insert into RestaurantWorkingTime (DayId, RestaurantId, StartTime, EndTime) values (7, 308, '12:59 PM', '5:02 PM');
insert into RestaurantWorkingTime (DayId, RestaurantId, StartTime, EndTime) values (2, 191, '8:32 AM', '8:36 PM');
insert into RestaurantWorkingTime (DayId, RestaurantId, StartTime, EndTime) values (2, 389, '11:57 AM', '9:14 PM');
insert into RestaurantWorkingTime (DayId, RestaurantId, StartTime, EndTime) values (2, 446, '9:52 AM', '11:21 PM');
insert into RestaurantWorkingTime (DayId, RestaurantId, StartTime, EndTime) values (6, 344, '7:04 AM', '4:42 AM');
insert into RestaurantWorkingTime (DayId, RestaurantId, StartTime, EndTime) values (4, 159, '12:35 PM', '3:39 AM');
insert into RestaurantWorkingTime (DayId, RestaurantId, StartTime, EndTime) values (1, 249, '10:25 AM', '5:25 PM');
insert into RestaurantWorkingTime (DayId, RestaurantId, StartTime, EndTime) values (1, 460, '12:59 PM', '12:47 PM');
insert into RestaurantWorkingTime (DayId, RestaurantId, StartTime, EndTime) values (1, 342, '1:51 PM', '3:42 PM');
insert into RestaurantWorkingTime (DayId, RestaurantId, StartTime, EndTime) values (1, 33, '12:23 PM', '10:02 AM');
insert into RestaurantWorkingTime (DayId, RestaurantId, StartTime, EndTime) values (7, 488, '12:16 PM', '6:34 PM');
insert into RestaurantWorkingTime (DayId, RestaurantId, StartTime, EndTime) values (1, 142, '8:40 AM', '11:42 AM');
insert into RestaurantWorkingTime (DayId, RestaurantId, StartTime, EndTime) values (1, 212, '7:34 AM', '4:27 AM');
insert into RestaurantWorkingTime (DayId, RestaurantId, StartTime, EndTime) values (3, 20, '7:59 AM', '1:24 PM');
insert into RestaurantWorkingTime (DayId, RestaurantId, StartTime, EndTime) values (5, 323, '8:01 AM', '2:09 AM');
insert into RestaurantWorkingTime (DayId, RestaurantId, StartTime, EndTime) values (5, 260, '1:26 PM', '2:57 AM');
insert into RestaurantWorkingTime (DayId, RestaurantId, StartTime, EndTime) values (6, 471, '1:14 PM', '9:59 PM');
insert into RestaurantWorkingTime (DayId, RestaurantId, StartTime, EndTime) values (2, 421, '12:02 PM', '11:14 AM');
insert into RestaurantWorkingTime (DayId, RestaurantId, StartTime, EndTime) values (7, 199, '11:09 AM', '5:35 AM');
insert into RestaurantWorkingTime (DayId, RestaurantId, StartTime, EndTime) values (6, 109, '9:42 AM', '10:43 PM');
insert into RestaurantWorkingTime (DayId, RestaurantId, StartTime, EndTime) values (1, 319, '10:09 AM', '10:29 AM');
insert into RestaurantWorkingTime (DayId, RestaurantId, StartTime, EndTime) values (7, 469, '10:10 AM', '7:26 AM');
insert into RestaurantWorkingTime (DayId, RestaurantId, StartTime, EndTime) values (1, 28, '1:23 PM', '12:30 PM');
insert into RestaurantWorkingTime (DayId, RestaurantId, StartTime, EndTime) values (1, 57, '1:31 PM', '7:55 PM');
insert into RestaurantWorkingTime (DayId, RestaurantId, StartTime, EndTime) values (7, 43, '8:30 AM', '4:23 PM');
insert into RestaurantWorkingTime (DayId, RestaurantId, StartTime, EndTime) values (2, 153, '8:37 AM', '7:12 PM');
insert into RestaurantWorkingTime (DayId, RestaurantId, StartTime, EndTime) values (3, 457, '10:31 AM', '7:07 AM');
insert into RestaurantWorkingTime (DayId, RestaurantId, StartTime, EndTime) values (1, 405, '10:38 AM', '1:37 PM');
insert into RestaurantWorkingTime (DayId, RestaurantId, StartTime, EndTime) values (1, 168, '7:12 AM', '10:15 AM');
insert into RestaurantWorkingTime (DayId, RestaurantId, StartTime, EndTime) values (5, 473, '10:29 AM', '11:22 AM');
insert into RestaurantWorkingTime (DayId, RestaurantId, StartTime, EndTime) values (5, 229, '10:02 AM', '3:04 AM');
insert into RestaurantWorkingTime (DayId, RestaurantId, StartTime, EndTime) values (2, 470, '8:47 AM', '9:21 PM');
insert into RestaurantWorkingTime (DayId, RestaurantId, StartTime, EndTime) values (7, 234, '12:58 PM', '3:24 PM');
insert into RestaurantWorkingTime (DayId, RestaurantId, StartTime, EndTime) values (2, 132, '11:42 AM', '11:57 PM');
insert into RestaurantWorkingTime (DayId, RestaurantId, StartTime, EndTime) values (5, 103, '11:08 AM', '10:22 AM');
insert into RestaurantWorkingTime (DayId, RestaurantId, StartTime, EndTime) values (3, 308, '9:48 AM', '4:35 AM');
insert into RestaurantWorkingTime (DayId, RestaurantId, StartTime, EndTime) values (3, 13, '9:30 AM', '2:36 AM');
insert into RestaurantWorkingTime (DayId, RestaurantId, StartTime, EndTime) values (4, 328, '11:09 AM', '12:54 PM');
insert into RestaurantWorkingTime (DayId, RestaurantId, StartTime, EndTime) values (6, 349, '7:42 AM', '8:40 PM');
insert into RestaurantWorkingTime (DayId, RestaurantId, StartTime, EndTime) values (1, 390, '11:51 AM', '8:54 AM');
insert into RestaurantWorkingTime (DayId, RestaurantId, StartTime, EndTime) values (1, 416, '8:17 AM', '8:16 AM');
insert into RestaurantWorkingTime (DayId, RestaurantId, StartTime, EndTime) values (7, 133, '1:27 PM', '7:32 PM');
insert into RestaurantWorkingTime (DayId, RestaurantId, StartTime, EndTime) values (5, 243, '7:31 AM', '2:25 PM');
insert into RestaurantWorkingTime (DayId, RestaurantId, StartTime, EndTime) values (1, 405, '11:51 AM', '2:15 AM');
insert into RestaurantWorkingTime (DayId, RestaurantId, StartTime, EndTime) values (6, 333, '9:48 AM', '5:45 AM');
insert into RestaurantWorkingTime (DayId, RestaurantId, StartTime, EndTime) values (3, 481, '8:04 AM', '4:20 PM');
insert into RestaurantWorkingTime (DayId, RestaurantId, StartTime, EndTime) values (5, 203, '8:45 AM', '9:06 AM');
insert into RestaurantWorkingTime (DayId, RestaurantId, StartTime, EndTime) values (7, 403, '12:10 PM', '8:37 PM');
insert into RestaurantWorkingTime (DayId, RestaurantId, StartTime, EndTime) values (6, 360, '12:30 PM', '1:09 PM');
insert into RestaurantWorkingTime (DayId, RestaurantId, StartTime, EndTime) values (7, 85, '9:02 AM', '11:44 AM');
insert into RestaurantWorkingTime (DayId, RestaurantId, StartTime, EndTime) values (3, 319, '12:52 PM', '5:29 AM');
insert into RestaurantWorkingTime (DayId, RestaurantId, StartTime, EndTime) values (3, 413, '1:12 PM', '6:39 AM');
insert into RestaurantWorkingTime (DayId, RestaurantId, StartTime, EndTime) values (2, 423, '8:26 AM', '3:03 PM');
insert into RestaurantWorkingTime (DayId, RestaurantId, StartTime, EndTime) values (4, 365, '7:53 AM', '10:08 PM');
insert into RestaurantWorkingTime (DayId, RestaurantId, StartTime, EndTime) values (4, 86, '11:11 AM', '4:44 AM');
insert into RestaurantWorkingTime (DayId, RestaurantId, StartTime, EndTime) values (5, 117, '1:06 PM', '11:19 PM');
insert into RestaurantWorkingTime (DayId, RestaurantId, StartTime, EndTime) values (4, 100, '11:28 AM', '10:31 AM');
insert into RestaurantWorkingTime (DayId, RestaurantId, StartTime, EndTime) values (2, 173, '9:58 AM', '5:56 AM');
insert into RestaurantWorkingTime (DayId, RestaurantId, StartTime, EndTime) values (5, 300, '8:46 AM', '12:50 PM');
insert into RestaurantWorkingTime (DayId, RestaurantId, StartTime, EndTime) values (5, 197, '1:32 PM', '8:54 PM');
insert into RestaurantWorkingTime (DayId, RestaurantId, StartTime, EndTime) values (1, 277, '8:11 AM', '9:13 PM');
insert into RestaurantWorkingTime (DayId, RestaurantId, StartTime, EndTime) values (7, 333, '11:34 AM', '4:50 AM');
insert into RestaurantWorkingTime (DayId, RestaurantId, StartTime, EndTime) values (6, 443, '11:42 AM', '1:31 PM');
insert into RestaurantWorkingTime (DayId, RestaurantId, StartTime, EndTime) values (1, 229, '1:44 PM', '6:09 AM');
insert into RestaurantWorkingTime (DayId, RestaurantId, StartTime, EndTime) values (1, 290, '12:01 PM', '9:00 PM');
insert into RestaurantWorkingTime (DayId, RestaurantId, StartTime, EndTime) values (5, 400, '7:03 AM', '9:11 PM');
insert into RestaurantWorkingTime (DayId, RestaurantId, StartTime, EndTime) values (6, 187, '1:16 PM', '4:24 PM');
insert into RestaurantWorkingTime (DayId, RestaurantId, StartTime, EndTime) values (2, 197, '12:35 PM', '8:37 AM');
insert into RestaurantWorkingTime (DayId, RestaurantId, StartTime, EndTime) values (6, 484, '7:43 AM', '8:46 PM');
insert into RestaurantWorkingTime (DayId, RestaurantId, StartTime, EndTime) values (5, 396, '11:48 AM', '11:06 AM');
insert into RestaurantWorkingTime (DayId, RestaurantId, StartTime, EndTime) values (4, 145, '8:44 AM', '3:16 AM');
insert into RestaurantWorkingTime (DayId, RestaurantId, StartTime, EndTime) values (7, 61, '8:33 AM', '7:45 PM');
insert into RestaurantWorkingTime (DayId, RestaurantId, StartTime, EndTime) values (2, 359, '9:34 AM', '11:25 PM');
insert into RestaurantWorkingTime (DayId, RestaurantId, StartTime, EndTime) values (7, 165, '10:57 AM', '5:29 AM');
insert into RestaurantWorkingTime (DayId, RestaurantId, StartTime, EndTime) values (1, 118, '8:42 AM', '10:14 PM');
insert into RestaurantWorkingTime (DayId, RestaurantId, StartTime, EndTime) values (2, 281, '10:01 AM', '11:44 AM');
insert into RestaurantWorkingTime (DayId, RestaurantId, StartTime, EndTime) values (2, 261, '9:39 AM', '10:44 PM');
insert into RestaurantWorkingTime (DayId, RestaurantId, StartTime, EndTime) values (6, 228, '1:17 PM', '6:02 AM');
insert into RestaurantWorkingTime (DayId, RestaurantId, StartTime, EndTime) values (4, 4, '1:12 PM', '10:37 PM');
insert into RestaurantWorkingTime (DayId, RestaurantId, StartTime, EndTime) values (3, 153, '12:30 PM', '11:32 AM');
insert into RestaurantWorkingTime (DayId, RestaurantId, StartTime, EndTime) values (4, 474, '11:12 AM', '2:02 AM');
insert into RestaurantWorkingTime (DayId, RestaurantId, StartTime, EndTime) values (5, 79, '11:50 AM', '7:52 PM');
insert into RestaurantWorkingTime (DayId, RestaurantId, StartTime, EndTime) values (6, 58, '8:54 AM', '4:00 PM');
insert into RestaurantWorkingTime (DayId, RestaurantId, StartTime, EndTime) values (5, 200, '1:29 PM', '7:17 AM');
insert into RestaurantWorkingTime (DayId, RestaurantId, StartTime, EndTime) values (3, 345, '11:29 AM', '7:26 AM');
insert into RestaurantWorkingTime (DayId, RestaurantId, StartTime, EndTime) values (3, 55, '9:30 AM', '12:23 PM');
insert into RestaurantWorkingTime (DayId, RestaurantId, StartTime, EndTime) values (6, 326, '11:12 AM', '6:01 PM');
insert into RestaurantWorkingTime (DayId, RestaurantId, StartTime, EndTime) values (6, 123, '7:41 AM', '4:22 PM');
insert into RestaurantWorkingTime (DayId, RestaurantId, StartTime, EndTime) values (4, 346, '10:21 AM', '10:38 PM');
insert into RestaurantWorkingTime (DayId, RestaurantId, StartTime, EndTime) values (6, 189, '8:05 AM', '5:52 PM');
insert into RestaurantWorkingTime (DayId, RestaurantId, StartTime, EndTime) values (3, 45, '7:40 AM', '4:41 AM');
insert into RestaurantWorkingTime (DayId, RestaurantId, StartTime, EndTime) values (1, 470, '9:55 AM', '11:58 AM');
insert into RestaurantWorkingTime (DayId, RestaurantId, StartTime, EndTime) values (2, 448, '12:32 PM', '6:57 AM');
insert into RestaurantWorkingTime (DayId, RestaurantId, StartTime, EndTime) values (7, 68, '9:04 AM', '3:20 PM');
insert into RestaurantWorkingTime (DayId, RestaurantId, StartTime, EndTime) values (2, 197, '12:21 PM', '7:41 AM');
insert into RestaurantWorkingTime (DayId, RestaurantId, StartTime, EndTime) values (7, 321, '12:25 PM', '4:37 AM');
insert into RestaurantWorkingTime (DayId, RestaurantId, StartTime, EndTime) values (2, 90, '7:08 AM', '7:33 PM');
insert into RestaurantWorkingTime (DayId, RestaurantId, StartTime, EndTime) values (7, 14, '11:46 AM', '2:16 PM');
insert into RestaurantWorkingTime (DayId, RestaurantId, StartTime, EndTime) values (7, 396, '1:05 PM', '4:45 PM');
insert into RestaurantWorkingTime (DayId, RestaurantId, StartTime, EndTime) values (7, 137, '12:11 PM', '9:16 PM');
insert into RestaurantWorkingTime (DayId, RestaurantId, StartTime, EndTime) values (5, 450, '12:25 PM', '3:35 AM');
insert into RestaurantWorkingTime (DayId, RestaurantId, StartTime, EndTime) values (3, 123, '9:55 AM', '10:39 AM');
insert into RestaurantWorkingTime (DayId, RestaurantId, StartTime, EndTime) values (7, 432, '12:14 PM', '5:05 AM');
insert into RestaurantWorkingTime (DayId, RestaurantId, StartTime, EndTime) values (4, 206, '10:04 AM', '5:19 AM');
insert into RestaurantWorkingTime (DayId, RestaurantId, StartTime, EndTime) values (7, 442, '11:45 AM', '8:20 PM');
insert into RestaurantWorkingTime (DayId, RestaurantId, StartTime, EndTime) values (4, 73, '9:14 AM', '9:47 PM');
insert into RestaurantWorkingTime (DayId, RestaurantId, StartTime, EndTime) values (1, 222, '1:01 PM', '3:44 AM');
insert into RestaurantWorkingTime (DayId, RestaurantId, StartTime, EndTime) values (7, 13, '9:50 AM', '11:11 AM');
insert into RestaurantWorkingTime (DayId, RestaurantId, StartTime, EndTime) values (1, 9, '12:42 PM', '6:53 AM');
insert into RestaurantWorkingTime (DayId, RestaurantId, StartTime, EndTime) values (6, 457, '1:48 PM', '7:44 PM');
insert into RestaurantWorkingTime (DayId, RestaurantId, StartTime, EndTime) values (3, 233, '8:49 AM', '10:08 AM');
insert into RestaurantWorkingTime (DayId, RestaurantId, StartTime, EndTime) values (3, 4, '8:07 AM', '5:44 AM');
insert into RestaurantWorkingTime (DayId, RestaurantId, StartTime, EndTime) values (4, 422, '9:12 AM', '4:45 AM');
insert into RestaurantWorkingTime (DayId, RestaurantId, StartTime, EndTime) values (1, 42, '10:29 AM', '2:43 AM');
insert into RestaurantWorkingTime (DayId, RestaurantId, StartTime, EndTime) values (7, 85, '11:35 AM', '9:00 AM');
insert into RestaurantWorkingTime (DayId, RestaurantId, StartTime, EndTime) values (4, 87, '1:37 PM', '7:53 PM');
insert into RestaurantWorkingTime (DayId, RestaurantId, StartTime, EndTime) values (2, 173, '9:13 AM', '10:22 AM');
insert into RestaurantWorkingTime (DayId, RestaurantId, StartTime, EndTime) values (3, 238, '10:28 AM', '1:37 PM');
insert into RestaurantWorkingTime (DayId, RestaurantId, StartTime, EndTime) values (6, 236, '12:06 PM', '8:16 AM');
insert into RestaurantWorkingTime (DayId, RestaurantId, StartTime, EndTime) values (4, 240, '9:44 AM', '10:16 PM');
insert into RestaurantWorkingTime (DayId, RestaurantId, StartTime, EndTime) values (4, 38, '7:00 AM', '2:31 AM');
insert into RestaurantWorkingTime (DayId, RestaurantId, StartTime, EndTime) values (6, 462, '11:40 AM', '12:50 PM');
insert into RestaurantWorkingTime (DayId, RestaurantId, StartTime, EndTime) values (6, 71, '1:40 PM', '2:57 PM');
insert into RestaurantWorkingTime (DayId, RestaurantId, StartTime, EndTime) values (3, 53, '9:45 AM', '12:06 PM');
insert into RestaurantWorkingTime (DayId, RestaurantId, StartTime, EndTime) values (5, 316, '9:53 AM', '9:27 PM');
insert into RestaurantWorkingTime (DayId, RestaurantId, StartTime, EndTime) values (6, 194, '8:58 AM', '10:29 PM');
insert into RestaurantWorkingTime (DayId, RestaurantId, StartTime, EndTime) values (3, 440, '8:18 AM', '7:56 AM');
insert into RestaurantWorkingTime (DayId, RestaurantId, StartTime, EndTime) values (4, 103, '9:22 AM', '10:15 PM');
insert into RestaurantWorkingTime (DayId, RestaurantId, StartTime, EndTime) values (5, 408, '12:53 PM', '2:12 AM');
insert into RestaurantWorkingTime (DayId, RestaurantId, StartTime, EndTime) values (5, 324, '1:41 PM', '4:27 AM');
insert into RestaurantWorkingTime (DayId, RestaurantId, StartTime, EndTime) values (6, 282, '1:16 PM', '4:04 AM');
insert into RestaurantWorkingTime (DayId, RestaurantId, StartTime, EndTime) values (3, 27, '9:15 AM', '9:09 AM');
insert into RestaurantWorkingTime (DayId, RestaurantId, StartTime, EndTime) values (1, 340, '10:11 AM', '5:04 AM');
insert into RestaurantWorkingTime (DayId, RestaurantId, StartTime, EndTime) values (5, 91, '7:06 AM', '3:29 PM');
insert into RestaurantWorkingTime (DayId, RestaurantId, StartTime, EndTime) values (6, 226, '9:13 AM', '8:38 PM');
insert into RestaurantWorkingTime (DayId, RestaurantId, StartTime, EndTime) values (5, 322, '11:29 AM', '11:42 PM');
insert into RestaurantWorkingTime (DayId, RestaurantId, StartTime, EndTime) values (5, 99, '10:43 AM', '4:48 PM');
insert into RestaurantWorkingTime (DayId, RestaurantId, StartTime, EndTime) values (2, 461, '12:56 PM', '1:28 PM');
insert into RestaurantWorkingTime (DayId, RestaurantId, StartTime, EndTime) values (3, 142, '12:27 PM', '3:51 AM');
insert into RestaurantWorkingTime (DayId, RestaurantId, StartTime, EndTime) values (5, 375, '8:18 AM', '8:21 PM');
insert into RestaurantWorkingTime (DayId, RestaurantId, StartTime, EndTime) values (1, 307, '11:30 AM', '9:49 PM');
insert into RestaurantWorkingTime (DayId, RestaurantId, StartTime, EndTime) values (3, 384, '8:28 AM', '10:19 AM');
insert into RestaurantWorkingTime (DayId, RestaurantId, StartTime, EndTime) values (7, 291, '11:34 AM', '9:30 PM');
insert into RestaurantWorkingTime (DayId, RestaurantId, StartTime, EndTime) values (4, 306, '10:56 AM', '10:01 AM');
insert into RestaurantWorkingTime (DayId, RestaurantId, StartTime, EndTime) values (2, 487, '12:47 PM', '5:10 PM');
insert into RestaurantWorkingTime (DayId, RestaurantId, StartTime, EndTime) values (5, 208, '9:47 AM', '8:15 AM');
insert into RestaurantWorkingTime (DayId, RestaurantId, StartTime, EndTime) values (2, 56, '10:18 AM', '11:37 AM');
insert into RestaurantWorkingTime (DayId, RestaurantId, StartTime, EndTime) values (4, 20, '10:59 AM', '7:47 PM');
insert into RestaurantWorkingTime (DayId, RestaurantId, StartTime, EndTime) values (5, 174, '7:50 AM', '11:39 AM');
insert into RestaurantWorkingTime (DayId, RestaurantId, StartTime, EndTime) values (7, 323, '11:04 AM', '10:39 AM');
insert into RestaurantWorkingTime (DayId, RestaurantId, StartTime, EndTime) values (2, 429, '1:05 PM', '7:24 AM');
insert into RestaurantWorkingTime (DayId, RestaurantId, StartTime, EndTime) values (2, 149, '8:55 AM', '8:42 PM');
insert into RestaurantWorkingTime (DayId, RestaurantId, StartTime, EndTime) values (7, 494, '1:03 PM', '11:50 PM');
insert into RestaurantWorkingTime (DayId, RestaurantId, StartTime, EndTime) values (1, 318, '11:59 AM', '6:05 PM');
insert into RestaurantWorkingTime (DayId, RestaurantId, StartTime, EndTime) values (5, 201, '8:50 AM', '1:24 PM');
insert into RestaurantWorkingTime (DayId, RestaurantId, StartTime, EndTime) values (4, 78, '12:52 PM', '5:20 PM');
insert into RestaurantWorkingTime (DayId, RestaurantId, StartTime, EndTime) values (4, 413, '1:05 PM', '3:08 AM');
insert into RestaurantWorkingTime (DayId, RestaurantId, StartTime, EndTime) values (3, 325, '1:05 PM', '5:01 AM');
insert into RestaurantWorkingTime (DayId, RestaurantId, StartTime, EndTime) values (1, 382, '7:25 AM', '6:15 PM');
insert into RestaurantWorkingTime (DayId, RestaurantId, StartTime, EndTime) values (1, 139, '12:56 PM', '11:45 AM');
insert into RestaurantWorkingTime (DayId, RestaurantId, StartTime, EndTime) values (5, 4, '12:51 PM', '7:06 AM');
insert into RestaurantWorkingTime (DayId, RestaurantId, StartTime, EndTime) values (5, 446, '12:56 PM', '8:18 AM');
insert into RestaurantWorkingTime (DayId, RestaurantId, StartTime, EndTime) values (2, 39, '7:10 AM', '8:15 PM');
insert into RestaurantWorkingTime (DayId, RestaurantId, StartTime, EndTime) values (2, 185, '9:18 AM', '1:47 PM');
insert into RestaurantWorkingTime (DayId, RestaurantId, StartTime, EndTime) values (6, 199, '12:22 PM', '4:34 PM');
insert into RestaurantWorkingTime (DayId, RestaurantId, StartTime, EndTime) values (5, 158, '8:35 AM', '6:48 AM');
insert into RestaurantWorkingTime (DayId, RestaurantId, StartTime, EndTime) values (3, 246, '7:39 AM', '3:27 PM');
insert into RestaurantWorkingTime (DayId, RestaurantId, StartTime, EndTime) values (1, 103, '1:27 PM', '8:05 PM');
insert into RestaurantWorkingTime (DayId, RestaurantId, StartTime, EndTime) values (4, 130, '1:38 PM', '11:43 AM');
insert into RestaurantWorkingTime (DayId, RestaurantId, StartTime, EndTime) values (3, 96, '12:31 PM', '1:48 PM');
insert into RestaurantWorkingTime (DayId, RestaurantId, StartTime, EndTime) values (3, 155, '8:29 AM', '3:15 AM');
insert into RestaurantWorkingTime (DayId, RestaurantId, StartTime, EndTime) values (6, 96, '7:42 AM', '9:59 PM');
insert into RestaurantWorkingTime (DayId, RestaurantId, StartTime, EndTime) values (3, 482, '12:14 PM', '6:23 PM');
insert into RestaurantWorkingTime (DayId, RestaurantId, StartTime, EndTime) values (7, 468, '7:19 AM', '11:39 AM');
insert into RestaurantWorkingTime (DayId, RestaurantId, StartTime, EndTime) values (3, 206, '9:28 AM', '2:29 AM');
insert into RestaurantWorkingTime (DayId, RestaurantId, StartTime, EndTime) values (3, 164, '12:23 PM', '3:18 PM');
insert into RestaurantWorkingTime (DayId, RestaurantId, StartTime, EndTime) values (7, 249, '9:13 AM', '5:04 PM');
insert into RestaurantWorkingTime (DayId, RestaurantId, StartTime, EndTime) values (6, 452, '8:46 AM', '10:32 PM');
insert into RestaurantWorkingTime (DayId, RestaurantId, StartTime, EndTime) values (6, 44, '1:37 PM', '9:43 AM');
insert into RestaurantWorkingTime (DayId, RestaurantId, StartTime, EndTime) values (2, 152, '8:01 AM', '10:39 PM');
insert into RestaurantWorkingTime (DayId, RestaurantId, StartTime, EndTime) values (7, 469, '8:06 AM', '2:21 PM');
insert into RestaurantWorkingTime (DayId, RestaurantId, StartTime, EndTime) values (1, 496, '12:48 PM', '3:10 PM');
insert into RestaurantWorkingTime (DayId, RestaurantId, StartTime, EndTime) values (6, 197, '7:24 AM', '9:14 PM');
insert into RestaurantWorkingTime (DayId, RestaurantId, StartTime, EndTime) values (4, 426, '10:20 AM', '9:01 PM');
insert into RestaurantWorkingTime (DayId, RestaurantId, StartTime, EndTime) values (1, 55, '10:32 AM', '8:59 AM');
insert into RestaurantWorkingTime (DayId, RestaurantId, StartTime, EndTime) values (5, 50, '7:08 AM', '8:02 AM');
insert into RestaurantWorkingTime (DayId, RestaurantId, StartTime, EndTime) values (6, 366, '8:32 AM', '1:54 PM');
insert into RestaurantWorkingTime (DayId, RestaurantId, StartTime, EndTime) values (2, 135, '10:22 AM', '11:18 AM');
insert into RestaurantWorkingTime (DayId, RestaurantId, StartTime, EndTime) values (4, 429, '11:55 AM', '7:14 AM');
insert into RestaurantWorkingTime (DayId, RestaurantId, StartTime, EndTime) values (7, 124, '1:38 PM', '5:32 PM');
insert into RestaurantWorkingTime (DayId, RestaurantId, StartTime, EndTime) values (1, 469, '12:47 PM', '7:43 PM');
insert into RestaurantWorkingTime (DayId, RestaurantId, StartTime, EndTime) values (2, 293, '11:33 AM', '1:21 PM');
insert into RestaurantWorkingTime (DayId, RestaurantId, StartTime, EndTime) values (4, 137, '9:25 AM', '5:02 PM');
insert into RestaurantWorkingTime (DayId, RestaurantId, StartTime, EndTime) values (3, 123, '9:28 AM', '9:31 AM');
insert into RestaurantWorkingTime (DayId, RestaurantId, StartTime, EndTime) values (2, 45, '10:15 AM', '3:49 AM');
insert into RestaurantWorkingTime (DayId, RestaurantId, StartTime, EndTime) values (7, 410, '7:46 AM', '4:57 PM');
insert into RestaurantWorkingTime (DayId, RestaurantId, StartTime, EndTime) values (2, 311, '9:20 AM', '8:52 AM');
insert into RestaurantWorkingTime (DayId, RestaurantId, StartTime, EndTime) values (3, 221, '1:45 PM', '5:20 AM');
insert into RestaurantWorkingTime (DayId, RestaurantId, StartTime, EndTime) values (5, 45, '10:35 AM', '9:45 PM');
insert into RestaurantWorkingTime (DayId, RestaurantId, StartTime, EndTime) values (5, 36, '12:12 PM', '12:24 PM');
insert into RestaurantWorkingTime (DayId, RestaurantId, StartTime, EndTime) values (1, 125, '12:34 PM', '8:00 AM');
insert into RestaurantWorkingTime (DayId, RestaurantId, StartTime, EndTime) values (6, 151, '9:02 AM', '2:51 PM');
insert into RestaurantWorkingTime (DayId, RestaurantId, StartTime, EndTime) values (4, 126, '1:02 PM', '9:58 PM');
insert into RestaurantWorkingTime (DayId, RestaurantId, StartTime, EndTime) values (5, 73, '10:01 AM', '3:52 AM');
insert into RestaurantWorkingTime (DayId, RestaurantId, StartTime, EndTime) values (3, 376, '7:53 AM', '11:52 AM');
insert into RestaurantWorkingTime (DayId, RestaurantId, StartTime, EndTime) values (1, 259, '9:42 AM', '9:06 AM');
insert into RestaurantWorkingTime (DayId, RestaurantId, StartTime, EndTime) values (5, 237, '9:11 AM', '8:19 AM');
insert into RestaurantWorkingTime (DayId, RestaurantId, StartTime, EndTime) values (1, 257, '12:27 PM', '11:38 AM');
insert into RestaurantWorkingTime (DayId, RestaurantId, StartTime, EndTime) values (6, 188, '1:33 PM', '9:57 PM');
insert into RestaurantWorkingTime (DayId, RestaurantId, StartTime, EndTime) values (2, 290, '7:28 AM', '1:43 PM');
insert into RestaurantWorkingTime (DayId, RestaurantId, StartTime, EndTime) values (7, 109, '1:20 PM', '9:27 AM');
insert into RestaurantWorkingTime (DayId, RestaurantId, StartTime, EndTime) values (3, 487, '8:12 AM', '4:55 PM');
insert into RestaurantWorkingTime (DayId, RestaurantId, StartTime, EndTime) values (1, 218, '12:38 PM', '4:51 AM');
insert into RestaurantWorkingTime (DayId, RestaurantId, StartTime, EndTime) values (6, 282, '9:07 AM', '12:17 PM');
insert into RestaurantWorkingTime (DayId, RestaurantId, StartTime, EndTime) values (7, 75, '12:34 PM', '1:04 PM');
insert into RestaurantWorkingTime (DayId, RestaurantId, StartTime, EndTime) values (3, 466, '7:07 AM', '8:03 PM');
insert into RestaurantWorkingTime (DayId, RestaurantId, StartTime, EndTime) values (3, 306, '10:51 AM', '2:25 AM');
insert into RestaurantWorkingTime (DayId, RestaurantId, StartTime, EndTime) values (2, 239, '11:04 AM', '9:18 PM');
insert into RestaurantWorkingTime (DayId, RestaurantId, StartTime, EndTime) values (4, 487, '1:34 PM', '7:48 PM');
insert into RestaurantWorkingTime (DayId, RestaurantId, StartTime, EndTime) values (7, 70, '11:44 AM', '10:46 AM');
insert into RestaurantWorkingTime (DayId, RestaurantId, StartTime, EndTime) values (3, 319, '1:44 PM', '11:23 PM');
insert into RestaurantWorkingTime (DayId, RestaurantId, StartTime, EndTime) values (5, 376, '8:25 AM', '5:44 PM');
insert into RestaurantWorkingTime (DayId, RestaurantId, StartTime, EndTime) values (6, 123, '9:49 AM', '4:11 AM');
insert into RestaurantWorkingTime (DayId, RestaurantId, StartTime, EndTime) values (1, 404, '7:58 AM', '8:37 PM');
insert into RestaurantWorkingTime (DayId, RestaurantId, StartTime, EndTime) values (7, 335, '8:23 AM', '9:55 AM');
insert into RestaurantWorkingTime (DayId, RestaurantId, StartTime, EndTime) values (5, 206, '8:30 AM', '1:36 PM');
insert into RestaurantWorkingTime (DayId, RestaurantId, StartTime, EndTime) values (3, 470, '12:55 PM', '11:46 PM');
insert into RestaurantWorkingTime (DayId, RestaurantId, StartTime, EndTime) values (4, 409, '10:02 AM', '2:47 PM');
insert into RestaurantWorkingTime (DayId, RestaurantId, StartTime, EndTime) values (2, 20, '11:41 AM', '10:41 PM');
insert into RestaurantWorkingTime (DayId, RestaurantId, StartTime, EndTime) values (3, 304, '10:00 AM', '10:31 AM');
insert into RestaurantWorkingTime (DayId, RestaurantId, StartTime, EndTime) values (3, 436, '9:04 AM', '10:21 PM');
insert into RestaurantWorkingTime (DayId, RestaurantId, StartTime, EndTime) values (3, 55, '11:00 AM', '11:48 PM');
insert into RestaurantWorkingTime (DayId, RestaurantId, StartTime, EndTime) values (4, 233, '8:32 AM', '3:34 PM');
insert into RestaurantWorkingTime (DayId, RestaurantId, StartTime, EndTime) values (3, 201, '11:59 AM', '10:12 AM');
insert into RestaurantWorkingTime (DayId, RestaurantId, StartTime, EndTime) values (5, 1, '1:27 PM', '1:23 PM');
insert into RestaurantWorkingTime (DayId, RestaurantId, StartTime, EndTime) values (3, 42, '7:40 AM', '2:41 PM');
insert into RestaurantWorkingTime (DayId, RestaurantId, StartTime, EndTime) values (6, 106, '10:46 AM', '5:15 AM');
insert into RestaurantWorkingTime (DayId, RestaurantId, StartTime, EndTime) values (5, 318, '9:27 AM', '5:05 PM');
insert into RestaurantWorkingTime (DayId, RestaurantId, StartTime, EndTime) values (4, 204, '7:33 AM', '8:48 PM');
insert into RestaurantWorkingTime (DayId, RestaurantId, StartTime, EndTime) values (1, 330, '10:50 AM', '6:42 AM');
insert into RestaurantWorkingTime (DayId, RestaurantId, StartTime, EndTime) values (3, 163, '1:51 PM', '11:00 AM');
insert into RestaurantWorkingTime (DayId, RestaurantId, StartTime, EndTime) values (7, 407, '11:13 AM', '1:05 PM');
insert into RestaurantWorkingTime (DayId, RestaurantId, StartTime, EndTime) values (6, 330, '8:42 AM', '12:45 PM');
insert into RestaurantWorkingTime (DayId, RestaurantId, StartTime, EndTime) values (7, 420, '12:56 PM', '7:02 AM');
insert into RestaurantWorkingTime (DayId, RestaurantId, StartTime, EndTime) values (5, 309, '12:37 PM', '3:46 PM');
insert into RestaurantWorkingTime (DayId, RestaurantId, StartTime, EndTime) values (4, 153, '1:20 PM', '12:02 PM');
insert into RestaurantWorkingTime (DayId, RestaurantId, StartTime, EndTime) values (7, 163, '11:04 AM', '5:37 PM');
insert into RestaurantWorkingTime (DayId, RestaurantId, StartTime, EndTime) values (5, 388, '8:39 AM', '2:45 AM');
insert into RestaurantWorkingTime (DayId, RestaurantId, StartTime, EndTime) values (1, 287, '11:39 AM', '5:09 PM');
insert into RestaurantWorkingTime (DayId, RestaurantId, StartTime, EndTime) values (4, 228, '9:55 AM', '2:50 PM');
insert into RestaurantWorkingTime (DayId, RestaurantId, StartTime, EndTime) values (7, 423, '8:58 AM', '4:31 PM');
insert into RestaurantWorkingTime (DayId, RestaurantId, StartTime, EndTime) values (3, 388, '12:32 PM', '9:26 AM');
insert into RestaurantWorkingTime (DayId, RestaurantId, StartTime, EndTime) values (2, 147, '8:31 AM', '4:28 PM');
insert into RestaurantWorkingTime (DayId, RestaurantId, StartTime, EndTime) values (7, 299, '12:08 PM', '3:34 PM');
insert into RestaurantWorkingTime (DayId, RestaurantId, StartTime, EndTime) values (4, 165, '7:24 AM', '3:08 AM');
insert into RestaurantWorkingTime (DayId, RestaurantId, StartTime, EndTime) values (5, 147, '8:54 AM', '9:49 AM');
insert into RestaurantWorkingTime (DayId, RestaurantId, StartTime, EndTime) values (6, 188, '1:15 PM', '11:37 AM');
insert into RestaurantWorkingTime (DayId, RestaurantId, StartTime, EndTime) values (2, 293, '8:28 AM', '6:54 PM');
insert into RestaurantWorkingTime (DayId, RestaurantId, StartTime, EndTime) values (6, 99, '12:22 PM', '8:20 PM');
insert into RestaurantWorkingTime (DayId, RestaurantId, StartTime, EndTime) values (4, 53, '1:50 PM', '8:25 PM');
insert into RestaurantWorkingTime (DayId, RestaurantId, StartTime, EndTime) values (4, 171, '7:53 AM', '11:17 AM');
insert into RestaurantWorkingTime (DayId, RestaurantId, StartTime, EndTime) values (6, 23, '9:24 AM', '4:40 PM');
insert into RestaurantWorkingTime (DayId, RestaurantId, StartTime, EndTime) values (4, 398, '1:19 PM', '3:50 AM');
insert into RestaurantWorkingTime (DayId, RestaurantId, StartTime, EndTime) values (3, 15, '9:39 AM', '11:45 PM');
insert into RestaurantWorkingTime (DayId, RestaurantId, StartTime, EndTime) values (4, 161, '7:49 AM', '4:56 PM');
insert into RestaurantWorkingTime (DayId, RestaurantId, StartTime, EndTime) values (6, 61, '1:02 PM', '9:58 PM');
insert into RestaurantWorkingTime (DayId, RestaurantId, StartTime, EndTime) values (1, 237, '8:11 AM', '2:09 AM');
insert into RestaurantWorkingTime (DayId, RestaurantId, StartTime, EndTime) values (7, 460, '11:25 AM', '12:04 PM');
insert into RestaurantWorkingTime (DayId, RestaurantId, StartTime, EndTime) values (1, 496, '8:49 AM', '2:43 AM');
insert into RestaurantWorkingTime (DayId, RestaurantId, StartTime, EndTime) values (2, 195, '7:43 AM', '3:47 AM');
insert into RestaurantWorkingTime (DayId, RestaurantId, StartTime, EndTime) values (5, 322, '11:15 AM', '9:46 PM');
insert into RestaurantWorkingTime (DayId, RestaurantId, StartTime, EndTime) values (7, 244, '10:48 AM', '8:27 PM');
insert into RestaurantWorkingTime (DayId, RestaurantId, StartTime, EndTime) values (6, 17, '9:19 AM', '2:44 AM');
insert into RestaurantWorkingTime (DayId, RestaurantId, StartTime, EndTime) values (7, 444, '1:25 PM', '1:58 PM');
insert into RestaurantWorkingTime (DayId, RestaurantId, StartTime, EndTime) values (7, 396, '10:33 AM', '6:58 PM');
insert into RestaurantWorkingTime (DayId, RestaurantId, StartTime, EndTime) values (1, 474, '10:18 AM', '9:40 AM');
insert into RestaurantWorkingTime (DayId, RestaurantId, StartTime, EndTime) values (1, 405, '10:56 AM', '10:36 AM');
insert into RestaurantWorkingTime (DayId, RestaurantId, StartTime, EndTime) values (1, 392, '10:34 AM', '1:39 PM');
insert into RestaurantWorkingTime (DayId, RestaurantId, StartTime, EndTime) values (2, 373, '12:32 PM', '9:46 PM');
insert into RestaurantWorkingTime (DayId, RestaurantId, StartTime, EndTime) values (1, 19, '12:59 PM', '8:14 PM');
insert into RestaurantWorkingTime (DayId, RestaurantId, StartTime, EndTime) values (1, 299, '8:30 AM', '6:01 AM');
insert into RestaurantWorkingTime (DayId, RestaurantId, StartTime, EndTime) values (3, 418, '7:44 AM', '3:58 PM');
insert into RestaurantWorkingTime (DayId, RestaurantId, StartTime, EndTime) values (2, 90, '9:42 AM', '9:37 PM');
insert into RestaurantWorkingTime (DayId, RestaurantId, StartTime, EndTime) values (7, 96, '11:14 AM', '12:45 PM');
insert into RestaurantWorkingTime (DayId, RestaurantId, StartTime, EndTime) values (6, 164, '11:33 AM', '9:59 PM');
insert into RestaurantWorkingTime (DayId, RestaurantId, StartTime, EndTime) values (3, 29, '12:07 PM', '3:02 AM');
insert into RestaurantWorkingTime (DayId, RestaurantId, StartTime, EndTime) values (2, 500, '1:58 PM', '4:20 AM');
insert into RestaurantWorkingTime (DayId, RestaurantId, StartTime, EndTime) values (6, 215, '1:38 PM', '11:07 AM');
insert into RestaurantWorkingTime (DayId, RestaurantId, StartTime, EndTime) values (2, 61, '7:48 AM', '8:11 AM');
insert into RestaurantWorkingTime (DayId, RestaurantId, StartTime, EndTime) values (5, 174, '8:28 AM', '7:18 PM');
insert into RestaurantWorkingTime (DayId, RestaurantId, StartTime, EndTime) values (4, 230, '1:01 PM', '11:02 PM');
insert into RestaurantWorkingTime (DayId, RestaurantId, StartTime, EndTime) values (5, 189, '9:30 AM', '10:31 AM');
insert into RestaurantWorkingTime (DayId, RestaurantId, StartTime, EndTime) values (2, 367, '11:58 AM', '4:19 PM');
insert into RestaurantWorkingTime (DayId, RestaurantId, StartTime, EndTime) values (7, 422, '8:21 AM', '8:03 PM');
insert into RestaurantWorkingTime (DayId, RestaurantId, StartTime, EndTime) values (3, 474, '12:26 PM', '10:46 AM');
insert into RestaurantWorkingTime (DayId, RestaurantId, StartTime, EndTime) values (5, 458, '7:00 AM', '5:07 AM');
insert into RestaurantWorkingTime (DayId, RestaurantId, StartTime, EndTime) values (5, 407, '7:11 AM', '9:40 PM');
insert into RestaurantWorkingTime (DayId, RestaurantId, StartTime, EndTime) values (2, 257, '9:16 AM', '12:04 PM');
insert into RestaurantWorkingTime (DayId, RestaurantId, StartTime, EndTime) values (6, 485, '8:01 AM', '7:07 AM');
insert into RestaurantWorkingTime (DayId, RestaurantId, StartTime, EndTime) values (6, 437, '12:33 PM', '6:52 AM');
insert into RestaurantWorkingTime (DayId, RestaurantId, StartTime, EndTime) values (2, 87, '9:17 AM', '7:32 AM');
insert into RestaurantWorkingTime (DayId, RestaurantId, StartTime, EndTime) values (2, 126, '10:29 AM', '5:39 PM');
insert into RestaurantWorkingTime (DayId, RestaurantId, StartTime, EndTime) values (1, 65, '1:01 PM', '7:34 PM');
insert into RestaurantWorkingTime (DayId, RestaurantId, StartTime, EndTime) values (4, 184, '8:52 AM', '8:32 AM');
insert into RestaurantWorkingTime (DayId, RestaurantId, StartTime, EndTime) values (5, 247, '11:06 AM', '4:26 AM');
insert into RestaurantWorkingTime (DayId, RestaurantId, StartTime, EndTime) values (6, 439, '1:42 PM', '11:40 PM');
insert into RestaurantWorkingTime (DayId, RestaurantId, StartTime, EndTime) values (2, 391, '11:45 AM', '5:21 AM');
insert into RestaurantWorkingTime (DayId, RestaurantId, StartTime, EndTime) values (7, 493, '8:41 AM', '5:58 AM');
insert into RestaurantWorkingTime (DayId, RestaurantId, StartTime, EndTime) values (2, 369, '10:32 AM', '1:40 PM');
insert into RestaurantWorkingTime (DayId, RestaurantId, StartTime, EndTime) values (7, 94, '1:17 PM', '5:46 AM');
insert into RestaurantWorkingTime (DayId, RestaurantId, StartTime, EndTime) values (1, 104, '12:56 PM', '5:57 PM');
insert into RestaurantWorkingTime (DayId, RestaurantId, StartTime, EndTime) values (2, 365, '1:17 PM', '7:40 PM');
insert into RestaurantWorkingTime (DayId, RestaurantId, StartTime, EndTime) values (6, 287, '8:20 AM', '11:53 PM');
insert into RestaurantWorkingTime (DayId, RestaurantId, StartTime, EndTime) values (7, 138, '7:30 AM', '10:07 AM');
insert into RestaurantWorkingTime (DayId, RestaurantId, StartTime, EndTime) values (4, 402, '10:19 AM', '3:38 PM');
insert into RestaurantWorkingTime (DayId, RestaurantId, StartTime, EndTime) values (1, 74, '8:39 AM', '8:21 AM');
insert into RestaurantWorkingTime (DayId, RestaurantId, StartTime, EndTime) values (6, 186, '1:13 PM', '11:37 PM');
insert into RestaurantWorkingTime (DayId, RestaurantId, StartTime, EndTime) values (4, 55, '1:05 PM', '4:43 AM');
insert into RestaurantWorkingTime (DayId, RestaurantId, StartTime, EndTime) values (7, 389, '10:46 AM', '4:53 PM');
insert into RestaurantWorkingTime (DayId, RestaurantId, StartTime, EndTime) values (2, 396, '8:07 AM', '3:47 AM');
insert into RestaurantWorkingTime (DayId, RestaurantId, StartTime, EndTime) values (7, 397, '10:39 AM', '2:57 AM');
insert into RestaurantWorkingTime (DayId, RestaurantId, StartTime, EndTime) values (3, 287, '1:50 PM', '7:31 AM');
insert into RestaurantWorkingTime (DayId, RestaurantId, StartTime, EndTime) values (7, 15, '7:32 AM', '2:02 AM');
insert into RestaurantWorkingTime (DayId, RestaurantId, StartTime, EndTime) values (4, 174, '9:04 AM', '2:38 AM');
insert into RestaurantWorkingTime (DayId, RestaurantId, StartTime, EndTime) values (2, 67, '7:30 AM', '9:37 PM');
insert into RestaurantWorkingTime (DayId, RestaurantId, StartTime, EndTime) values (5, 31, '12:28 PM', '2:51 AM');
insert into RestaurantWorkingTime (DayId, RestaurantId, StartTime, EndTime) values (7, 308, '1:46 PM', '6:21 PM');
insert into RestaurantWorkingTime (DayId, RestaurantId, StartTime, EndTime) values (5, 203, '7:11 AM', '2:17 AM');
insert into RestaurantWorkingTime (DayId, RestaurantId, StartTime, EndTime) values (4, 429, '9:18 AM', '4:13 PM');
insert into RestaurantWorkingTime (DayId, RestaurantId, StartTime, EndTime) values (3, 265, '9:09 AM', '7:55 AM');
insert into RestaurantWorkingTime (DayId, RestaurantId, StartTime, EndTime) values (7, 387, '8:24 AM', '2:26 PM');
insert into RestaurantWorkingTime (DayId, RestaurantId, StartTime, EndTime) values (7, 136, '1:07 PM', '5:54 PM');
insert into RestaurantWorkingTime (DayId, RestaurantId, StartTime, EndTime) values (2, 347, '8:21 AM', '3:56 PM');
insert into RestaurantWorkingTime (DayId, RestaurantId, StartTime, EndTime) values (1, 224, '7:27 AM', '7:11 AM');
insert into RestaurantWorkingTime (DayId, RestaurantId, StartTime, EndTime) values (4, 312, '7:01 AM', '4:04 AM');
insert into RestaurantWorkingTime (DayId, RestaurantId, StartTime, EndTime) values (6, 259, '7:26 AM', '11:25 AM');
insert into RestaurantWorkingTime (DayId, RestaurantId, StartTime, EndTime) values (4, 116, '8:34 AM', '2:36 PM');
insert into RestaurantWorkingTime (DayId, RestaurantId, StartTime, EndTime) values (2, 16, '8:49 AM', '11:06 PM');
insert into RestaurantWorkingTime (DayId, RestaurantId, StartTime, EndTime) values (5, 495, '10:24 AM', '6:42 PM');
insert into RestaurantWorkingTime (DayId, RestaurantId, StartTime, EndTime) values (3, 18, '11:27 AM', '11:25 PM');
insert into RestaurantWorkingTime (DayId, RestaurantId, StartTime, EndTime) values (4, 277, '9:59 AM', '3:22 PM');
insert into RestaurantWorkingTime (DayId, RestaurantId, StartTime, EndTime) values (3, 81, '7:55 AM', '3:04 AM');
insert into RestaurantWorkingTime (DayId, RestaurantId, StartTime, EndTime) values (3, 41, '9:14 AM', '3:15 PM');
insert into RestaurantWorkingTime (DayId, RestaurantId, StartTime, EndTime) values (5, 111, '12:39 PM', '6:49 AM');
insert into RestaurantWorkingTime (DayId, RestaurantId, StartTime, EndTime) values (4, 154, '10:38 AM', '7:19 PM');
insert into RestaurantWorkingTime (DayId, RestaurantId, StartTime, EndTime) values (5, 497, '9:24 AM', '3:03 PM');
insert into RestaurantWorkingTime (DayId, RestaurantId, StartTime, EndTime) values (7, 301, '10:49 AM', '5:25 PM');
insert into RestaurantWorkingTime (DayId, RestaurantId, StartTime, EndTime) values (2, 351, '10:54 AM', '4:58 AM');
insert into RestaurantWorkingTime (DayId, RestaurantId, StartTime, EndTime) values (4, 73, '8:12 AM', '1:18 PM');
insert into RestaurantWorkingTime (DayId, RestaurantId, StartTime, EndTime) values (4, 191, '11:36 AM', '8:22 PM');
insert into RestaurantWorkingTime (DayId, RestaurantId, StartTime, EndTime) values (6, 33, '10:01 AM', '1:47 PM');
insert into RestaurantWorkingTime (DayId, RestaurantId, StartTime, EndTime) values (2, 308, '11:45 AM', '5:31 PM');
insert into RestaurantWorkingTime (DayId, RestaurantId, StartTime, EndTime) values (2, 42, '12:26 PM', '2:01 AM');
insert into RestaurantWorkingTime (DayId, RestaurantId, StartTime, EndTime) values (3, 387, '8:45 AM', '1:49 PM');
insert into RestaurantWorkingTime (DayId, RestaurantId, StartTime, EndTime) values (6, 115, '11:01 AM', '5:30 AM');
insert into RestaurantWorkingTime (DayId, RestaurantId, StartTime, EndTime) values (4, 250, '12:20 PM', '5:06 PM');
insert into RestaurantWorkingTime (DayId, RestaurantId, StartTime, EndTime) values (3, 8, '8:56 AM', '11:50 PM');
insert into RestaurantWorkingTime (DayId, RestaurantId, StartTime, EndTime) values (7, 200, '7:10 AM', '5:52 PM');
insert into RestaurantWorkingTime (DayId, RestaurantId, StartTime, EndTime) values (1, 349, '8:31 AM', '10:30 AM');
insert into RestaurantWorkingTime (DayId, RestaurantId, StartTime, EndTime) values (2, 197, '12:25 PM', '5:33 PM');
insert into RestaurantWorkingTime (DayId, RestaurantId, StartTime, EndTime) values (1, 437, '12:31 PM', '2:19 AM');
insert into RestaurantWorkingTime (DayId, RestaurantId, StartTime, EndTime) values (5, 50, '11:45 AM', '9:32 PM');
insert into RestaurantWorkingTime (DayId, RestaurantId, StartTime, EndTime) values (1, 351, '7:12 AM', '5:54 AM');
insert into RestaurantWorkingTime (DayId, RestaurantId, StartTime, EndTime) values (6, 342, '8:54 AM', '10:30 AM');
insert into RestaurantWorkingTime (DayId, RestaurantId, StartTime, EndTime) values (2, 347, '8:38 AM', '2:26 AM');
insert into RestaurantWorkingTime (DayId, RestaurantId, StartTime, EndTime) values (4, 421, '9:59 AM', '12:45 PM');
insert into RestaurantWorkingTime (DayId, RestaurantId, StartTime, EndTime) values (7, 155, '12:29 PM', '9:29 PM');
insert into RestaurantWorkingTime (DayId, RestaurantId, StartTime, EndTime) values (1, 153, '8:34 AM', '9:42 PM');
insert into RestaurantWorkingTime (DayId, RestaurantId, StartTime, EndTime) values (4, 443, '9:36 AM', '8:40 PM');
insert into RestaurantWorkingTime (DayId, RestaurantId, StartTime, EndTime) values (3, 431, '1:57 PM', '9:44 PM');
insert into RestaurantWorkingTime (DayId, RestaurantId, StartTime, EndTime) values (5, 169, '10:05 AM', '6:59 AM');
insert into RestaurantWorkingTime (DayId, RestaurantId, StartTime, EndTime) values (2, 76, '9:47 AM', '7:42 AM');
insert into RestaurantWorkingTime (DayId, RestaurantId, StartTime, EndTime) values (2, 292, '11:57 AM', '10:53 PM');
insert into RestaurantWorkingTime (DayId, RestaurantId, StartTime, EndTime) values (5, 1, '10:52 AM', '8:44 PM');
insert into RestaurantWorkingTime (DayId, RestaurantId, StartTime, EndTime) values (6, 208, '9:11 AM', '11:28 PM');
insert into RestaurantWorkingTime (DayId, RestaurantId, StartTime, EndTime) values (7, 33, '8:57 AM', '7:40 AM');
insert into RestaurantWorkingTime (DayId, RestaurantId, StartTime, EndTime) values (7, 441, '1:50 PM', '7:14 AM');
insert into RestaurantWorkingTime (DayId, RestaurantId, StartTime, EndTime) values (4, 442, '10:59 AM', '7:05 PM');
insert into RestaurantWorkingTime (DayId, RestaurantId, StartTime, EndTime) values (4, 334, '1:36 PM', '11:24 PM');
insert into RestaurantWorkingTime (DayId, RestaurantId, StartTime, EndTime) values (7, 322, '10:17 AM', '8:42 AM');
insert into RestaurantWorkingTime (DayId, RestaurantId, StartTime, EndTime) values (4, 226, '12:18 PM', '3:55 AM');
insert into RestaurantWorkingTime (DayId, RestaurantId, StartTime, EndTime) values (6, 390, '8:12 AM', '11:58 AM');
insert into RestaurantWorkingTime (DayId, RestaurantId, StartTime, EndTime) values (2, 76, '7:37 AM', '9:03 AM');
insert into RestaurantWorkingTime (DayId, RestaurantId, StartTime, EndTime) values (4, 421, '9:08 AM', '11:02 AM');
insert into RestaurantWorkingTime (DayId, RestaurantId, StartTime, EndTime) values (2, 238, '10:55 AM', '3:20 PM');
insert into RestaurantWorkingTime (DayId, RestaurantId, StartTime, EndTime) values (4, 85, '10:23 AM', '11:25 PM');
insert into RestaurantWorkingTime (DayId, RestaurantId, StartTime, EndTime) values (7, 398, '9:16 AM', '2:40 PM');
insert into RestaurantWorkingTime (DayId, RestaurantId, StartTime, EndTime) values (3, 494, '8:40 AM', '1:11 PM');
insert into RestaurantWorkingTime (DayId, RestaurantId, StartTime, EndTime) values (4, 173, '10:09 AM', '9:21 PM');
insert into RestaurantWorkingTime (DayId, RestaurantId, StartTime, EndTime) values (7, 140, '9:33 AM', '8:32 PM');
insert into RestaurantWorkingTime (DayId, RestaurantId, StartTime, EndTime) values (4, 239, '12:24 PM', '6:30 AM');
insert into RestaurantWorkingTime (DayId, RestaurantId, StartTime, EndTime) values (3, 19, '12:19 PM', '12:45 PM');
insert into RestaurantWorkingTime (DayId, RestaurantId, StartTime, EndTime) values (2, 20, '12:56 PM', '2:39 PM');
insert into RestaurantWorkingTime (DayId, RestaurantId, StartTime, EndTime) values (3, 379, '7:37 AM', '7:05 AM');
insert into RestaurantWorkingTime (DayId, RestaurantId, StartTime, EndTime) values (3, 204, '9:57 AM', '6:47 PM');
insert into RestaurantWorkingTime (DayId, RestaurantId, StartTime, EndTime) values (3, 220, '11:34 AM', '7:43 PM');
insert into RestaurantWorkingTime (DayId, RestaurantId, StartTime, EndTime) values (1, 341, '10:45 AM', '7:04 AM');
insert into RestaurantWorkingTime (DayId, RestaurantId, StartTime, EndTime) values (3, 387, '1:37 PM', '6:40 PM');
insert into RestaurantWorkingTime (DayId, RestaurantId, StartTime, EndTime) values (3, 292, '11:06 AM', '10:07 PM');
insert into RestaurantWorkingTime (DayId, RestaurantId, StartTime, EndTime) values (5, 329, '9:34 AM', '9:00 PM');
insert into RestaurantWorkingTime (DayId, RestaurantId, StartTime, EndTime) values (3, 402, '11:59 AM', '7:06 PM');
insert into RestaurantWorkingTime (DayId, RestaurantId, StartTime, EndTime) values (5, 498, '1:47 PM', '8:16 AM');
insert into RestaurantWorkingTime (DayId, RestaurantId, StartTime, EndTime) values (4, 199, '7:49 AM', '1:10 PM');
insert into RestaurantWorkingTime (DayId, RestaurantId, StartTime, EndTime) values (5, 184, '8:35 AM', '7:09 PM');
insert into RestaurantWorkingTime (DayId, RestaurantId, StartTime, EndTime) values (6, 279, '11:17 AM', '8:52 PM');
insert into RestaurantWorkingTime (DayId, RestaurantId, StartTime, EndTime) values (7, 351, '11:47 AM', '11:01 AM');
insert into RestaurantWorkingTime (DayId, RestaurantId, StartTime, EndTime) values (3, 387, '7:09 AM', '8:20 PM');
insert into RestaurantWorkingTime (DayId, RestaurantId, StartTime, EndTime) values (3, 306, '1:30 PM', '5:56 AM');
insert into RestaurantWorkingTime (DayId, RestaurantId, StartTime, EndTime) values (4, 162, '8:56 AM', '3:33 PM');
insert into RestaurantWorkingTime (DayId, RestaurantId, StartTime, EndTime) values (1, 48, '1:57 PM', '4:01 PM');
insert into RestaurantWorkingTime (DayId, RestaurantId, StartTime, EndTime) values (3, 387, '8:44 AM', '12:40 PM');
insert into RestaurantWorkingTime (DayId, RestaurantId, StartTime, EndTime) values (3, 361, '12:01 PM', '12:34 PM');
insert into RestaurantWorkingTime (DayId, RestaurantId, StartTime, EndTime) values (7, 164, '9:41 AM', '10:11 PM');
insert into RestaurantWorkingTime (DayId, RestaurantId, StartTime, EndTime) values (7, 277, '7:02 AM', '4:52 AM');
insert into RestaurantWorkingTime (DayId, RestaurantId, StartTime, EndTime) values (4, 361, '7:20 AM', '5:12 AM');
insert into RestaurantWorkingTime (DayId, RestaurantId, StartTime, EndTime) values (2, 461, '7:58 AM', '8:38 PM');
insert into RestaurantWorkingTime (DayId, RestaurantId, StartTime, EndTime) values (3, 492, '11:44 AM', '8:43 PM');
insert into RestaurantWorkingTime (DayId, RestaurantId, StartTime, EndTime) values (1, 345, '10:35 AM', '5:26 PM');
insert into RestaurantWorkingTime (DayId, RestaurantId, StartTime, EndTime) values (5, 53, '12:40 PM', '5:16 AM');
insert into RestaurantWorkingTime (DayId, RestaurantId, StartTime, EndTime) values (1, 467, '7:25 AM', '4:03 PM');
insert into RestaurantWorkingTime (DayId, RestaurantId, StartTime, EndTime) values (6, 68, '11:37 AM', '2:20 PM');
insert into RestaurantWorkingTime (DayId, RestaurantId, StartTime, EndTime) values (4, 142, '1:09 PM', '9:18 AM');
insert into RestaurantWorkingTime (DayId, RestaurantId, StartTime, EndTime) values (4, 114, '10:42 AM', '11:28 PM');
insert into RestaurantWorkingTime (DayId, RestaurantId, StartTime, EndTime) values (3, 211, '11:13 AM', '5:25 AM');
insert into RestaurantWorkingTime (DayId, RestaurantId, StartTime, EndTime) values (2, 441, '7:55 AM', '4:24 AM');
insert into RestaurantWorkingTime (DayId, RestaurantId, StartTime, EndTime) values (7, 342, '9:31 AM', '6:05 AM');
insert into RestaurantWorkingTime (DayId, RestaurantId, StartTime, EndTime) values (2, 490, '12:13 PM', '3:57 AM');
insert into RestaurantWorkingTime (DayId, RestaurantId, StartTime, EndTime) values (5, 250, '1:58 PM', '4:49 AM');
insert into RestaurantWorkingTime (DayId, RestaurantId, StartTime, EndTime) values (3, 370, '8:07 AM', '2:06 AM');
insert into RestaurantWorkingTime (DayId, RestaurantId, StartTime, EndTime) values (3, 332, '12:16 PM', '10:39 PM');
insert into RestaurantWorkingTime (DayId, RestaurantId, StartTime, EndTime) values (3, 183, '9:47 AM', '10:22 PM');
insert into RestaurantWorkingTime (DayId, RestaurantId, StartTime, EndTime) values (7, 498, '9:01 AM', '5:17 AM');
insert into RestaurantWorkingTime (DayId, RestaurantId, StartTime, EndTime) values (1, 446, '7:57 AM', '11:20 PM');
insert into RestaurantWorkingTime (DayId, RestaurantId, StartTime, EndTime) values (1, 178, '9:15 AM', '5:35 AM');
insert into RestaurantWorkingTime (DayId, RestaurantId, StartTime, EndTime) values (3, 314, '1:10 PM', '4:15 AM');
insert into RestaurantWorkingTime (DayId, RestaurantId, StartTime, EndTime) values (2, 219, '12:32 PM', '8:56 AM');
insert into RestaurantWorkingTime (DayId, RestaurantId, StartTime, EndTime) values (6, 440, '8:53 AM', '1:52 PM');
insert into RestaurantWorkingTime (DayId, RestaurantId, StartTime, EndTime) values (7, 194, '1:25 PM', '5:11 AM');
insert into RestaurantWorkingTime (DayId, RestaurantId, StartTime, EndTime) values (7, 363, '8:35 AM', '6:25 AM');
insert into RestaurantWorkingTime (DayId, RestaurantId, StartTime, EndTime) values (7, 399, '12:38 PM', '10:49 AM');
insert into RestaurantWorkingTime (DayId, RestaurantId, StartTime, EndTime) values (7, 206, '8:57 AM', '5:32 PM');
insert into RestaurantWorkingTime (DayId, RestaurantId, StartTime, EndTime) values (1, 487, '10:27 AM', '6:12 PM');
insert into RestaurantWorkingTime (DayId, RestaurantId, StartTime, EndTime) values (5, 364, '7:40 AM', '6:58 AM');
insert into RestaurantWorkingTime (DayId, RestaurantId, StartTime, EndTime) values (2, 245, '12:03 PM', '5:18 PM');
insert into RestaurantWorkingTime (DayId, RestaurantId, StartTime, EndTime) values (4, 135, '10:40 AM', '9:11 AM');
insert into RestaurantWorkingTime (DayId, RestaurantId, StartTime, EndTime) values (3, 296, '7:24 AM', '6:27 AM');
insert into RestaurantWorkingTime (DayId, RestaurantId, StartTime, EndTime) values (3, 325, '10:15 AM', '5:51 PM');
insert into RestaurantWorkingTime (DayId, RestaurantId, StartTime, EndTime) values (5, 313, '9:58 AM', '4:54 AM');
insert into RestaurantWorkingTime (DayId, RestaurantId, StartTime, EndTime) values (6, 227, '10:34 AM', '7:44 PM');
insert into RestaurantWorkingTime (DayId, RestaurantId, StartTime, EndTime) values (6, 407, '9:41 AM', '10:06 AM');
insert into RestaurantWorkingTime (DayId, RestaurantId, StartTime, EndTime) values (1, 478, '10:28 AM', '6:50 AM');
insert into RestaurantWorkingTime (DayId, RestaurantId, StartTime, EndTime) values (2, 397, '12:12 PM', '10:45 PM');
insert into RestaurantWorkingTime (DayId, RestaurantId, StartTime, EndTime) values (5, 161, '9:15 AM', '4:12 AM');
insert into RestaurantWorkingTime (DayId, RestaurantId, StartTime, EndTime) values (4, 430, '11:59 AM', '4:04 AM');
insert into RestaurantWorkingTime (DayId, RestaurantId, StartTime, EndTime) values (2, 478, '7:50 AM', '11:47 PM');
insert into RestaurantWorkingTime (DayId, RestaurantId, StartTime, EndTime) values (5, 231, '7:36 AM', '8:56 PM');
insert into RestaurantWorkingTime (DayId, RestaurantId, StartTime, EndTime) values (4, 394, '11:10 AM', '3:13 AM');
insert into RestaurantWorkingTime (DayId, RestaurantId, StartTime, EndTime) values (4, 99, '9:29 AM', '3:49 AM');
insert into RestaurantWorkingTime (DayId, RestaurantId, StartTime, EndTime) values (1, 216, '7:35 AM', '2:16 AM');
insert into RestaurantWorkingTime (DayId, RestaurantId, StartTime, EndTime) values (7, 213, '1:50 PM', '2:07 AM');
insert into RestaurantWorkingTime (DayId, RestaurantId, StartTime, EndTime) values (7, 224, '11:02 AM', '6:28 AM');
insert into RestaurantWorkingTime (DayId, RestaurantId, StartTime, EndTime) values (7, 115, '9:09 AM', '2:48 PM');
insert into RestaurantWorkingTime (DayId, RestaurantId, StartTime, EndTime) values (1, 194, '1:12 PM', '6:17 PM');
insert into RestaurantWorkingTime (DayId, RestaurantId, StartTime, EndTime) values (6, 104, '1:29 PM', '11:56 PM');
insert into RestaurantWorkingTime (DayId, RestaurantId, StartTime, EndTime) values (7, 150, '8:40 AM', '7:51 PM');
insert into RestaurantWorkingTime (DayId, RestaurantId, StartTime, EndTime) values (4, 381, '12:25 PM', '12:01 PM');
insert into RestaurantWorkingTime (DayId, RestaurantId, StartTime, EndTime) values (2, 315, '9:00 AM', '2:22 PM');
insert into RestaurantWorkingTime (DayId, RestaurantId, StartTime, EndTime) values (1, 84, '9:44 AM', '3:41 PM');
insert into RestaurantWorkingTime (DayId, RestaurantId, StartTime, EndTime) values (4, 24, '11:19 AM', '4:08 AM');
insert into RestaurantWorkingTime (DayId, RestaurantId, StartTime, EndTime) values (7, 215, '12:58 PM', '7:29 PM');
insert into RestaurantWorkingTime (DayId, RestaurantId, StartTime, EndTime) values (4, 380, '7:20 AM', '3:24 PM');
insert into RestaurantWorkingTime (DayId, RestaurantId, StartTime, EndTime) values (7, 393, '9:27 AM', '4:31 AM');
insert into RestaurantWorkingTime (DayId, RestaurantId, StartTime, EndTime) values (1, 330, '8:04 AM', '4:18 AM');
insert into RestaurantWorkingTime (DayId, RestaurantId, StartTime, EndTime) values (1, 24, '12:43 PM', '9:17 PM');
insert into RestaurantWorkingTime (DayId, RestaurantId, StartTime, EndTime) values (6, 252, '1:41 PM', '9:35 AM');
insert into RestaurantWorkingTime (DayId, RestaurantId, StartTime, EndTime) values (5, 420, '1:33 PM', '3:51 AM');
insert into RestaurantWorkingTime (DayId, RestaurantId, StartTime, EndTime) values (2, 13, '9:21 AM', '7:34 AM');
insert into RestaurantWorkingTime (DayId, RestaurantId, StartTime, EndTime) values (1, 360, '1:01 PM', '11:23 AM');
insert into RestaurantWorkingTime (DayId, RestaurantId, StartTime, EndTime) values (3, 82, '7:37 AM', '2:33 AM');
insert into RestaurantWorkingTime (DayId, RestaurantId, StartTime, EndTime) values (6, 268, '11:58 AM', '11:35 AM');
insert into RestaurantWorkingTime (DayId, RestaurantId, StartTime, EndTime) values (2, 208, '8:03 AM', '5:33 AM');
insert into RestaurantWorkingTime (DayId, RestaurantId, StartTime, EndTime) values (4, 324, '12:17 PM', '4:36 AM');
insert into RestaurantWorkingTime (DayId, RestaurantId, StartTime, EndTime) values (1, 69, '10:55 AM', '1:05 PM');
insert into RestaurantWorkingTime (DayId, RestaurantId, StartTime, EndTime) values (7, 50, '1:42 PM', '9:34 PM');
insert into RestaurantWorkingTime (DayId, RestaurantId, StartTime, EndTime) values (2, 170, '9:21 AM', '9:12 PM');
insert into RestaurantWorkingTime (DayId, RestaurantId, StartTime, EndTime) values (2, 401, '9:22 AM', '8:36 PM');
insert into RestaurantWorkingTime (DayId, RestaurantId, StartTime, EndTime) values (7, 185, '7:22 AM', '4:55 AM');
insert into RestaurantWorkingTime (DayId, RestaurantId, StartTime, EndTime) values (3, 483, '1:21 PM', '5:59 AM');
insert into RestaurantWorkingTime (DayId, RestaurantId, StartTime, EndTime) values (5, 282, '1:40 PM', '2:32 AM');
insert into RestaurantWorkingTime (DayId, RestaurantId, StartTime, EndTime) values (7, 291, '1:06 PM', '6:24 AM');
insert into RestaurantWorkingTime (DayId, RestaurantId, StartTime, EndTime) values (4, 3, '12:12 PM', '4:47 PM');
insert into RestaurantWorkingTime (DayId, RestaurantId, StartTime, EndTime) values (4, 54, '8:10 AM', '7:35 AM');
insert into RestaurantWorkingTime (DayId, RestaurantId, StartTime, EndTime) values (3, 498, '12:07 PM', '6:56 PM');
insert into RestaurantWorkingTime (DayId, RestaurantId, StartTime, EndTime) values (2, 70, '9:05 AM', '5:29 AM');
insert into RestaurantWorkingTime (DayId, RestaurantId, StartTime, EndTime) values (7, 267, '11:21 AM', '4:05 PM');
insert into RestaurantWorkingTime (DayId, RestaurantId, StartTime, EndTime) values (4, 230, '1:51 PM', '5:40 PM');
insert into RestaurantWorkingTime (DayId, RestaurantId, StartTime, EndTime) values (6, 474, '10:09 AM', '10:53 AM');


insert into Jobs (JobId, JobName) values (1, 'Cook');
insert into Jobs (JobId, JobName) values (2, 'waiter');
insert into Jobs (JobId, JobName) values (3, 'Deliverer');

insert into Employees (EmployeeId, EmployeeName, EmployeeLastName, RestaurantId, DriverLicense, Age, JobId) values (1, 'Sibbie', 'Priver', 16, false, 45, 1);
insert into Employees (EmployeeId, EmployeeName, EmployeeLastName, RestaurantId, DriverLicense, Age, JobId) values (2, 'Alleyn', 'Lendrem', 462, false, 34, 1);
insert into Employees (EmployeeId, EmployeeName, EmployeeLastName, RestaurantId, DriverLicense, Age, JobId) values (3, 'Arv', 'Boater', 273, false, 64, 3);
insert into Employees (EmployeeId, EmployeeName, EmployeeLastName, RestaurantId, DriverLicense, Age, JobId) values (4, 'Towny', 'Tysack', 274, false, 37, 3);
insert into Employees (EmployeeId, EmployeeName, EmployeeLastName, RestaurantId, DriverLicense, Age, JobId) values (5, 'Vassili', 'Bouller', 381, false, 25, 1);
insert into Employees (EmployeeId, EmployeeName, EmployeeLastName, RestaurantId, DriverLicense, Age, JobId) values (6, 'Pavlov', 'Lecount', 379, false, 38, 1);
insert into Employees (EmployeeId, EmployeeName, EmployeeLastName, RestaurantId, DriverLicense, Age, JobId) values (7, 'Llewellyn', 'McCreedy', 191, true, 43, 3);
insert into Employees (EmployeeId, EmployeeName, EmployeeLastName, RestaurantId, DriverLicense, Age, JobId) values (8, 'Alma', 'Whate', 113, true, 39, 1);
insert into Employees (EmployeeId, EmployeeName, EmployeeLastName, RestaurantId, DriverLicense, Age, JobId) values (9, 'Cheston', 'Batterham', 207, true, 47, 2);
insert into Employees (EmployeeId, EmployeeName, EmployeeLastName, RestaurantId, DriverLicense, Age, JobId) values (10, 'Barbette', 'Bockh', 18, true, 50, 2);
insert into Employees (EmployeeId, EmployeeName, EmployeeLastName, RestaurantId, DriverLicense, Age, JobId) values (11, 'Enrique', 'Saipy', 42, true, 23, 1);
insert into Employees (EmployeeId, EmployeeName, EmployeeLastName, RestaurantId, DriverLicense, Age, JobId) values (12, 'Crin', 'Benitez', 359, false, 54, 3);
insert into Employees (EmployeeId, EmployeeName, EmployeeLastName, RestaurantId, DriverLicense, Age, JobId) values (13, 'Willabella', 'Fidelli', 427, false, 56, 3);
insert into Employees (EmployeeId, EmployeeName, EmployeeLastName, RestaurantId, DriverLicense, Age, JobId) values (14, 'Friedrich', 'Rault', 165, false, 57, 1);
insert into Employees (EmployeeId, EmployeeName, EmployeeLastName, RestaurantId, DriverLicense, Age, JobId) values (15, 'Tarah', 'Wroath', 57, true, 22, 2);
insert into Employees (EmployeeId, EmployeeName, EmployeeLastName, RestaurantId, DriverLicense, Age, JobId) values (16, 'Vonni', 'Trevaskis', 437, true, 49, 1);
insert into Employees (EmployeeId, EmployeeName, EmployeeLastName, RestaurantId, DriverLicense, Age, JobId) values (17, 'Ragnar', 'Spatig', 129, false, 19, 2);
insert into Employees (EmployeeId, EmployeeName, EmployeeLastName, RestaurantId, DriverLicense, Age, JobId) values (18, 'Bran', 'Idill', 135, true, 37, 2);
insert into Employees (EmployeeId, EmployeeName, EmployeeLastName, RestaurantId, DriverLicense, Age, JobId) values (19, 'Eduino', 'Ballchin', 289, false, 54, 2);
insert into Employees (EmployeeId, EmployeeName, EmployeeLastName, RestaurantId, DriverLicense, Age, JobId) values (20, 'Glenn', 'MacBain', 193, false, 24, 3);
insert into Employees (EmployeeId, EmployeeName, EmployeeLastName, RestaurantId, DriverLicense, Age, JobId) values (21, 'Tabbie', 'Kellog', 475, true, 46, 2);
insert into Employees (EmployeeId, EmployeeName, EmployeeLastName, RestaurantId, DriverLicense, Age, JobId) values (22, 'Cathy', 'De Paepe', 496, false, 40, 1);
insert into Employees (EmployeeId, EmployeeName, EmployeeLastName, RestaurantId, DriverLicense, Age, JobId) values (23, 'Christian', 'Sidebotton', 205, true, 35, 1);
insert into Employees (EmployeeId, EmployeeName, EmployeeLastName, RestaurantId, DriverLicense, Age, JobId) values (24, 'Ivy', 'Shalliker', 396, true, 61, 2);
insert into Employees (EmployeeId, EmployeeName, EmployeeLastName, RestaurantId, DriverLicense, Age, JobId) values (25, 'Gerrie', 'Matanin', 428, true, 30, 1);
insert into Employees (EmployeeId, EmployeeName, EmployeeLastName, RestaurantId, DriverLicense, Age, JobId) values (26, 'Mitchel', 'Faragher', 400, false, 30, 2);
insert into Employees (EmployeeId, EmployeeName, EmployeeLastName, RestaurantId, DriverLicense, Age, JobId) values (27, 'Harri', 'Prowting', 143, true, 29, 3);
insert into Employees (EmployeeId, EmployeeName, EmployeeLastName, RestaurantId, DriverLicense, Age, JobId) values (28, 'Jedediah', 'Matic', 318, false, 24, 1);
insert into Employees (EmployeeId, EmployeeName, EmployeeLastName, RestaurantId, DriverLicense, Age, JobId) values (29, 'Alvan', 'Cheavin', 485, true, 61, 3);
insert into Employees (EmployeeId, EmployeeName, EmployeeLastName, RestaurantId, DriverLicense, Age, JobId) values (30, 'Shep', 'McKeveney', 491, false, 64, 2);
insert into Employees (EmployeeId, EmployeeName, EmployeeLastName, RestaurantId, DriverLicense, Age, JobId) values (31, 'Humberto', 'Gaitone', 318, true, 58, 3);
insert into Employees (EmployeeId, EmployeeName, EmployeeLastName, RestaurantId, DriverLicense, Age, JobId) values (32, 'Jerald', 'Bolus', 201, true, 32, 2);
insert into Employees (EmployeeId, EmployeeName, EmployeeLastName, RestaurantId, DriverLicense, Age, JobId) values (33, 'Hamish', 'Bauduccio', 184, true, 27, 3);
insert into Employees (EmployeeId, EmployeeName, EmployeeLastName, RestaurantId, DriverLicense, Age, JobId) values (34, 'Ermanno', 'King', 188, true, 39, 2);
insert into Employees (EmployeeId, EmployeeName, EmployeeLastName, RestaurantId, DriverLicense, Age, JobId) values (35, 'Deanna', 'McKerron', 262, true, 27, 2);
insert into Employees (EmployeeId, EmployeeName, EmployeeLastName, RestaurantId, DriverLicense, Age, JobId) values (36, 'Bale', 'Punton', 424, true, 42, 1);
insert into Employees (EmployeeId, EmployeeName, EmployeeLastName, RestaurantId, DriverLicense, Age, JobId) values (37, 'Obie', 'Oxterby', 187, false, 31, 1);
insert into Employees (EmployeeId, EmployeeName, EmployeeLastName, RestaurantId, DriverLicense, Age, JobId) values (38, 'Henrie', 'Philippsohn', 18, false, 44, 2);
insert into Employees (EmployeeId, EmployeeName, EmployeeLastName, RestaurantId, DriverLicense, Age, JobId) values (39, 'Carleton', 'Vell', 155, false, 45, 1);
insert into Employees (EmployeeId, EmployeeName, EmployeeLastName, RestaurantId, DriverLicense, Age, JobId) values (40, 'Tallulah', 'Lorent', 125, true, 36, 1);
insert into Employees (EmployeeId, EmployeeName, EmployeeLastName, RestaurantId, DriverLicense, Age, JobId) values (41, 'Rog', 'Beazer', 351, false, 38, 2);
insert into Employees (EmployeeId, EmployeeName, EmployeeLastName, RestaurantId, DriverLicense, Age, JobId) values (42, 'Merrick', 'Pointin', 455, true, 56, 2);
insert into Employees (EmployeeId, EmployeeName, EmployeeLastName, RestaurantId, DriverLicense, Age, JobId) values (43, 'Patsy', 'Bertot', 308, true, 40, 3);
insert into Employees (EmployeeId, EmployeeName, EmployeeLastName, RestaurantId, DriverLicense, Age, JobId) values (44, 'Allyce', 'Probert', 369, false, 34, 1);
insert into Employees (EmployeeId, EmployeeName, EmployeeLastName, RestaurantId, DriverLicense, Age, JobId) values (45, 'Lorettalorna', 'Murrhaupt', 92, true, 64, 3);
insert into Employees (EmployeeId, EmployeeName, EmployeeLastName, RestaurantId, DriverLicense, Age, JobId) values (46, 'Karel', 'Graddon', 35, false, 22, 3);
insert into Employees (EmployeeId, EmployeeName, EmployeeLastName, RestaurantId, DriverLicense, Age, JobId) values (47, 'Ellsworth', 'Lowseley', 327, true, 45, 3);
insert into Employees (EmployeeId, EmployeeName, EmployeeLastName, RestaurantId, DriverLicense, Age, JobId) values (48, 'Kala', 'Carberry', 289, true, 49, 3);
insert into Employees (EmployeeId, EmployeeName, EmployeeLastName, RestaurantId, DriverLicense, Age, JobId) values (49, 'Nolly', 'Sidebotton', 406, false, 42, 3);
insert into Employees (EmployeeId, EmployeeName, EmployeeLastName, RestaurantId, DriverLicense, Age, JobId) values (50, 'Schuyler', 'Ivy', 224, true, 63, 3);
insert into Employees (EmployeeId, EmployeeName, EmployeeLastName, RestaurantId, DriverLicense, Age, JobId) values (51, 'Sherline', 'McLauchlin', 123, true, 25, 3);
insert into Employees (EmployeeId, EmployeeName, EmployeeLastName, RestaurantId, DriverLicense, Age, JobId) values (52, 'Tito', 'Dickson', 4, true, 53, 3);
insert into Employees (EmployeeId, EmployeeName, EmployeeLastName, RestaurantId, DriverLicense, Age, JobId) values (53, 'Kerstin', 'Brinsford', 279, true, 59, 1);
insert into Employees (EmployeeId, EmployeeName, EmployeeLastName, RestaurantId, DriverLicense, Age, JobId) values (54, 'Lorna', 'Dennerly', 102, false, 28, 2);
insert into Employees (EmployeeId, EmployeeName, EmployeeLastName, RestaurantId, DriverLicense, Age, JobId) values (55, 'Ursola', 'Olijve', 318, false, 32, 1);
insert into Employees (EmployeeId, EmployeeName, EmployeeLastName, RestaurantId, DriverLicense, Age, JobId) values (56, 'Jacquenette', 'Mort', 185, true, 28, 3);
insert into Employees (EmployeeId, EmployeeName, EmployeeLastName, RestaurantId, DriverLicense, Age, JobId) values (57, 'Gerick', 'Schofield', 328, true, 22, 3);
insert into Employees (EmployeeId, EmployeeName, EmployeeLastName, RestaurantId, DriverLicense, Age, JobId) values (58, 'Gabriela', 'Lapslie', 356, true, 22, 2);
insert into Employees (EmployeeId, EmployeeName, EmployeeLastName, RestaurantId, DriverLicense, Age, JobId) values (59, 'Hamish', 'Gaukrodge', 54, true, 22, 1);
insert into Employees (EmployeeId, EmployeeName, EmployeeLastName, RestaurantId, DriverLicense, Age, JobId) values (60, 'Talbert', 'Hurran', 421, true, 36, 1);
insert into Employees (EmployeeId, EmployeeName, EmployeeLastName, RestaurantId, DriverLicense, Age, JobId) values (61, 'Thane', 'Claige', 205, false, 51, 3);
insert into Employees (EmployeeId, EmployeeName, EmployeeLastName, RestaurantId, DriverLicense, Age, JobId) values (62, 'Ella', 'Adamski', 95, false, 55, 2);
insert into Employees (EmployeeId, EmployeeName, EmployeeLastName, RestaurantId, DriverLicense, Age, JobId) values (63, 'Winnifred', 'Bruinsma', 227, false, 33, 1);
insert into Employees (EmployeeId, EmployeeName, EmployeeLastName, RestaurantId, DriverLicense, Age, JobId) values (64, 'Brantley', 'Oldacre', 432, false, 37, 1);
insert into Employees (EmployeeId, EmployeeName, EmployeeLastName, RestaurantId, DriverLicense, Age, JobId) values (65, 'Billye', 'Brecon', 403, false, 35, 2);
insert into Employees (EmployeeId, EmployeeName, EmployeeLastName, RestaurantId, DriverLicense, Age, JobId) values (66, 'Cchaddie', 'Cariss', 95, true, 45, 1);
insert into Employees (EmployeeId, EmployeeName, EmployeeLastName, RestaurantId, DriverLicense, Age, JobId) values (67, 'Lorianne', 'Bullimore', 406, false, 58, 3);
insert into Employees (EmployeeId, EmployeeName, EmployeeLastName, RestaurantId, DriverLicense, Age, JobId) values (68, 'Franzen', 'Van', 228, false, 49, 1);
insert into Employees (EmployeeId, EmployeeName, EmployeeLastName, RestaurantId, DriverLicense, Age, JobId) values (69, 'Marieann', 'Whitwood', 263, true, 42, 3);
insert into Employees (EmployeeId, EmployeeName, EmployeeLastName, RestaurantId, DriverLicense, Age, JobId) values (70, 'Cherrita', 'Swaisland', 357, false, 39, 2);
insert into Employees (EmployeeId, EmployeeName, EmployeeLastName, RestaurantId, DriverLicense, Age, JobId) values (71, 'Bone', 'Selvester', 109, true, 25, 3);
insert into Employees (EmployeeId, EmployeeName, EmployeeLastName, RestaurantId, DriverLicense, Age, JobId) values (72, 'Joella', 'Adame', 58, true, 43, 1);
insert into Employees (EmployeeId, EmployeeName, EmployeeLastName, RestaurantId, DriverLicense, Age, JobId) values (73, 'Fayth', 'Cloute', 356, false, 29, 1);
insert into Employees (EmployeeId, EmployeeName, EmployeeLastName, RestaurantId, DriverLicense, Age, JobId) values (74, 'Hardy', 'Bedboro', 227, false, 31, 2);
insert into Employees (EmployeeId, EmployeeName, EmployeeLastName, RestaurantId, DriverLicense, Age, JobId) values (75, 'Pyotr', 'Profit', 153, true, 57, 2);
insert into Employees (EmployeeId, EmployeeName, EmployeeLastName, RestaurantId, DriverLicense, Age, JobId) values (76, 'Tomasina', 'Kuhlen', 195, true, 55, 3);
insert into Employees (EmployeeId, EmployeeName, EmployeeLastName, RestaurantId, DriverLicense, Age, JobId) values (77, 'Byrom', 'McGawn', 187, false, 49, 1);
insert into Employees (EmployeeId, EmployeeName, EmployeeLastName, RestaurantId, DriverLicense, Age, JobId) values (78, 'Starlin', 'Bettenay', 415, false, 20, 3);
insert into Employees (EmployeeId, EmployeeName, EmployeeLastName, RestaurantId, DriverLicense, Age, JobId) values (79, 'Moishe', 'Waterfall', 498, false, 39, 2);
insert into Employees (EmployeeId, EmployeeName, EmployeeLastName, RestaurantId, DriverLicense, Age, JobId) values (80, 'Jeniece', 'Bony', 85, true, 26, 2);
insert into Employees (EmployeeId, EmployeeName, EmployeeLastName, RestaurantId, DriverLicense, Age, JobId) values (81, 'Hartwell', 'Sollis', 94, true, 37, 1);
insert into Employees (EmployeeId, EmployeeName, EmployeeLastName, RestaurantId, DriverLicense, Age, JobId) values (82, 'Melisa', 'Burless', 491, true, 23, 2);
insert into Employees (EmployeeId, EmployeeName, EmployeeLastName, RestaurantId, DriverLicense, Age, JobId) values (83, 'Giff', 'Slayton', 179, false, 50, 3);
insert into Employees (EmployeeId, EmployeeName, EmployeeLastName, RestaurantId, DriverLicense, Age, JobId) values (84, 'Kerr', 'Humby', 195, true, 23, 3);
insert into Employees (EmployeeId, EmployeeName, EmployeeLastName, RestaurantId, DriverLicense, Age, JobId) values (85, 'Carissa', 'Chatel', 479, false, 26, 1);
insert into Employees (EmployeeId, EmployeeName, EmployeeLastName, RestaurantId, DriverLicense, Age, JobId) values (86, 'Gigi', 'Trenoweth', 496, false, 49, 2);
insert into Employees (EmployeeId, EmployeeName, EmployeeLastName, RestaurantId, DriverLicense, Age, JobId) values (87, 'Edik', 'Byatt', 99, false, 25, 1);
insert into Employees (EmployeeId, EmployeeName, EmployeeLastName, RestaurantId, DriverLicense, Age, JobId) values (88, 'Claude', 'Devine', 286, true, 55, 1);
insert into Employees (EmployeeId, EmployeeName, EmployeeLastName, RestaurantId, DriverLicense, Age, JobId) values (89, 'Marcellus', 'Duetsche', 434, true, 46, 1);
insert into Employees (EmployeeId, EmployeeName, EmployeeLastName, RestaurantId, DriverLicense, Age, JobId) values (90, 'West', 'Cordoba', 299, false, 36, 3);
insert into Employees (EmployeeId, EmployeeName, EmployeeLastName, RestaurantId, DriverLicense, Age, JobId) values (91, 'Clair', 'Reinard', 416, false, 23, 2);
insert into Employees (EmployeeId, EmployeeName, EmployeeLastName, RestaurantId, DriverLicense, Age, JobId) values (92, 'Sherwood', 'Fensome', 454, false, 32, 1);
insert into Employees (EmployeeId, EmployeeName, EmployeeLastName, RestaurantId, DriverLicense, Age, JobId) values (93, 'Lemmy', 'Tokell', 216, false, 28, 2);
insert into Employees (EmployeeId, EmployeeName, EmployeeLastName, RestaurantId, DriverLicense, Age, JobId) values (94, 'Sophronia', 'Greenstead', 53, false, 33, 1);
insert into Employees (EmployeeId, EmployeeName, EmployeeLastName, RestaurantId, DriverLicense, Age, JobId) values (95, 'Leonidas', 'Slateford', 73, true, 57, 1);
insert into Employees (EmployeeId, EmployeeName, EmployeeLastName, RestaurantId, DriverLicense, Age, JobId) values (96, 'Aubrette', 'Yanele', 145, true, 54, 2);
insert into Employees (EmployeeId, EmployeeName, EmployeeLastName, RestaurantId, DriverLicense, Age, JobId) values (97, 'Maddie', 'Riggulsford', 281, true, 19, 2);
insert into Employees (EmployeeId, EmployeeName, EmployeeLastName, RestaurantId, DriverLicense, Age, JobId) values (98, 'Barbabra', 'Cordner', 28, false, 40, 2);
insert into Employees (EmployeeId, EmployeeName, EmployeeLastName, RestaurantId, DriverLicense, Age, JobId) values (99, 'Alano', 'Dalliwatr', 156, true, 50, 3);
insert into Employees (EmployeeId, EmployeeName, EmployeeLastName, RestaurantId, DriverLicense, Age, JobId) values (100, 'Ashlin', 'Carlin', 67, true, 47, 2);
insert into Employees (EmployeeId, EmployeeName, EmployeeLastName, RestaurantId, DriverLicense, Age, JobId) values (101, 'Brockie', 'Severns', 491, false, 28, 3);
insert into Employees (EmployeeId, EmployeeName, EmployeeLastName, RestaurantId, DriverLicense, Age, JobId) values (102, 'Genny', 'Caneo', 175, true, 61, 2);
insert into Employees (EmployeeId, EmployeeName, EmployeeLastName, RestaurantId, DriverLicense, Age, JobId) values (103, 'Granny', 'Bethel', 429, true, 23, 1);
insert into Employees (EmployeeId, EmployeeName, EmployeeLastName, RestaurantId, DriverLicense, Age, JobId) values (104, 'Zack', 'Flavelle', 109, false, 44, 1);
insert into Employees (EmployeeId, EmployeeName, EmployeeLastName, RestaurantId, DriverLicense, Age, JobId) values (105, 'Violet', 'Aitken', 295, false, 60, 3);
insert into Employees (EmployeeId, EmployeeName, EmployeeLastName, RestaurantId, DriverLicense, Age, JobId) values (106, 'Hastings', 'de Amaya', 136, true, 33, 3);
insert into Employees (EmployeeId, EmployeeName, EmployeeLastName, RestaurantId, DriverLicense, Age, JobId) values (107, 'Casar', 'Cudde', 54, true, 40, 1);
insert into Employees (EmployeeId, EmployeeName, EmployeeLastName, RestaurantId, DriverLicense, Age, JobId) values (108, 'Shara', 'Delleschi', 203, true, 26, 2);
insert into Employees (EmployeeId, EmployeeName, EmployeeLastName, RestaurantId, DriverLicense, Age, JobId) values (109, 'Jarrod', 'Hollows', 468, true, 49, 1);
insert into Employees (EmployeeId, EmployeeName, EmployeeLastName, RestaurantId, DriverLicense, Age, JobId) values (110, 'Arty', 'Deveril', 138, false, 24, 2);
insert into Employees (EmployeeId, EmployeeName, EmployeeLastName, RestaurantId, DriverLicense, Age, JobId) values (111, 'Devan', 'Mansuer', 74, false, 37, 2);
insert into Employees (EmployeeId, EmployeeName, EmployeeLastName, RestaurantId, DriverLicense, Age, JobId) values (112, 'Tedie', 'Fosberry', 460, false, 44, 2);
insert into Employees (EmployeeId, EmployeeName, EmployeeLastName, RestaurantId, DriverLicense, Age, JobId) values (113, 'Antonius', 'Kettridge', 463, true, 58, 1);
insert into Employees (EmployeeId, EmployeeName, EmployeeLastName, RestaurantId, DriverLicense, Age, JobId) values (114, 'Dwain', 'Kisting', 409, true, 63, 1);
insert into Employees (EmployeeId, EmployeeName, EmployeeLastName, RestaurantId, DriverLicense, Age, JobId) values (115, 'Flss', 'Leydon', 424, false, 61, 1);
insert into Employees (EmployeeId, EmployeeName, EmployeeLastName, RestaurantId, DriverLicense, Age, JobId) values (116, 'Vannie', 'Chessor', 473, true, 61, 3);
insert into Employees (EmployeeId, EmployeeName, EmployeeLastName, RestaurantId, DriverLicense, Age, JobId) values (117, 'Artair', 'Rozycki', 181, true, 35, 1);
insert into Employees (EmployeeId, EmployeeName, EmployeeLastName, RestaurantId, DriverLicense, Age, JobId) values (118, 'Millie', 'Lay', 290, false, 25, 2);
insert into Employees (EmployeeId, EmployeeName, EmployeeLastName, RestaurantId, DriverLicense, Age, JobId) values (119, 'Vyky', 'D''Antoni', 254, false, 52, 1);
insert into Employees (EmployeeId, EmployeeName, EmployeeLastName, RestaurantId, DriverLicense, Age, JobId) values (120, 'Terrell', 'Junkin', 362, false, 36, 3);
insert into Employees (EmployeeId, EmployeeName, EmployeeLastName, RestaurantId, DriverLicense, Age, JobId) values (121, 'Liz', 'Blaszczynski', 2, false, 46, 3);
insert into Employees (EmployeeId, EmployeeName, EmployeeLastName, RestaurantId, DriverLicense, Age, JobId) values (122, 'Denna', 'Frodsham', 454, true, 27, 3);
insert into Employees (EmployeeId, EmployeeName, EmployeeLastName, RestaurantId, DriverLicense, Age, JobId) values (123, 'Babara', 'Eyre', 4, false, 44, 2);
insert into Employees (EmployeeId, EmployeeName, EmployeeLastName, RestaurantId, DriverLicense, Age, JobId) values (124, 'Aeriel', 'Windridge', 255, false, 21, 1);
insert into Employees (EmployeeId, EmployeeName, EmployeeLastName, RestaurantId, DriverLicense, Age, JobId) values (125, 'Ezechiel', 'Capini', 125, true, 35, 3);
insert into Employees (EmployeeId, EmployeeName, EmployeeLastName, RestaurantId, DriverLicense, Age, JobId) values (126, 'Atlanta', 'Benkhe', 99, false, 35, 2);
insert into Employees (EmployeeId, EmployeeName, EmployeeLastName, RestaurantId, DriverLicense, Age, JobId) values (127, 'Nessy', 'Van Der Hoog', 308, false, 54, 1);
insert into Employees (EmployeeId, EmployeeName, EmployeeLastName, RestaurantId, DriverLicense, Age, JobId) values (128, 'Yulma', 'Kaubisch', 445, false, 53, 3);
insert into Employees (EmployeeId, EmployeeName, EmployeeLastName, RestaurantId, DriverLicense, Age, JobId) values (129, 'Chloris', 'Duro', 222, true, 63, 3);
insert into Employees (EmployeeId, EmployeeName, EmployeeLastName, RestaurantId, DriverLicense, Age, JobId) values (130, 'Thedrick', 'Farrimond', 178, false, 36, 3);
insert into Employees (EmployeeId, EmployeeName, EmployeeLastName, RestaurantId, DriverLicense, Age, JobId) values (131, 'Jill', 'Aplin', 236, false, 36, 2);
insert into Employees (EmployeeId, EmployeeName, EmployeeLastName, RestaurantId, DriverLicense, Age, JobId) values (132, 'Doralia', 'Kinzett', 145, false, 25, 2);
insert into Employees (EmployeeId, EmployeeName, EmployeeLastName, RestaurantId, DriverLicense, Age, JobId) values (133, 'Fransisco', 'Pilipyak', 225, false, 38, 1);
insert into Employees (EmployeeId, EmployeeName, EmployeeLastName, RestaurantId, DriverLicense, Age, JobId) values (134, 'Eleni', 'Kleinpeltz', 8, false, 48, 1);
insert into Employees (EmployeeId, EmployeeName, EmployeeLastName, RestaurantId, DriverLicense, Age, JobId) values (135, 'Brandi', 'Sutheran', 86, false, 51, 3);
insert into Employees (EmployeeId, EmployeeName, EmployeeLastName, RestaurantId, DriverLicense, Age, JobId) values (136, 'Dulci', 'Pahler', 380, false, 44, 2);
insert into Employees (EmployeeId, EmployeeName, EmployeeLastName, RestaurantId, DriverLicense, Age, JobId) values (137, 'Vivianne', 'Steddall', 113, false, 48, 2);
insert into Employees (EmployeeId, EmployeeName, EmployeeLastName, RestaurantId, DriverLicense, Age, JobId) values (138, 'Rudolfo', 'Skyram', 197, true, 43, 3);
insert into Employees (EmployeeId, EmployeeName, EmployeeLastName, RestaurantId, DriverLicense, Age, JobId) values (139, 'Mildred', 'Doyley', 254, false, 27, 2);
insert into Employees (EmployeeId, EmployeeName, EmployeeLastName, RestaurantId, DriverLicense, Age, JobId) values (140, 'Ludovika', 'Giovanazzi', 143, false, 28, 1);
insert into Employees (EmployeeId, EmployeeName, EmployeeLastName, RestaurantId, DriverLicense, Age, JobId) values (141, 'Kenna', 'Steely', 173, true, 21, 2);
insert into Employees (EmployeeId, EmployeeName, EmployeeLastName, RestaurantId, DriverLicense, Age, JobId) values (142, 'Nikoletta', 'McGing', 316, false, 47, 1);
insert into Employees (EmployeeId, EmployeeName, EmployeeLastName, RestaurantId, DriverLicense, Age, JobId) values (143, 'Brandice', 'Tollerfield', 223, false, 43, 1);
insert into Employees (EmployeeId, EmployeeName, EmployeeLastName, RestaurantId, DriverLicense, Age, JobId) values (144, 'Annalee', 'Nashe', 419, true, 62, 3);
insert into Employees (EmployeeId, EmployeeName, EmployeeLastName, RestaurantId, DriverLicense, Age, JobId) values (145, 'Aurilia', 'Kubek', 265, true, 35, 2);
insert into Employees (EmployeeId, EmployeeName, EmployeeLastName, RestaurantId, DriverLicense, Age, JobId) values (146, 'Jenn', 'Arkin', 263, true, 29, 1);
insert into Employees (EmployeeId, EmployeeName, EmployeeLastName, RestaurantId, DriverLicense, Age, JobId) values (147, 'Korey', 'Francesc', 163, true, 36, 3);
insert into Employees (EmployeeId, EmployeeName, EmployeeLastName, RestaurantId, DriverLicense, Age, JobId) values (148, 'Gusti', 'Meharg', 5, true, 47, 3);
insert into Employees (EmployeeId, EmployeeName, EmployeeLastName, RestaurantId, DriverLicense, Age, JobId) values (149, 'Neville', 'Mewton', 469, true, 41, 1);
insert into Employees (EmployeeId, EmployeeName, EmployeeLastName, RestaurantId, DriverLicense, Age, JobId) values (150, 'Bennett', 'Barfitt', 448, false, 48, 2);
insert into Employees (EmployeeId, EmployeeName, EmployeeLastName, RestaurantId, DriverLicense, Age, JobId) values (151, 'Roxi', 'Westbrook', 124, true, 62, 3);
insert into Employees (EmployeeId, EmployeeName, EmployeeLastName, RestaurantId, DriverLicense, Age, JobId) values (152, 'Jeane', 'Lalonde', 129, false, 63, 2);
insert into Employees (EmployeeId, EmployeeName, EmployeeLastName, RestaurantId, DriverLicense, Age, JobId) values (153, 'Krystalle', 'Kiddye', 206, true, 51, 3);
insert into Employees (EmployeeId, EmployeeName, EmployeeLastName, RestaurantId, DriverLicense, Age, JobId) values (154, 'Traci', 'Denyukin', 284, true, 38, 2);
insert into Employees (EmployeeId, EmployeeName, EmployeeLastName, RestaurantId, DriverLicense, Age, JobId) values (155, 'Vernen', 'Grog', 232, true, 60, 2);
insert into Employees (EmployeeId, EmployeeName, EmployeeLastName, RestaurantId, DriverLicense, Age, JobId) values (156, 'Miran', 'Tanby', 463, true, 33, 2);
insert into Employees (EmployeeId, EmployeeName, EmployeeLastName, RestaurantId, DriverLicense, Age, JobId) values (157, 'Leroi', 'Eckersley', 245, false, 21, 3);
insert into Employees (EmployeeId, EmployeeName, EmployeeLastName, RestaurantId, DriverLicense, Age, JobId) values (158, 'Haywood', 'Erett', 198, true, 20, 3);
insert into Employees (EmployeeId, EmployeeName, EmployeeLastName, RestaurantId, DriverLicense, Age, JobId) values (159, 'Leonelle', 'Dossantos', 427, true, 54, 1);
insert into Employees (EmployeeId, EmployeeName, EmployeeLastName, RestaurantId, DriverLicense, Age, JobId) values (160, 'Lanie', 'Mara', 405, true, 40, 3);
insert into Employees (EmployeeId, EmployeeName, EmployeeLastName, RestaurantId, DriverLicense, Age, JobId) values (161, 'Shirline', 'D''Avaux', 123, true, 50, 2);
insert into Employees (EmployeeId, EmployeeName, EmployeeLastName, RestaurantId, DriverLicense, Age, JobId) values (162, 'Nancey', 'Rein', 86, false, 39, 1);
insert into Employees (EmployeeId, EmployeeName, EmployeeLastName, RestaurantId, DriverLicense, Age, JobId) values (163, 'Whitby', 'Wasylkiewicz', 211, true, 50, 3);
insert into Employees (EmployeeId, EmployeeName, EmployeeLastName, RestaurantId, DriverLicense, Age, JobId) values (164, 'Conn', 'Guy', 333, true, 53, 2);
insert into Employees (EmployeeId, EmployeeName, EmployeeLastName, RestaurantId, DriverLicense, Age, JobId) values (165, 'Karia', 'Cator', 441, true, 56, 1);
insert into Employees (EmployeeId, EmployeeName, EmployeeLastName, RestaurantId, DriverLicense, Age, JobId) values (166, 'Mallissa', 'Thomsen', 451, false, 49, 3);
insert into Employees (EmployeeId, EmployeeName, EmployeeLastName, RestaurantId, DriverLicense, Age, JobId) values (167, 'Onfroi', 'Petrenko', 331, true, 42, 2);
insert into Employees (EmployeeId, EmployeeName, EmployeeLastName, RestaurantId, DriverLicense, Age, JobId) values (168, 'Pam', 'Tuck', 441, true, 27, 2);
insert into Employees (EmployeeId, EmployeeName, EmployeeLastName, RestaurantId, DriverLicense, Age, JobId) values (169, 'Alysia', 'Deluze', 70, false, 38, 3);
insert into Employees (EmployeeId, EmployeeName, EmployeeLastName, RestaurantId, DriverLicense, Age, JobId) values (170, 'Regine', 'Sawood', 363, false, 40, 2);
insert into Employees (EmployeeId, EmployeeName, EmployeeLastName, RestaurantId, DriverLicense, Age, JobId) values (171, 'Myrtice', 'Catmull', 469, false, 31, 3);
insert into Employees (EmployeeId, EmployeeName, EmployeeLastName, RestaurantId, DriverLicense, Age, JobId) values (172, 'Natalee', 'Leverage', 454, true, 56, 2);
insert into Employees (EmployeeId, EmployeeName, EmployeeLastName, RestaurantId, DriverLicense, Age, JobId) values (173, 'Paulina', 'Skilton', 20, false, 45, 3);
insert into Employees (EmployeeId, EmployeeName, EmployeeLastName, RestaurantId, DriverLicense, Age, JobId) values (174, 'Daron', 'Langstaff', 497, true, 32, 3);
insert into Employees (EmployeeId, EmployeeName, EmployeeLastName, RestaurantId, DriverLicense, Age, JobId) values (175, 'Cazzie', 'MacVicar', 331, false, 34, 3);
insert into Employees (EmployeeId, EmployeeName, EmployeeLastName, RestaurantId, DriverLicense, Age, JobId) values (176, 'Suzanna', 'Cannon', 250, true, 55, 2);
insert into Employees (EmployeeId, EmployeeName, EmployeeLastName, RestaurantId, DriverLicense, Age, JobId) values (177, 'Siward', 'Gaitley', 333, true, 37, 1);
insert into Employees (EmployeeId, EmployeeName, EmployeeLastName, RestaurantId, DriverLicense, Age, JobId) values (178, 'Cathe', 'Scammonden', 229, true, 43, 1);
insert into Employees (EmployeeId, EmployeeName, EmployeeLastName, RestaurantId, DriverLicense, Age, JobId) values (179, 'Yardley', 'Playford', 20, false, 58, 3);
insert into Employees (EmployeeId, EmployeeName, EmployeeLastName, RestaurantId, DriverLicense, Age, JobId) values (180, 'Wini', 'Nussii', 492, false, 60, 1);
insert into Employees (EmployeeId, EmployeeName, EmployeeLastName, RestaurantId, DriverLicense, Age, JobId) values (181, 'Val', 'Bedinn', 364, false, 30, 1);
insert into Employees (EmployeeId, EmployeeName, EmployeeLastName, RestaurantId, DriverLicense, Age, JobId) values (182, 'Shelly', 'Iori', 372, true, 64, 3);
insert into Employees (EmployeeId, EmployeeName, EmployeeLastName, RestaurantId, DriverLicense, Age, JobId) values (183, 'Lem', 'Pilmore', 47, false, 62, 2);
insert into Employees (EmployeeId, EmployeeName, EmployeeLastName, RestaurantId, DriverLicense, Age, JobId) values (184, 'Chlo', 'Matson', 49, true, 32, 1);
insert into Employees (EmployeeId, EmployeeName, EmployeeLastName, RestaurantId, DriverLicense, Age, JobId) values (185, 'Mimi', 'Gofford', 464, false, 50, 1);
insert into Employees (EmployeeId, EmployeeName, EmployeeLastName, RestaurantId, DriverLicense, Age, JobId) values (186, 'Buiron', 'De-Ville', 95, false, 60, 2);
insert into Employees (EmployeeId, EmployeeName, EmployeeLastName, RestaurantId, DriverLicense, Age, JobId) values (187, 'Esmaria', 'Haswell', 115, false, 30, 1);
insert into Employees (EmployeeId, EmployeeName, EmployeeLastName, RestaurantId, DriverLicense, Age, JobId) values (188, 'Andriana', 'Kegan', 169, true, 51, 1);
insert into Employees (EmployeeId, EmployeeName, EmployeeLastName, RestaurantId, DriverLicense, Age, JobId) values (189, 'Rabi', 'Andrzejczak', 447, true, 29, 2);
insert into Employees (EmployeeId, EmployeeName, EmployeeLastName, RestaurantId, DriverLicense, Age, JobId) values (190, 'Mercy', 'Scoles', 27, true, 54, 1);
insert into Employees (EmployeeId, EmployeeName, EmployeeLastName, RestaurantId, DriverLicense, Age, JobId) values (191, 'Genia', 'Dearell', 258, true, 27, 3);
insert into Employees (EmployeeId, EmployeeName, EmployeeLastName, RestaurantId, DriverLicense, Age, JobId) values (192, 'Davie', 'Whitlaw', 295, true, 45, 1);
insert into Employees (EmployeeId, EmployeeName, EmployeeLastName, RestaurantId, DriverLicense, Age, JobId) values (193, 'Aron', 'Breens', 294, false, 54, 3);
insert into Employees (EmployeeId, EmployeeName, EmployeeLastName, RestaurantId, DriverLicense, Age, JobId) values (194, 'Sayres', 'Colleer', 303, false, 27, 3);
insert into Employees (EmployeeId, EmployeeName, EmployeeLastName, RestaurantId, DriverLicense, Age, JobId) values (195, 'Mose', 'Furbank', 360, true, 27, 3);
insert into Employees (EmployeeId, EmployeeName, EmployeeLastName, RestaurantId, DriverLicense, Age, JobId) values (196, 'Felice', 'Padgett', 200, true, 19, 1);
insert into Employees (EmployeeId, EmployeeName, EmployeeLastName, RestaurantId, DriverLicense, Age, JobId) values (197, 'Elysia', 'Tante', 466, true, 21, 3);
insert into Employees (EmployeeId, EmployeeName, EmployeeLastName, RestaurantId, DriverLicense, Age, JobId) values (198, 'Waring', 'Raffan', 281, true, 29, 2);
insert into Employees (EmployeeId, EmployeeName, EmployeeLastName, RestaurantId, DriverLicense, Age, JobId) values (199, 'Sal', 'Bohlmann', 468, false, 62, 1);
insert into Employees (EmployeeId, EmployeeName, EmployeeLastName, RestaurantId, DriverLicense, Age, JobId) values (200, 'Dinnie', 'Tann', 395, true, 54, 2);
insert into Employees (EmployeeId, EmployeeName, EmployeeLastName, RestaurantId, DriverLicense, Age, JobId) values (201, 'Leyla', 'Chisman', 442, false, 54, 1);
insert into Employees (EmployeeId, EmployeeName, EmployeeLastName, RestaurantId, DriverLicense, Age, JobId) values (202, 'Mareah', 'Wanek', 25, true, 36, 1);
insert into Employees (EmployeeId, EmployeeName, EmployeeLastName, RestaurantId, DriverLicense, Age, JobId) values (203, 'Germain', 'Calow', 480, true, 44, 1);
insert into Employees (EmployeeId, EmployeeName, EmployeeLastName, RestaurantId, DriverLicense, Age, JobId) values (204, 'Sherwynd', 'Magor', 98, false, 58, 2);
insert into Employees (EmployeeId, EmployeeName, EmployeeLastName, RestaurantId, DriverLicense, Age, JobId) values (205, 'Griselda', 'Nehls', 355, false, 21, 1);
insert into Employees (EmployeeId, EmployeeName, EmployeeLastName, RestaurantId, DriverLicense, Age, JobId) values (206, 'Anabelle', 'Roome', 492, true, 30, 3);
insert into Employees (EmployeeId, EmployeeName, EmployeeLastName, RestaurantId, DriverLicense, Age, JobId) values (207, 'Hilarius', 'Bullivent', 206, false, 62, 3);
insert into Employees (EmployeeId, EmployeeName, EmployeeLastName, RestaurantId, DriverLicense, Age, JobId) values (208, 'Falito', 'Hinge', 325, true, 36, 2);
insert into Employees (EmployeeId, EmployeeName, EmployeeLastName, RestaurantId, DriverLicense, Age, JobId) values (209, 'Corinne', 'Daugherty', 69, true, 26, 1);
insert into Employees (EmployeeId, EmployeeName, EmployeeLastName, RestaurantId, DriverLicense, Age, JobId) values (210, 'Erroll', 'Grattan', 411, true, 48, 3);
insert into Employees (EmployeeId, EmployeeName, EmployeeLastName, RestaurantId, DriverLicense, Age, JobId) values (211, 'Moira', 'Spriggen', 437, false, 42, 3);
insert into Employees (EmployeeId, EmployeeName, EmployeeLastName, RestaurantId, DriverLicense, Age, JobId) values (212, 'Anni', 'Hayter', 113, false, 44, 2);
insert into Employees (EmployeeId, EmployeeName, EmployeeLastName, RestaurantId, DriverLicense, Age, JobId) values (213, 'Alasteir', 'Curnow', 491, true, 37, 2);
insert into Employees (EmployeeId, EmployeeName, EmployeeLastName, RestaurantId, DriverLicense, Age, JobId) values (214, 'Rancell', 'Ashbolt', 443, true, 59, 1);
insert into Employees (EmployeeId, EmployeeName, EmployeeLastName, RestaurantId, DriverLicense, Age, JobId) values (215, 'Prentiss', 'Raoult', 47, true, 53, 2);
insert into Employees (EmployeeId, EmployeeName, EmployeeLastName, RestaurantId, DriverLicense, Age, JobId) values (216, 'Blinnie', 'Johnston', 466, true, 56, 3);
insert into Employees (EmployeeId, EmployeeName, EmployeeLastName, RestaurantId, DriverLicense, Age, JobId) values (217, 'Jermaine', 'Frane', 186, false, 25, 3);
insert into Employees (EmployeeId, EmployeeName, EmployeeLastName, RestaurantId, DriverLicense, Age, JobId) values (218, 'Nerte', 'St. Pierre', 171, true, 62, 3);
insert into Employees (EmployeeId, EmployeeName, EmployeeLastName, RestaurantId, DriverLicense, Age, JobId) values (219, 'Alexis', 'Jays', 31, false, 52, 3);
insert into Employees (EmployeeId, EmployeeName, EmployeeLastName, RestaurantId, DriverLicense, Age, JobId) values (220, 'Annalee', 'Jeffress', 191, false, 59, 2);
insert into Employees (EmployeeId, EmployeeName, EmployeeLastName, RestaurantId, DriverLicense, Age, JobId) values (221, 'Gert', 'Heyburn', 117, true, 33, 3);
insert into Employees (EmployeeId, EmployeeName, EmployeeLastName, RestaurantId, DriverLicense, Age, JobId) values (222, 'Bernelle', 'Parish', 116, false, 32, 3);
insert into Employees (EmployeeId, EmployeeName, EmployeeLastName, RestaurantId, DriverLicense, Age, JobId) values (223, 'Tracy', 'Oneal', 436, true, 49, 3);
insert into Employees (EmployeeId, EmployeeName, EmployeeLastName, RestaurantId, DriverLicense, Age, JobId) values (224, 'Laraine', 'Jickells', 198, true, 50, 1);
insert into Employees (EmployeeId, EmployeeName, EmployeeLastName, RestaurantId, DriverLicense, Age, JobId) values (225, 'Shayne', 'Gaythwaite', 263, true, 62, 1);
insert into Employees (EmployeeId, EmployeeName, EmployeeLastName, RestaurantId, DriverLicense, Age, JobId) values (226, 'Elly', 'Jeffs', 205, true, 19, 2);
insert into Employees (EmployeeId, EmployeeName, EmployeeLastName, RestaurantId, DriverLicense, Age, JobId) values (227, 'Archie', 'Redier', 200, true, 53, 1);
insert into Employees (EmployeeId, EmployeeName, EmployeeLastName, RestaurantId, DriverLicense, Age, JobId) values (228, 'Ave', 'Schott', 166, true, 46, 1);
insert into Employees (EmployeeId, EmployeeName, EmployeeLastName, RestaurantId, DriverLicense, Age, JobId) values (229, 'Phillida', 'Boeter', 279, false, 40, 3);
insert into Employees (EmployeeId, EmployeeName, EmployeeLastName, RestaurantId, DriverLicense, Age, JobId) values (230, 'Isaak', 'O''Doran', 426, true, 19, 1);
insert into Employees (EmployeeId, EmployeeName, EmployeeLastName, RestaurantId, DriverLicense, Age, JobId) values (231, 'Hunt', 'Hacaud', 172, false, 50, 3);
insert into Employees (EmployeeId, EmployeeName, EmployeeLastName, RestaurantId, DriverLicense, Age, JobId) values (232, 'Alair', 'Clapison', 303, true, 64, 2);
insert into Employees (EmployeeId, EmployeeName, EmployeeLastName, RestaurantId, DriverLicense, Age, JobId) values (233, 'Gisele', 'Tillett', 39, false, 18, 1);
insert into Employees (EmployeeId, EmployeeName, EmployeeLastName, RestaurantId, DriverLicense, Age, JobId) values (234, 'Chan', 'Ferre', 225, true, 18, 1);
insert into Employees (EmployeeId, EmployeeName, EmployeeLastName, RestaurantId, DriverLicense, Age, JobId) values (235, 'Margie', 'Heynen', 311, false, 59, 3);
insert into Employees (EmployeeId, EmployeeName, EmployeeLastName, RestaurantId, DriverLicense, Age, JobId) values (236, 'Vanya', 'Fairburne', 193, true, 26, 2);
insert into Employees (EmployeeId, EmployeeName, EmployeeLastName, RestaurantId, DriverLicense, Age, JobId) values (237, 'Carleton', 'Bratton', 95, false, 48, 1);
insert into Employees (EmployeeId, EmployeeName, EmployeeLastName, RestaurantId, DriverLicense, Age, JobId) values (238, 'Gonzalo', 'Moloney', 290, false, 51, 3);
insert into Employees (EmployeeId, EmployeeName, EmployeeLastName, RestaurantId, DriverLicense, Age, JobId) values (239, 'Robers', 'Lacey', 460, false, 47, 3);
insert into Employees (EmployeeId, EmployeeName, EmployeeLastName, RestaurantId, DriverLicense, Age, JobId) values (240, 'Janot', 'Cooke', 219, false, 33, 2);
insert into Employees (EmployeeId, EmployeeName, EmployeeLastName, RestaurantId, DriverLicense, Age, JobId) values (241, 'Nial', 'Ryce', 442, false, 55, 3);
insert into Employees (EmployeeId, EmployeeName, EmployeeLastName, RestaurantId, DriverLicense, Age, JobId) values (242, 'Tuck', 'Simnett', 124, false, 28, 3);
insert into Employees (EmployeeId, EmployeeName, EmployeeLastName, RestaurantId, DriverLicense, Age, JobId) values (243, 'Dionisio', 'Fyldes', 434, false, 64, 1);
insert into Employees (EmployeeId, EmployeeName, EmployeeLastName, RestaurantId, DriverLicense, Age, JobId) values (244, 'Aldon', 'Damant', 129, true, 50, 2);
insert into Employees (EmployeeId, EmployeeName, EmployeeLastName, RestaurantId, DriverLicense, Age, JobId) values (245, 'Griffith', 'Harses', 36, false, 25, 3);
insert into Employees (EmployeeId, EmployeeName, EmployeeLastName, RestaurantId, DriverLicense, Age, JobId) values (246, 'Kylynn', 'Sheere', 229, true, 50, 3);
insert into Employees (EmployeeId, EmployeeName, EmployeeLastName, RestaurantId, DriverLicense, Age, JobId) values (247, 'Thatcher', 'Roony', 93, false, 31, 2);
insert into Employees (EmployeeId, EmployeeName, EmployeeLastName, RestaurantId, DriverLicense, Age, JobId) values (248, 'Osbourn', 'Bea', 402, true, 33, 2);
insert into Employees (EmployeeId, EmployeeName, EmployeeLastName, RestaurantId, DriverLicense, Age, JobId) values (249, 'Mela', 'Chicco', 70, true, 44, 1);
insert into Employees (EmployeeId, EmployeeName, EmployeeLastName, RestaurantId, DriverLicense, Age, JobId) values (250, 'Aldus', 'Conklin', 440, false, 56, 2);
insert into Employees (EmployeeId, EmployeeName, EmployeeLastName, RestaurantId, DriverLicense, Age, JobId) values (251, 'Nanon', 'Garrettson', 171, false, 56, 1);
insert into Employees (EmployeeId, EmployeeName, EmployeeLastName, RestaurantId, DriverLicense, Age, JobId) values (252, 'Silvana', 'Lygo', 96, false, 61, 1);
insert into Employees (EmployeeId, EmployeeName, EmployeeLastName, RestaurantId, DriverLicense, Age, JobId) values (253, 'Eleanor', 'Yonnie', 185, true, 30, 2);
insert into Employees (EmployeeId, EmployeeName, EmployeeLastName, RestaurantId, DriverLicense, Age, JobId) values (254, 'Valina', 'Wycherley', 1, false, 63, 2);
insert into Employees (EmployeeId, EmployeeName, EmployeeLastName, RestaurantId, DriverLicense, Age, JobId) values (255, 'Monti', 'Shropshire', 94, true, 64, 2);
insert into Employees (EmployeeId, EmployeeName, EmployeeLastName, RestaurantId, DriverLicense, Age, JobId) values (256, 'Dorri', 'Rutigliano', 73, true, 23, 3);
insert into Employees (EmployeeId, EmployeeName, EmployeeLastName, RestaurantId, DriverLicense, Age, JobId) values (257, 'Amelie', 'MacElroy', 273, false, 50, 3);
insert into Employees (EmployeeId, EmployeeName, EmployeeLastName, RestaurantId, DriverLicense, Age, JobId) values (258, 'Andra', 'Kilmaster', 379, false, 59, 1);
insert into Employees (EmployeeId, EmployeeName, EmployeeLastName, RestaurantId, DriverLicense, Age, JobId) values (259, 'Hermine', 'Fatkin', 43, true, 29, 3);
insert into Employees (EmployeeId, EmployeeName, EmployeeLastName, RestaurantId, DriverLicense, Age, JobId) values (260, 'Winona', 'Luckcuck', 291, false, 26, 2);
insert into Employees (EmployeeId, EmployeeName, EmployeeLastName, RestaurantId, DriverLicense, Age, JobId) values (261, 'Junie', 'Grenshiels', 244, true, 19, 2);
insert into Employees (EmployeeId, EmployeeName, EmployeeLastName, RestaurantId, DriverLicense, Age, JobId) values (262, 'Charlotte', 'Moffet', 263, false, 31, 1);
insert into Employees (EmployeeId, EmployeeName, EmployeeLastName, RestaurantId, DriverLicense, Age, JobId) values (263, 'Cleveland', 'Urvoy', 31, false, 23, 2);
insert into Employees (EmployeeId, EmployeeName, EmployeeLastName, RestaurantId, DriverLicense, Age, JobId) values (264, 'Lara', 'Banishevitz', 371, true, 37, 3);
insert into Employees (EmployeeId, EmployeeName, EmployeeLastName, RestaurantId, DriverLicense, Age, JobId) values (265, 'Beverlee', 'Shadrack', 79, true, 19, 2);
insert into Employees (EmployeeId, EmployeeName, EmployeeLastName, RestaurantId, DriverLicense, Age, JobId) values (266, 'Lorinda', 'Brotherhed', 314, false, 40, 3);
insert into Employees (EmployeeId, EmployeeName, EmployeeLastName, RestaurantId, DriverLicense, Age, JobId) values (267, 'Ruggiero', 'Joseland', 230, true, 19, 2);
insert into Employees (EmployeeId, EmployeeName, EmployeeLastName, RestaurantId, DriverLicense, Age, JobId) values (268, 'Maribel', 'Jupp', 58, false, 38, 3);
insert into Employees (EmployeeId, EmployeeName, EmployeeLastName, RestaurantId, DriverLicense, Age, JobId) values (269, 'Benoite', 'De Blasi', 339, false, 44, 1);
insert into Employees (EmployeeId, EmployeeName, EmployeeLastName, RestaurantId, DriverLicense, Age, JobId) values (270, 'Carmella', 'Koeppe', 14, true, 40, 1);
insert into Employees (EmployeeId, EmployeeName, EmployeeLastName, RestaurantId, DriverLicense, Age, JobId) values (271, 'Gerhardine', 'McEwen', 327, true, 23, 3);
insert into Employees (EmployeeId, EmployeeName, EmployeeLastName, RestaurantId, DriverLicense, Age, JobId) values (272, 'Salomi', 'Mourge', 59, false, 59, 1);
insert into Employees (EmployeeId, EmployeeName, EmployeeLastName, RestaurantId, DriverLicense, Age, JobId) values (273, 'Danyette', 'Deery', 409, false, 43, 3);
insert into Employees (EmployeeId, EmployeeName, EmployeeLastName, RestaurantId, DriverLicense, Age, JobId) values (274, 'Katuscha', 'Sesons', 342, false, 63, 3);
insert into Employees (EmployeeId, EmployeeName, EmployeeLastName, RestaurantId, DriverLicense, Age, JobId) values (275, 'Sheri', 'Vanacci', 14, false, 24, 2);
insert into Employees (EmployeeId, EmployeeName, EmployeeLastName, RestaurantId, DriverLicense, Age, JobId) values (276, 'Godiva', 'Goalby', 375, true, 23, 2);
insert into Employees (EmployeeId, EmployeeName, EmployeeLastName, RestaurantId, DriverLicense, Age, JobId) values (277, 'Morgana', 'Regenhardt', 241, true, 30, 1);
insert into Employees (EmployeeId, EmployeeName, EmployeeLastName, RestaurantId, DriverLicense, Age, JobId) values (278, 'Ian', 'Segrott', 258, true, 61, 3);
insert into Employees (EmployeeId, EmployeeName, EmployeeLastName, RestaurantId, DriverLicense, Age, JobId) values (279, 'Diandra', 'Sharma', 59, true, 61, 2);
insert into Employees (EmployeeId, EmployeeName, EmployeeLastName, RestaurantId, DriverLicense, Age, JobId) values (280, 'Aubert', 'Gianiello', 301, false, 30, 3);
insert into Employees (EmployeeId, EmployeeName, EmployeeLastName, RestaurantId, DriverLicense, Age, JobId) values (281, 'Rhett', 'Chanson', 286, false, 57, 3);
insert into Employees (EmployeeId, EmployeeName, EmployeeLastName, RestaurantId, DriverLicense, Age, JobId) values (282, 'Ches', 'Casol', 57, true, 37, 1);
insert into Employees (EmployeeId, EmployeeName, EmployeeLastName, RestaurantId, DriverLicense, Age, JobId) values (283, 'Sutherlan', 'Reinhardt', 436, true, 30, 3);
insert into Employees (EmployeeId, EmployeeName, EmployeeLastName, RestaurantId, DriverLicense, Age, JobId) values (284, 'Joella', 'Fosdick', 16, false, 47, 2);
insert into Employees (EmployeeId, EmployeeName, EmployeeLastName, RestaurantId, DriverLicense, Age, JobId) values (285, 'Lilah', 'Boerder', 328, true, 60, 2);
insert into Employees (EmployeeId, EmployeeName, EmployeeLastName, RestaurantId, DriverLicense, Age, JobId) values (286, 'Brandea', 'McCoy', 500, true, 58, 2);
insert into Employees (EmployeeId, EmployeeName, EmployeeLastName, RestaurantId, DriverLicense, Age, JobId) values (287, 'Deerdre', 'Parade', 199, true, 23, 2);
insert into Employees (EmployeeId, EmployeeName, EmployeeLastName, RestaurantId, DriverLicense, Age, JobId) values (288, 'Serena', 'Earengey', 483, false, 61, 2);
insert into Employees (EmployeeId, EmployeeName, EmployeeLastName, RestaurantId, DriverLicense, Age, JobId) values (289, 'Vallie', 'Dagwell', 109, true, 24, 2);
insert into Employees (EmployeeId, EmployeeName, EmployeeLastName, RestaurantId, DriverLicense, Age, JobId) values (290, 'Aldric', 'Ciccotto', 251, false, 60, 1);
insert into Employees (EmployeeId, EmployeeName, EmployeeLastName, RestaurantId, DriverLicense, Age, JobId) values (291, 'Laney', 'Pollen', 36, false, 21, 1);
insert into Employees (EmployeeId, EmployeeName, EmployeeLastName, RestaurantId, DriverLicense, Age, JobId) values (292, 'Madge', 'Gorini', 394, true, 25, 1);
insert into Employees (EmployeeId, EmployeeName, EmployeeLastName, RestaurantId, DriverLicense, Age, JobId) values (293, 'Birch', 'Oatley', 98, false, 39, 3);
insert into Employees (EmployeeId, EmployeeName, EmployeeLastName, RestaurantId, DriverLicense, Age, JobId) values (294, 'Paten', 'Schreiner', 215, false, 27, 2);
insert into Employees (EmployeeId, EmployeeName, EmployeeLastName, RestaurantId, DriverLicense, Age, JobId) values (295, 'Washington', 'Grosvener', 306, true, 44, 1);
insert into Employees (EmployeeId, EmployeeName, EmployeeLastName, RestaurantId, DriverLicense, Age, JobId) values (296, 'Alister', 'Harriott', 462, false, 30, 1);
insert into Employees (EmployeeId, EmployeeName, EmployeeLastName, RestaurantId, DriverLicense, Age, JobId) values (297, 'Michaelina', 'Burdas', 21, true, 30, 3);
insert into Employees (EmployeeId, EmployeeName, EmployeeLastName, RestaurantId, DriverLicense, Age, JobId) values (298, 'Mark', 'McCaskill', 370, false, 45, 3);
insert into Employees (EmployeeId, EmployeeName, EmployeeLastName, RestaurantId, DriverLicense, Age, JobId) values (299, 'Rube', 'Voisey', 162, true, 28, 3);
insert into Employees (EmployeeId, EmployeeName, EmployeeLastName, RestaurantId, DriverLicense, Age, JobId) values (300, 'Selene', 'McVane', 89, false, 64, 2);
insert into Employees (EmployeeId, EmployeeName, EmployeeLastName, RestaurantId, DriverLicense, Age, JobId) values (301, 'Hedi', 'Philippsohn', 108, true, 39, 1);
insert into Employees (EmployeeId, EmployeeName, EmployeeLastName, RestaurantId, DriverLicense, Age, JobId) values (302, 'Denis', 'Pedrazzi', 162, false, 21, 1);
insert into Employees (EmployeeId, EmployeeName, EmployeeLastName, RestaurantId, DriverLicense, Age, JobId) values (303, 'Othilia', 'Vardie', 105, false, 55, 3);
insert into Employees (EmployeeId, EmployeeName, EmployeeLastName, RestaurantId, DriverLicense, Age, JobId) values (304, 'Loralie', 'Warricker', 103, true, 54, 3);
insert into Employees (EmployeeId, EmployeeName, EmployeeLastName, RestaurantId, DriverLicense, Age, JobId) values (305, 'Ina', 'Skedge', 215, true, 63, 2);
insert into Employees (EmployeeId, EmployeeName, EmployeeLastName, RestaurantId, DriverLicense, Age, JobId) values (306, 'Theodora', 'Miebes', 193, false, 42, 1);
insert into Employees (EmployeeId, EmployeeName, EmployeeLastName, RestaurantId, DriverLicense, Age, JobId) values (307, 'Dyanne', 'Pracy', 294, false, 41, 2);
insert into Employees (EmployeeId, EmployeeName, EmployeeLastName, RestaurantId, DriverLicense, Age, JobId) values (308, 'Jamaal', 'Livesey', 440, false, 55, 1);
insert into Employees (EmployeeId, EmployeeName, EmployeeLastName, RestaurantId, DriverLicense, Age, JobId) values (309, 'Deeann', 'Tidmas', 24, false, 22, 2);
insert into Employees (EmployeeId, EmployeeName, EmployeeLastName, RestaurantId, DriverLicense, Age, JobId) values (310, 'Gwendolin', 'Lawrence', 42, true, 34, 2);
insert into Employees (EmployeeId, EmployeeName, EmployeeLastName, RestaurantId, DriverLicense, Age, JobId) values (311, 'Claudette', 'Beamish', 187, true, 47, 1);
insert into Employees (EmployeeId, EmployeeName, EmployeeLastName, RestaurantId, DriverLicense, Age, JobId) values (312, 'Jessie', 'Gallemore', 208, false, 36, 1);
insert into Employees (EmployeeId, EmployeeName, EmployeeLastName, RestaurantId, DriverLicense, Age, JobId) values (313, 'Maryjane', 'Shoreson', 33, true, 22, 1);
insert into Employees (EmployeeId, EmployeeName, EmployeeLastName, RestaurantId, DriverLicense, Age, JobId) values (314, 'Virginia', 'Kerfoot', 313, true, 61, 1);
insert into Employees (EmployeeId, EmployeeName, EmployeeLastName, RestaurantId, DriverLicense, Age, JobId) values (315, 'Madelaine', 'Isakson', 292, true, 37, 3);
insert into Employees (EmployeeId, EmployeeName, EmployeeLastName, RestaurantId, DriverLicense, Age, JobId) values (316, 'Alissa', 'Rosterne', 365, false, 43, 3);
insert into Employees (EmployeeId, EmployeeName, EmployeeLastName, RestaurantId, DriverLicense, Age, JobId) values (317, 'Herb', 'Tuckey', 279, false, 20, 1);
insert into Employees (EmployeeId, EmployeeName, EmployeeLastName, RestaurantId, DriverLicense, Age, JobId) values (318, 'Bartlet', 'Botger', 216, true, 61, 3);
insert into Employees (EmployeeId, EmployeeName, EmployeeLastName, RestaurantId, DriverLicense, Age, JobId) values (319, 'Shel', 'Rawe', 231, false, 49, 1);
insert into Employees (EmployeeId, EmployeeName, EmployeeLastName, RestaurantId, DriverLicense, Age, JobId) values (320, 'Robbert', 'Cunniff', 376, false, 19, 2);
insert into Employees (EmployeeId, EmployeeName, EmployeeLastName, RestaurantId, DriverLicense, Age, JobId) values (321, 'Goraud', 'Langwade', 129, false, 58, 3);
insert into Employees (EmployeeId, EmployeeName, EmployeeLastName, RestaurantId, DriverLicense, Age, JobId) values (322, 'Pacorro', 'Geldeard', 211, false, 60, 1);
insert into Employees (EmployeeId, EmployeeName, EmployeeLastName, RestaurantId, DriverLicense, Age, JobId) values (323, 'Simonette', 'Keech', 447, false, 47, 1);
insert into Employees (EmployeeId, EmployeeName, EmployeeLastName, RestaurantId, DriverLicense, Age, JobId) values (324, 'Myrle', 'Cattlemull', 13, true, 40, 1);
insert into Employees (EmployeeId, EmployeeName, EmployeeLastName, RestaurantId, DriverLicense, Age, JobId) values (325, 'Maddalena', 'Barbera', 419, true, 41, 3);
insert into Employees (EmployeeId, EmployeeName, EmployeeLastName, RestaurantId, DriverLicense, Age, JobId) values (326, 'Benjy', 'Bower', 454, false, 22, 2);
insert into Employees (EmployeeId, EmployeeName, EmployeeLastName, RestaurantId, DriverLicense, Age, JobId) values (327, 'Alessandro', 'Cratchley', 383, true, 23, 2);
insert into Employees (EmployeeId, EmployeeName, EmployeeLastName, RestaurantId, DriverLicense, Age, JobId) values (328, 'Mycah', 'Panther', 324, false, 19, 2);
insert into Employees (EmployeeId, EmployeeName, EmployeeLastName, RestaurantId, DriverLicense, Age, JobId) values (329, 'Jakie', 'Yarranton', 379, true, 20, 3);
insert into Employees (EmployeeId, EmployeeName, EmployeeLastName, RestaurantId, DriverLicense, Age, JobId) values (330, 'Leanora', 'Romaynes', 124, true, 35, 3);
insert into Employees (EmployeeId, EmployeeName, EmployeeLastName, RestaurantId, DriverLicense, Age, JobId) values (331, 'Nananne', 'Daintree', 54, false, 42, 2);
insert into Employees (EmployeeId, EmployeeName, EmployeeLastName, RestaurantId, DriverLicense, Age, JobId) values (332, 'Marven', 'Gilluley', 408, false, 62, 2);
insert into Employees (EmployeeId, EmployeeName, EmployeeLastName, RestaurantId, DriverLicense, Age, JobId) values (333, 'Ileane', 'Quye', 124, true, 25, 2);
insert into Employees (EmployeeId, EmployeeName, EmployeeLastName, RestaurantId, DriverLicense, Age, JobId) values (334, 'Annabelle', 'Swatton', 305, true, 20, 1);
insert into Employees (EmployeeId, EmployeeName, EmployeeLastName, RestaurantId, DriverLicense, Age, JobId) values (335, 'Letta', 'Cushion', 379, true, 32, 2);
insert into Employees (EmployeeId, EmployeeName, EmployeeLastName, RestaurantId, DriverLicense, Age, JobId) values (336, 'Adora', 'Gillmore', 418, false, 40, 2);
insert into Employees (EmployeeId, EmployeeName, EmployeeLastName, RestaurantId, DriverLicense, Age, JobId) values (337, 'Thorny', 'Flieger', 441, false, 26, 3);
insert into Employees (EmployeeId, EmployeeName, EmployeeLastName, RestaurantId, DriverLicense, Age, JobId) values (338, 'Arlan', 'Dewan', 437, true, 54, 2);
insert into Employees (EmployeeId, EmployeeName, EmployeeLastName, RestaurantId, DriverLicense, Age, JobId) values (339, 'Kasper', 'Wadsworth', 317, false, 19, 3);
insert into Employees (EmployeeId, EmployeeName, EmployeeLastName, RestaurantId, DriverLicense, Age, JobId) values (340, 'Agna', 'Noye', 460, false, 38, 3);
insert into Employees (EmployeeId, EmployeeName, EmployeeLastName, RestaurantId, DriverLicense, Age, JobId) values (341, 'Cad', 'McLagan', 399, true, 56, 3);
insert into Employees (EmployeeId, EmployeeName, EmployeeLastName, RestaurantId, DriverLicense, Age, JobId) values (342, 'Dionis', 'Kilty', 367, true, 40, 3);
insert into Employees (EmployeeId, EmployeeName, EmployeeLastName, RestaurantId, DriverLicense, Age, JobId) values (343, 'Janeva', 'Davitti', 463, true, 18, 1);
insert into Employees (EmployeeId, EmployeeName, EmployeeLastName, RestaurantId, DriverLicense, Age, JobId) values (344, 'Binnie', 'Knoller', 230, false, 64, 3);
insert into Employees (EmployeeId, EmployeeName, EmployeeLastName, RestaurantId, DriverLicense, Age, JobId) values (345, 'Averell', 'Freke', 474, true, 63, 3);
insert into Employees (EmployeeId, EmployeeName, EmployeeLastName, RestaurantId, DriverLicense, Age, JobId) values (346, 'Stevie', 'Simakov', 380, true, 60, 2);
insert into Employees (EmployeeId, EmployeeName, EmployeeLastName, RestaurantId, DriverLicense, Age, JobId) values (347, 'Janean', 'Harle', 289, true, 54, 2);
insert into Employees (EmployeeId, EmployeeName, EmployeeLastName, RestaurantId, DriverLicense, Age, JobId) values (348, 'Kerianne', 'Feetham', 486, true, 22, 3);
insert into Employees (EmployeeId, EmployeeName, EmployeeLastName, RestaurantId, DriverLicense, Age, JobId) values (349, 'Nathaniel', 'Skillett', 265, false, 49, 1);
insert into Employees (EmployeeId, EmployeeName, EmployeeLastName, RestaurantId, DriverLicense, Age, JobId) values (350, 'Olive', 'Kubalek', 218, true, 51, 2);
insert into Employees (EmployeeId, EmployeeName, EmployeeLastName, RestaurantId, DriverLicense, Age, JobId) values (351, 'Porter', 'Horburgh', 497, true, 24, 3);
insert into Employees (EmployeeId, EmployeeName, EmployeeLastName, RestaurantId, DriverLicense, Age, JobId) values (352, 'Yalonda', 'Tudball', 400, false, 32, 2);
insert into Employees (EmployeeId, EmployeeName, EmployeeLastName, RestaurantId, DriverLicense, Age, JobId) values (353, 'Foster', 'Gore', 411, true, 34, 1);
insert into Employees (EmployeeId, EmployeeName, EmployeeLastName, RestaurantId, DriverLicense, Age, JobId) values (354, 'Susie', 'Hartop', 230, false, 27, 3);
insert into Employees (EmployeeId, EmployeeName, EmployeeLastName, RestaurantId, DriverLicense, Age, JobId) values (355, 'Kingston', 'Miskimmon', 10, true, 19, 1);
insert into Employees (EmployeeId, EmployeeName, EmployeeLastName, RestaurantId, DriverLicense, Age, JobId) values (356, 'Teresa', 'Bentje', 461, false, 56, 1);
insert into Employees (EmployeeId, EmployeeName, EmployeeLastName, RestaurantId, DriverLicense, Age, JobId) values (357, 'Sibel', 'Wadwell', 175, false, 25, 3);
insert into Employees (EmployeeId, EmployeeName, EmployeeLastName, RestaurantId, DriverLicense, Age, JobId) values (358, 'Margareta', 'Kalinovich', 274, false, 30, 1);
insert into Employees (EmployeeId, EmployeeName, EmployeeLastName, RestaurantId, DriverLicense, Age, JobId) values (359, 'Oran', 'Brotherwood', 362, false, 48, 2);
insert into Employees (EmployeeId, EmployeeName, EmployeeLastName, RestaurantId, DriverLicense, Age, JobId) values (360, 'Ronny', 'Kuhnel', 291, true, 38, 2);
insert into Employees (EmployeeId, EmployeeName, EmployeeLastName, RestaurantId, DriverLicense, Age, JobId) values (361, 'Heda', 'Rendell', 141, false, 20, 3);
insert into Employees (EmployeeId, EmployeeName, EmployeeLastName, RestaurantId, DriverLicense, Age, JobId) values (362, 'Viviyan', 'Tie', 206, true, 36, 1);
insert into Employees (EmployeeId, EmployeeName, EmployeeLastName, RestaurantId, DriverLicense, Age, JobId) values (363, 'Shannon', 'Henniger', 156, false, 23, 3);
insert into Employees (EmployeeId, EmployeeName, EmployeeLastName, RestaurantId, DriverLicense, Age, JobId) values (364, 'Konstance', 'Galtone', 310, true, 54, 1);
insert into Employees (EmployeeId, EmployeeName, EmployeeLastName, RestaurantId, DriverLicense, Age, JobId) values (365, 'Fair', 'Tomaszewski', 237, true, 40, 2);
insert into Employees (EmployeeId, EmployeeName, EmployeeLastName, RestaurantId, DriverLicense, Age, JobId) values (366, 'Noelani', 'Flicker', 298, true, 58, 2);
insert into Employees (EmployeeId, EmployeeName, EmployeeLastName, RestaurantId, DriverLicense, Age, JobId) values (367, 'Sydel', 'Pope', 90, true, 25, 3);
insert into Employees (EmployeeId, EmployeeName, EmployeeLastName, RestaurantId, DriverLicense, Age, JobId) values (368, 'Ninnetta', 'Plom', 210, false, 50, 2);
insert into Employees (EmployeeId, EmployeeName, EmployeeLastName, RestaurantId, DriverLicense, Age, JobId) values (369, 'Janna', 'Duxbury', 68, true, 47, 2);
insert into Employees (EmployeeId, EmployeeName, EmployeeLastName, RestaurantId, DriverLicense, Age, JobId) values (370, 'Adelle', 'Scamp', 259, true, 42, 1);
insert into Employees (EmployeeId, EmployeeName, EmployeeLastName, RestaurantId, DriverLicense, Age, JobId) values (371, 'Raddy', 'Castaneda', 90, false, 34, 1);
insert into Employees (EmployeeId, EmployeeName, EmployeeLastName, RestaurantId, DriverLicense, Age, JobId) values (372, 'Rahel', 'Tandy', 212, true, 59, 2);
insert into Employees (EmployeeId, EmployeeName, EmployeeLastName, RestaurantId, DriverLicense, Age, JobId) values (373, 'Emlynn', 'Muzzlewhite', 409, true, 52, 1);
insert into Employees (EmployeeId, EmployeeName, EmployeeLastName, RestaurantId, DriverLicense, Age, JobId) values (374, 'Ester', 'Davenall', 312, false, 35, 1);
insert into Employees (EmployeeId, EmployeeName, EmployeeLastName, RestaurantId, DriverLicense, Age, JobId) values (375, 'Ilene', 'Persence', 204, true, 44, 2);
insert into Employees (EmployeeId, EmployeeName, EmployeeLastName, RestaurantId, DriverLicense, Age, JobId) values (376, 'Goldi', 'Raymont', 498, false, 62, 2);
insert into Employees (EmployeeId, EmployeeName, EmployeeLastName, RestaurantId, DriverLicense, Age, JobId) values (377, 'Roxi', 'Lenz', 106, true, 20, 2);
insert into Employees (EmployeeId, EmployeeName, EmployeeLastName, RestaurantId, DriverLicense, Age, JobId) values (378, 'Nananne', 'Hughson', 94, false, 35, 2);
insert into Employees (EmployeeId, EmployeeName, EmployeeLastName, RestaurantId, DriverLicense, Age, JobId) values (379, 'Paloma', 'Kilcullen', 182, false, 24, 1);
insert into Employees (EmployeeId, EmployeeName, EmployeeLastName, RestaurantId, DriverLicense, Age, JobId) values (380, 'Misha', 'Puttrell', 52, true, 62, 1);
insert into Employees (EmployeeId, EmployeeName, EmployeeLastName, RestaurantId, DriverLicense, Age, JobId) values (381, 'Rhoda', 'Duesbury', 147, true, 55, 3);
insert into Employees (EmployeeId, EmployeeName, EmployeeLastName, RestaurantId, DriverLicense, Age, JobId) values (382, 'Tallie', 'Roselli', 43, false, 33, 2);
insert into Employees (EmployeeId, EmployeeName, EmployeeLastName, RestaurantId, DriverLicense, Age, JobId) values (383, 'Kris', 'Hanscombe', 235, true, 48, 2);
insert into Employees (EmployeeId, EmployeeName, EmployeeLastName, RestaurantId, DriverLicense, Age, JobId) values (384, 'Lanie', 'Pexton', 136, false, 57, 3);
insert into Employees (EmployeeId, EmployeeName, EmployeeLastName, RestaurantId, DriverLicense, Age, JobId) values (385, 'Alvie', 'Filisov', 434, true, 24, 3);
insert into Employees (EmployeeId, EmployeeName, EmployeeLastName, RestaurantId, DriverLicense, Age, JobId) values (386, 'Pail', 'Durn', 24, true, 32, 2);
insert into Employees (EmployeeId, EmployeeName, EmployeeLastName, RestaurantId, DriverLicense, Age, JobId) values (387, 'Darrelle', 'Heath', 85, true, 21, 3);
insert into Employees (EmployeeId, EmployeeName, EmployeeLastName, RestaurantId, DriverLicense, Age, JobId) values (388, 'Raimund', 'Jako', 479, false, 37, 1);
insert into Employees (EmployeeId, EmployeeName, EmployeeLastName, RestaurantId, DriverLicense, Age, JobId) values (389, 'Kikelia', 'MacNish', 19, true, 54, 3);
insert into Employees (EmployeeId, EmployeeName, EmployeeLastName, RestaurantId, DriverLicense, Age, JobId) values (390, 'Chaunce', 'Murfett', 459, true, 55, 2);
insert into Employees (EmployeeId, EmployeeName, EmployeeLastName, RestaurantId, DriverLicense, Age, JobId) values (391, 'Winfield', 'Burtonshaw', 30, true, 46, 1);
insert into Employees (EmployeeId, EmployeeName, EmployeeLastName, RestaurantId, DriverLicense, Age, JobId) values (392, 'Ariella', 'Scolts', 79, false, 64, 1);
insert into Employees (EmployeeId, EmployeeName, EmployeeLastName, RestaurantId, DriverLicense, Age, JobId) values (393, 'Lenora', 'Bean', 250, false, 52, 1);
insert into Employees (EmployeeId, EmployeeName, EmployeeLastName, RestaurantId, DriverLicense, Age, JobId) values (394, 'Patton', 'Heineke', 431, false, 62, 1);
insert into Employees (EmployeeId, EmployeeName, EmployeeLastName, RestaurantId, DriverLicense, Age, JobId) values (395, 'Ban', 'McLoney', 100, true, 33, 3);
insert into Employees (EmployeeId, EmployeeName, EmployeeLastName, RestaurantId, DriverLicense, Age, JobId) values (396, 'Deedee', 'Osban', 370, false, 20, 2);
insert into Employees (EmployeeId, EmployeeName, EmployeeLastName, RestaurantId, DriverLicense, Age, JobId) values (397, 'Corbett', 'Lapree', 220, false, 34, 2);
insert into Employees (EmployeeId, EmployeeName, EmployeeLastName, RestaurantId, DriverLicense, Age, JobId) values (398, 'Duane', 'Greer', 275, false, 35, 3);
insert into Employees (EmployeeId, EmployeeName, EmployeeLastName, RestaurantId, DriverLicense, Age, JobId) values (399, 'Rheta', 'Semark', 86, false, 58, 3);
insert into Employees (EmployeeId, EmployeeName, EmployeeLastName, RestaurantId, DriverLicense, Age, JobId) values (400, 'Myca', 'Ballach', 277, false, 28, 2);
insert into Employees (EmployeeId, EmployeeName, EmployeeLastName, RestaurantId, DriverLicense, Age, JobId) values (401, 'Vlad', 'Gonsalvo', 158, true, 37, 1);
insert into Employees (EmployeeId, EmployeeName, EmployeeLastName, RestaurantId, DriverLicense, Age, JobId) values (402, 'Ailina', 'Clarey', 489, true, 27, 2);
insert into Employees (EmployeeId, EmployeeName, EmployeeLastName, RestaurantId, DriverLicense, Age, JobId) values (403, 'Felicio', 'Vandrill', 346, true, 41, 1);
insert into Employees (EmployeeId, EmployeeName, EmployeeLastName, RestaurantId, DriverLicense, Age, JobId) values (404, 'Haily', 'Weall', 106, true, 49, 3);
insert into Employees (EmployeeId, EmployeeName, EmployeeLastName, RestaurantId, DriverLicense, Age, JobId) values (405, 'Mata', 'Cartin', 42, true, 56, 2);
insert into Employees (EmployeeId, EmployeeName, EmployeeLastName, RestaurantId, DriverLicense, Age, JobId) values (406, 'Almeda', 'Kitcat', 193, false, 58, 2);
insert into Employees (EmployeeId, EmployeeName, EmployeeLastName, RestaurantId, DriverLicense, Age, JobId) values (407, 'Rhodia', 'Lamzed', 130, true, 64, 1);
insert into Employees (EmployeeId, EmployeeName, EmployeeLastName, RestaurantId, DriverLicense, Age, JobId) values (408, 'Andreas', 'Lovemore', 53, true, 22, 1);
insert into Employees (EmployeeId, EmployeeName, EmployeeLastName, RestaurantId, DriverLicense, Age, JobId) values (409, 'Roda', 'Ferrarotti', 120, false, 63, 3);
insert into Employees (EmployeeId, EmployeeName, EmployeeLastName, RestaurantId, DriverLicense, Age, JobId) values (410, 'Lilian', 'Rann', 324, false, 63, 3);
insert into Employees (EmployeeId, EmployeeName, EmployeeLastName, RestaurantId, DriverLicense, Age, JobId) values (411, 'Roze', 'Camus', 223, true, 63, 2);
insert into Employees (EmployeeId, EmployeeName, EmployeeLastName, RestaurantId, DriverLicense, Age, JobId) values (412, 'Petrina', 'Parcell', 470, true, 25, 2);
insert into Employees (EmployeeId, EmployeeName, EmployeeLastName, RestaurantId, DriverLicense, Age, JobId) values (413, 'Wenda', 'Brickstock', 24, false, 34, 2);
insert into Employees (EmployeeId, EmployeeName, EmployeeLastName, RestaurantId, DriverLicense, Age, JobId) values (414, 'Sophey', 'Machin', 58, false, 61, 1);
insert into Employees (EmployeeId, EmployeeName, EmployeeLastName, RestaurantId, DriverLicense, Age, JobId) values (415, 'Thaine', 'Frankland', 369, false, 59, 2);
insert into Employees (EmployeeId, EmployeeName, EmployeeLastName, RestaurantId, DriverLicense, Age, JobId) values (416, 'Jemie', 'Miles', 286, false, 45, 2);
insert into Employees (EmployeeId, EmployeeName, EmployeeLastName, RestaurantId, DriverLicense, Age, JobId) values (417, 'Adaline', 'Giacomozzo', 464, false, 20, 1);
insert into Employees (EmployeeId, EmployeeName, EmployeeLastName, RestaurantId, DriverLicense, Age, JobId) values (418, 'Darci', 'Mackin', 266, true, 39, 3);
insert into Employees (EmployeeId, EmployeeName, EmployeeLastName, RestaurantId, DriverLicense, Age, JobId) values (419, 'Jody', 'Durtnal', 259, false, 33, 2);
insert into Employees (EmployeeId, EmployeeName, EmployeeLastName, RestaurantId, DriverLicense, Age, JobId) values (420, 'Madelin', 'Macallam', 361, true, 45, 2);
insert into Employees (EmployeeId, EmployeeName, EmployeeLastName, RestaurantId, DriverLicense, Age, JobId) values (421, 'Damien', 'Buse', 450, false, 61, 1);
insert into Employees (EmployeeId, EmployeeName, EmployeeLastName, RestaurantId, DriverLicense, Age, JobId) values (422, 'Jerrie', 'Mylechreest', 272, true, 56, 1);
insert into Employees (EmployeeId, EmployeeName, EmployeeLastName, RestaurantId, DriverLicense, Age, JobId) values (423, 'Kaleb', 'Scorton', 401, false, 35, 1);
insert into Employees (EmployeeId, EmployeeName, EmployeeLastName, RestaurantId, DriverLicense, Age, JobId) values (424, 'Paola', 'Klimochkin', 278, true, 31, 1);
insert into Employees (EmployeeId, EmployeeName, EmployeeLastName, RestaurantId, DriverLicense, Age, JobId) values (425, 'Leupold', 'Malloy', 215, true, 27, 1);
insert into Employees (EmployeeId, EmployeeName, EmployeeLastName, RestaurantId, DriverLicense, Age, JobId) values (426, 'Benedicta', 'Mealiffe', 300, false, 57, 2);
insert into Employees (EmployeeId, EmployeeName, EmployeeLastName, RestaurantId, DriverLicense, Age, JobId) values (427, 'Dulcie', 'Gendricke', 419, false, 64, 2);
insert into Employees (EmployeeId, EmployeeName, EmployeeLastName, RestaurantId, DriverLicense, Age, JobId) values (428, 'Dora', 'Caldecourt', 472, true, 27, 1);
insert into Employees (EmployeeId, EmployeeName, EmployeeLastName, RestaurantId, DriverLicense, Age, JobId) values (429, 'Carrie', 'Matiasek', 467, false, 58, 1);
insert into Employees (EmployeeId, EmployeeName, EmployeeLastName, RestaurantId, DriverLicense, Age, JobId) values (430, 'Margeaux', 'Forrestall', 487, true, 26, 1);
insert into Employees (EmployeeId, EmployeeName, EmployeeLastName, RestaurantId, DriverLicense, Age, JobId) values (431, 'Sheppard', 'Slayton', 120, false, 58, 3);
insert into Employees (EmployeeId, EmployeeName, EmployeeLastName, RestaurantId, DriverLicense, Age, JobId) values (432, 'Florrie', 'Williamson', 109, false, 36, 1);
insert into Employees (EmployeeId, EmployeeName, EmployeeLastName, RestaurantId, DriverLicense, Age, JobId) values (433, 'Jeromy', 'Lockhurst', 244, true, 37, 1);
insert into Employees (EmployeeId, EmployeeName, EmployeeLastName, RestaurantId, DriverLicense, Age, JobId) values (434, 'Rosemary', 'Moody', 473, false, 18, 2);
insert into Employees (EmployeeId, EmployeeName, EmployeeLastName, RestaurantId, DriverLicense, Age, JobId) values (435, 'Cchaddie', 'Watt', 221, true, 40, 1);
insert into Employees (EmployeeId, EmployeeName, EmployeeLastName, RestaurantId, DriverLicense, Age, JobId) values (436, 'Kris', 'Flasby', 322, true, 22, 3);
insert into Employees (EmployeeId, EmployeeName, EmployeeLastName, RestaurantId, DriverLicense, Age, JobId) values (437, 'Adria', 'Connechy', 121, true, 32, 3);
insert into Employees (EmployeeId, EmployeeName, EmployeeLastName, RestaurantId, DriverLicense, Age, JobId) values (438, 'Morgan', 'Yoodall', 106, true, 34, 3);
insert into Employees (EmployeeId, EmployeeName, EmployeeLastName, RestaurantId, DriverLicense, Age, JobId) values (439, 'Addison', 'Bein', 8, false, 62, 1);
insert into Employees (EmployeeId, EmployeeName, EmployeeLastName, RestaurantId, DriverLicense, Age, JobId) values (440, 'Jewel', 'Shiels', 372, true, 22, 1);
insert into Employees (EmployeeId, EmployeeName, EmployeeLastName, RestaurantId, DriverLicense, Age, JobId) values (441, 'Geneva', 'Muscroft', 445, false, 47, 1);
insert into Employees (EmployeeId, EmployeeName, EmployeeLastName, RestaurantId, DriverLicense, Age, JobId) values (442, 'Matti', 'Arckoll', 64, false, 35, 2);
insert into Employees (EmployeeId, EmployeeName, EmployeeLastName, RestaurantId, DriverLicense, Age, JobId) values (443, 'Farrah', 'Donke', 287, false, 33, 3);
insert into Employees (EmployeeId, EmployeeName, EmployeeLastName, RestaurantId, DriverLicense, Age, JobId) values (444, 'Hilary', 'Derrell', 263, false, 51, 3);
insert into Employees (EmployeeId, EmployeeName, EmployeeLastName, RestaurantId, DriverLicense, Age, JobId) values (445, 'Gianna', 'Collingwood', 51, true, 61, 3);
insert into Employees (EmployeeId, EmployeeName, EmployeeLastName, RestaurantId, DriverLicense, Age, JobId) values (446, 'Marius', 'Servis', 258, false, 36, 3);
insert into Employees (EmployeeId, EmployeeName, EmployeeLastName, RestaurantId, DriverLicense, Age, JobId) values (447, 'Edouard', 'Prangley', 280, true, 47, 1);
insert into Employees (EmployeeId, EmployeeName, EmployeeLastName, RestaurantId, DriverLicense, Age, JobId) values (448, 'Beret', 'Sweetmore', 354, false, 18, 1);
insert into Employees (EmployeeId, EmployeeName, EmployeeLastName, RestaurantId, DriverLicense, Age, JobId) values (449, 'Ebenezer', 'Persich', 256, true, 50, 2);
insert into Employees (EmployeeId, EmployeeName, EmployeeLastName, RestaurantId, DriverLicense, Age, JobId) values (450, 'Francyne', 'Copcote', 416, false, 63, 3);
insert into Employees (EmployeeId, EmployeeName, EmployeeLastName, RestaurantId, DriverLicense, Age, JobId) values (451, 'Marcille', 'Greatham', 44, true, 26, 2);
insert into Employees (EmployeeId, EmployeeName, EmployeeLastName, RestaurantId, DriverLicense, Age, JobId) values (452, 'Eula', 'Barnish', 447, false, 38, 1);
insert into Employees (EmployeeId, EmployeeName, EmployeeLastName, RestaurantId, DriverLicense, Age, JobId) values (453, 'Wynn', 'Wannan', 29, false, 59, 1);
insert into Employees (EmployeeId, EmployeeName, EmployeeLastName, RestaurantId, DriverLicense, Age, JobId) values (454, 'Lynea', 'Rysom', 245, false, 55, 2);
insert into Employees (EmployeeId, EmployeeName, EmployeeLastName, RestaurantId, DriverLicense, Age, JobId) values (455, 'Blayne', 'Tesauro', 67, true, 27, 3);
insert into Employees (EmployeeId, EmployeeName, EmployeeLastName, RestaurantId, DriverLicense, Age, JobId) values (456, 'Hirsch', 'Bottby', 411, true, 53, 3);
insert into Employees (EmployeeId, EmployeeName, EmployeeLastName, RestaurantId, DriverLicense, Age, JobId) values (457, 'Maiga', 'Epgrave', 106, false, 25, 1);
insert into Employees (EmployeeId, EmployeeName, EmployeeLastName, RestaurantId, DriverLicense, Age, JobId) values (458, 'Angelo', 'Harle', 294, true, 54, 3);
insert into Employees (EmployeeId, EmployeeName, EmployeeLastName, RestaurantId, DriverLicense, Age, JobId) values (459, 'Lisetta', 'Schmuhl', 265, false, 39, 1);
insert into Employees (EmployeeId, EmployeeName, EmployeeLastName, RestaurantId, DriverLicense, Age, JobId) values (460, 'Claribel', 'Whapples', 247, true, 18, 1);
insert into Employees (EmployeeId, EmployeeName, EmployeeLastName, RestaurantId, DriverLicense, Age, JobId) values (461, 'Devon', 'Armand', 402, false, 29, 3);
insert into Employees (EmployeeId, EmployeeName, EmployeeLastName, RestaurantId, DriverLicense, Age, JobId) values (462, 'Cari', 'Sedgemond', 203, false, 47, 2);
insert into Employees (EmployeeId, EmployeeName, EmployeeLastName, RestaurantId, DriverLicense, Age, JobId) values (463, 'Yanaton', 'Gooble', 454, true, 20, 3);
insert into Employees (EmployeeId, EmployeeName, EmployeeLastName, RestaurantId, DriverLicense, Age, JobId) values (464, 'Karl', 'Jewitt', 409, false, 41, 3);
insert into Employees (EmployeeId, EmployeeName, EmployeeLastName, RestaurantId, DriverLicense, Age, JobId) values (465, 'Wanda', 'Skerrett', 214, true, 46, 1);
insert into Employees (EmployeeId, EmployeeName, EmployeeLastName, RestaurantId, DriverLicense, Age, JobId) values (466, 'Becca', 'Pogson', 125, true, 49, 3);
insert into Employees (EmployeeId, EmployeeName, EmployeeLastName, RestaurantId, DriverLicense, Age, JobId) values (467, 'Anatollo', 'Ronan', 493, true, 28, 3);
insert into Employees (EmployeeId, EmployeeName, EmployeeLastName, RestaurantId, DriverLicense, Age, JobId) values (468, 'Dwight', 'Hakonsen', 323, false, 54, 3);
insert into Employees (EmployeeId, EmployeeName, EmployeeLastName, RestaurantId, DriverLicense, Age, JobId) values (469, 'Meredeth', 'Huntingdon', 46, false, 53, 2);
insert into Employees (EmployeeId, EmployeeName, EmployeeLastName, RestaurantId, DriverLicense, Age, JobId) values (470, 'Heriberto', 'Emmerson', 306, false, 23, 3);
insert into Employees (EmployeeId, EmployeeName, EmployeeLastName, RestaurantId, DriverLicense, Age, JobId) values (471, 'Manfred', 'Fullerd', 412, true, 30, 2);
insert into Employees (EmployeeId, EmployeeName, EmployeeLastName, RestaurantId, DriverLicense, Age, JobId) values (472, 'Niven', 'Durtnall', 80, false, 27, 3);
insert into Employees (EmployeeId, EmployeeName, EmployeeLastName, RestaurantId, DriverLicense, Age, JobId) values (473, 'Catlee', 'Bowick', 129, true, 59, 2);
insert into Employees (EmployeeId, EmployeeName, EmployeeLastName, RestaurantId, DriverLicense, Age, JobId) values (474, 'Marla', 'Putman', 179, true, 58, 2);
insert into Employees (EmployeeId, EmployeeName, EmployeeLastName, RestaurantId, DriverLicense, Age, JobId) values (475, 'Alvis', 'Pinwell', 192, true, 21, 1);
insert into Employees (EmployeeId, EmployeeName, EmployeeLastName, RestaurantId, DriverLicense, Age, JobId) values (476, 'Marty', 'Carslaw', 95, true, 37, 3);
insert into Employees (EmployeeId, EmployeeName, EmployeeLastName, RestaurantId, DriverLicense, Age, JobId) values (477, 'Marieann', 'Cod', 331, true, 35, 1);
insert into Employees (EmployeeId, EmployeeName, EmployeeLastName, RestaurantId, DriverLicense, Age, JobId) values (478, 'Paddie', 'Skae', 79, true, 25, 3);
insert into Employees (EmployeeId, EmployeeName, EmployeeLastName, RestaurantId, DriverLicense, Age, JobId) values (479, 'Georgy', 'Vann', 280, true, 50, 3);
insert into Employees (EmployeeId, EmployeeName, EmployeeLastName, RestaurantId, DriverLicense, Age, JobId) values (480, 'Brooke', 'Sumpter', 161, true, 19, 1);
insert into Employees (EmployeeId, EmployeeName, EmployeeLastName, RestaurantId, DriverLicense, Age, JobId) values (481, 'Auria', 'Carnie', 202, true, 18, 3);
insert into Employees (EmployeeId, EmployeeName, EmployeeLastName, RestaurantId, DriverLicense, Age, JobId) values (482, 'Josephina', 'Civitillo', 320, false, 62, 3);
insert into Employees (EmployeeId, EmployeeName, EmployeeLastName, RestaurantId, DriverLicense, Age, JobId) values (483, 'Lenard', 'Lanigan', 464, false, 33, 3);
insert into Employees (EmployeeId, EmployeeName, EmployeeLastName, RestaurantId, DriverLicense, Age, JobId) values (484, 'Mignon', 'Crozier', 25, false, 54, 2);
insert into Employees (EmployeeId, EmployeeName, EmployeeLastName, RestaurantId, DriverLicense, Age, JobId) values (485, 'Hanna', 'Pert', 489, false, 31, 1);
insert into Employees (EmployeeId, EmployeeName, EmployeeLastName, RestaurantId, DriverLicense, Age, JobId) values (486, 'Tomasine', 'Gwinnell', 103, true, 48, 1);
insert into Employees (EmployeeId, EmployeeName, EmployeeLastName, RestaurantId, DriverLicense, Age, JobId) values (487, 'Merola', 'Batchelar', 477, true, 54, 1);
insert into Employees (EmployeeId, EmployeeName, EmployeeLastName, RestaurantId, DriverLicense, Age, JobId) values (488, 'Edin', 'Demschke', 180, true, 39, 1);
insert into Employees (EmployeeId, EmployeeName, EmployeeLastName, RestaurantId, DriverLicense, Age, JobId) values (489, 'Lewie', 'Lambrook', 156, true, 48, 1);
insert into Employees (EmployeeId, EmployeeName, EmployeeLastName, RestaurantId, DriverLicense, Age, JobId) values (490, 'Stafford', 'Schlag', 308, true, 44, 2);
insert into Employees (EmployeeId, EmployeeName, EmployeeLastName, RestaurantId, DriverLicense, Age, JobId) values (491, 'Kathleen', 'Gunby', 58, true, 43, 2);
insert into Employees (EmployeeId, EmployeeName, EmployeeLastName, RestaurantId, DriverLicense, Age, JobId) values (492, 'Farley', 'Kealy', 351, true, 33, 1);
insert into Employees (EmployeeId, EmployeeName, EmployeeLastName, RestaurantId, DriverLicense, Age, JobId) values (493, 'Brander', 'Garz', 125, true, 58, 2);
insert into Employees (EmployeeId, EmployeeName, EmployeeLastName, RestaurantId, DriverLicense, Age, JobId) values (494, 'Aldous', 'Jacombs', 260, true, 40, 2);
insert into Employees (EmployeeId, EmployeeName, EmployeeLastName, RestaurantId, DriverLicense, Age, JobId) values (495, 'Bart', 'Bortoloni', 2, false, 41, 2);
insert into Employees (EmployeeId, EmployeeName, EmployeeLastName, RestaurantId, DriverLicense, Age, JobId) values (496, 'Saunder', 'Mateuszczyk', 385, true, 46, 2);
insert into Employees (EmployeeId, EmployeeName, EmployeeLastName, RestaurantId, DriverLicense, Age, JobId) values (497, 'Edward', 'Rainford', 92, false, 35, 3);
insert into Employees (EmployeeId, EmployeeName, EmployeeLastName, RestaurantId, DriverLicense, Age, JobId) values (498, 'Sofie', 'Avesque', 441, false, 27, 2);
insert into Employees (EmployeeId, EmployeeName, EmployeeLastName, RestaurantId, DriverLicense, Age, JobId) values (499, 'Milty', 'Ghidelli', 306, false, 46, 2);
insert into Employees (EmployeeId, EmployeeName, EmployeeLastName, RestaurantId, DriverLicense, Age, JobId) values (500, 'Almeda', 'Grummitt', 86, true, 19, 3);

insert into Customers (CustomerId, CustomerName) values (1, 'ullamcorper');
insert into Customers (CustomerId, CustomerName) values (2, 'in');
insert into Customers (CustomerId, CustomerName) values (3, 'quisque porta');
insert into Customers (CustomerId, CustomerName) values (4, 'curae');
insert into Customers (CustomerId, CustomerName) values (5, 'vestibulum sed');
insert into Customers (CustomerId, CustomerName) values (6, 'quam');
insert into Customers (CustomerId, CustomerName) values (7, 'turpis');
insert into Customers (CustomerId, CustomerName) values (8, 'nunc');
insert into Customers (CustomerId, CustomerName) values (9, 'id pretium');
insert into Customers (CustomerId, CustomerName) values (10, 'eu felis');
insert into Customers (CustomerId, CustomerName) values (11, 'morbi');
insert into Customers (CustomerId, CustomerName) values (12, 'cubilia curae');
insert into Customers (CustomerId, CustomerName) values (13, 'in');
insert into Customers (CustomerId, CustomerName) values (14, 'in libero');
insert into Customers (CustomerId, CustomerName) values (15, 'dolor quis');
insert into Customers (CustomerId, CustomerName) values (16, 'nec');
insert into Customers (CustomerId, CustomerName) values (17, 'nulla neque');
insert into Customers (CustomerId, CustomerName) values (18, 'odio');
insert into Customers (CustomerId, CustomerName) values (19, 'ut at');
insert into Customers (CustomerId, CustomerName) values (20, 'in hac');
insert into Customers (CustomerId, CustomerName) values (21, 'maecenas ut');
insert into Customers (CustomerId, CustomerName) values (22, 'cubilia');
insert into Customers (CustomerId, CustomerName) values (23, 'duis faucibus');
insert into Customers (CustomerId, CustomerName) values (24, 'metus');
insert into Customers (CustomerId, CustomerName) values (25, 'nunc');
insert into Customers (CustomerId, CustomerName) values (26, 'vestibulum sed');
insert into Customers (CustomerId, CustomerName) values (27, 'nibh ligula');
insert into Customers (CustomerId, CustomerName) values (28, 'condimentum id');
insert into Customers (CustomerId, CustomerName) values (29, 'consequat metus');
insert into Customers (CustomerId, CustomerName) values (30, 'purus aliquet');
insert into Customers (CustomerId, CustomerName) values (31, 'fusce consequat');
insert into Customers (CustomerId, CustomerName) values (32, 'vestibulum');
insert into Customers (CustomerId, CustomerName) values (33, 'faucibus');
insert into Customers (CustomerId, CustomerName) values (34, 'consequat');
insert into Customers (CustomerId, CustomerName) values (35, 'lectus');
insert into Customers (CustomerId, CustomerName) values (36, 'justo eu');
insert into Customers (CustomerId, CustomerName) values (37, 'justo etiam');
insert into Customers (CustomerId, CustomerName) values (38, 'sed');
insert into Customers (CustomerId, CustomerName) values (39, 'cras pellentesque');
insert into Customers (CustomerId, CustomerName) values (40, 'hac habitasse');
insert into Customers (CustomerId, CustomerName) values (41, 'faucibus');
insert into Customers (CustomerId, CustomerName) values (42, 'neque');
insert into Customers (CustomerId, CustomerName) values (43, 'et magnis');
insert into Customers (CustomerId, CustomerName) values (44, 'proin eu');
insert into Customers (CustomerId, CustomerName) values (45, 'mauris');
insert into Customers (CustomerId, CustomerName) values (46, 'pede morbi');
insert into Customers (CustomerId, CustomerName) values (47, 'cubilia');
insert into Customers (CustomerId, CustomerName) values (48, 'lectus vestibulum');
insert into Customers (CustomerId, CustomerName) values (49, 'magnis dis');
insert into Customers (CustomerId, CustomerName) values (50, 'orci nullam');
insert into Customers (CustomerId, CustomerName) values (51, 'habitasse platea');
insert into Customers (CustomerId, CustomerName) values (52, 'convallis');
insert into Customers (CustomerId, CustomerName) values (53, 'rutrum');
insert into Customers (CustomerId, CustomerName) values (54, 'tincidunt');
insert into Customers (CustomerId, CustomerName) values (55, 'rutrum ac');
insert into Customers (CustomerId, CustomerName) values (56, 'sed');
insert into Customers (CustomerId, CustomerName) values (57, 'ut odio');
insert into Customers (CustomerId, CustomerName) values (58, 'arcu sed');
insert into Customers (CustomerId, CustomerName) values (59, 'ut');
insert into Customers (CustomerId, CustomerName) values (60, 'turpis');
insert into Customers (CustomerId, CustomerName) values (61, 'blandit ultrices');
insert into Customers (CustomerId, CustomerName) values (62, 'nascetur');
insert into Customers (CustomerId, CustomerName) values (63, 'nec');
insert into Customers (CustomerId, CustomerName) values (64, 'natoque');
insert into Customers (CustomerId, CustomerName) values (65, 'id');
insert into Customers (CustomerId, CustomerName) values (66, 'faucibus');
insert into Customers (CustomerId, CustomerName) values (67, 'vivamus');
insert into Customers (CustomerId, CustomerName) values (68, 'non');
insert into Customers (CustomerId, CustomerName) values (69, 'tristique est');
insert into Customers (CustomerId, CustomerName) values (70, 'vulputate');
insert into Customers (CustomerId, CustomerName) values (71, 'orci eget');
insert into Customers (CustomerId, CustomerName) values (72, 'est');
insert into Customers (CustomerId, CustomerName) values (73, 'augue');
insert into Customers (CustomerId, CustomerName) values (74, 'libero');
insert into Customers (CustomerId, CustomerName) values (75, 'praesent lectus');
insert into Customers (CustomerId, CustomerName) values (76, 'quis');
insert into Customers (CustomerId, CustomerName) values (77, 'proin leo');
insert into Customers (CustomerId, CustomerName) values (78, 'sollicitudin');
insert into Customers (CustomerId, CustomerName) values (79, 'pretium');
insert into Customers (CustomerId, CustomerName) values (80, 'vel sem');
insert into Customers (CustomerId, CustomerName) values (81, 'tortor');
insert into Customers (CustomerId, CustomerName) values (82, 'vestibulum');
insert into Customers (CustomerId, CustomerName) values (83, 'ipsum');
insert into Customers (CustomerId, CustomerName) values (84, 'pede');
insert into Customers (CustomerId, CustomerName) values (85, 'mauris');
insert into Customers (CustomerId, CustomerName) values (86, 'gravida');
insert into Customers (CustomerId, CustomerName) values (87, 'nullam');
insert into Customers (CustomerId, CustomerName) values (88, 'cum sociis');
insert into Customers (CustomerId, CustomerName) values (89, 'non velit');
insert into Customers (CustomerId, CustomerName) values (90, 'justo');
insert into Customers (CustomerId, CustomerName) values (91, 'lorem');
insert into Customers (CustomerId, CustomerName) values (92, 'luctus et');
insert into Customers (CustomerId, CustomerName) values (93, 'vitae');
insert into Customers (CustomerId, CustomerName) values (94, 'risus praesent');
insert into Customers (CustomerId, CustomerName) values (95, 'quam pede');
insert into Customers (CustomerId, CustomerName) values (96, 'adipiscing elit');
insert into Customers (CustomerId, CustomerName) values (97, 'lacinia nisi');
insert into Customers (CustomerId, CustomerName) values (98, 'libero quis');
insert into Customers (CustomerId, CustomerName) values (99, 'vivamus');
insert into Customers (CustomerId, CustomerName) values (100, 'ultrices');
insert into Customers (CustomerId, CustomerName) values (101, 'ut at');
insert into Customers (CustomerId, CustomerName) values (102, 'eget');
insert into Customers (CustomerId, CustomerName) values (103, 'pretium nisl');
insert into Customers (CustomerId, CustomerName) values (104, 'sed');
insert into Customers (CustomerId, CustomerName) values (105, 'donec posuere');
insert into Customers (CustomerId, CustomerName) values (106, 'consectetuer adipiscing');
insert into Customers (CustomerId, CustomerName) values (107, 'sapien in');
insert into Customers (CustomerId, CustomerName) values (108, 'pede posuere');
insert into Customers (CustomerId, CustomerName) values (109, 'quam');
insert into Customers (CustomerId, CustomerName) values (110, 'nunc');
insert into Customers (CustomerId, CustomerName) values (111, 'mauris');
insert into Customers (CustomerId, CustomerName) values (112, 'posuere');
insert into Customers (CustomerId, CustomerName) values (113, 'in');
insert into Customers (CustomerId, CustomerName) values (114, 'iaculis');
insert into Customers (CustomerId, CustomerName) values (115, 'nam nulla');
insert into Customers (CustomerId, CustomerName) values (116, 'tempus sit');
insert into Customers (CustomerId, CustomerName) values (117, 'justo in');
insert into Customers (CustomerId, CustomerName) values (118, 'tincidunt ante');
insert into Customers (CustomerId, CustomerName) values (119, 'faucibus');
insert into Customers (CustomerId, CustomerName) values (120, 'pretium');
insert into Customers (CustomerId, CustomerName) values (121, 'morbi');
insert into Customers (CustomerId, CustomerName) values (122, 'dapibus dolor');
insert into Customers (CustomerId, CustomerName) values (123, 'amet');
insert into Customers (CustomerId, CustomerName) values (124, 'pellentesque');
insert into Customers (CustomerId, CustomerName) values (125, 'at');
insert into Customers (CustomerId, CustomerName) values (126, 'nisi nam');
insert into Customers (CustomerId, CustomerName) values (127, 'erat fermentum');
insert into Customers (CustomerId, CustomerName) values (128, 'tempor convallis');
insert into Customers (CustomerId, CustomerName) values (129, 'nisl');
insert into Customers (CustomerId, CustomerName) values (130, 'mauris laoreet');
insert into Customers (CustomerId, CustomerName) values (131, 'lorem vitae');
insert into Customers (CustomerId, CustomerName) values (132, 'quis');
insert into Customers (CustomerId, CustomerName) values (133, 'ut');
insert into Customers (CustomerId, CustomerName) values (134, 'justo sollicitudin');
insert into Customers (CustomerId, CustomerName) values (135, 'in congue');
insert into Customers (CustomerId, CustomerName) values (136, 'fusce congue');
insert into Customers (CustomerId, CustomerName) values (137, 'mattis nibh');
insert into Customers (CustomerId, CustomerName) values (138, 'iaculis');
insert into Customers (CustomerId, CustomerName) values (139, 'lorem vitae');
insert into Customers (CustomerId, CustomerName) values (140, 'nec');
insert into Customers (CustomerId, CustomerName) values (141, 'velit');
insert into Customers (CustomerId, CustomerName) values (142, 'erat');
insert into Customers (CustomerId, CustomerName) values (143, 'proin leo');
insert into Customers (CustomerId, CustomerName) values (144, 'condimentum');
insert into Customers (CustomerId, CustomerName) values (145, 'morbi odio');
insert into Customers (CustomerId, CustomerName) values (146, 'sit amet');
insert into Customers (CustomerId, CustomerName) values (147, 'potenti nullam');
insert into Customers (CustomerId, CustomerName) values (148, 'ut massa');
insert into Customers (CustomerId, CustomerName) values (149, 'luctus');
insert into Customers (CustomerId, CustomerName) values (150, 'cursus');
insert into Customers (CustomerId, CustomerName) values (151, 'cum sociis');
insert into Customers (CustomerId, CustomerName) values (152, 'non');
insert into Customers (CustomerId, CustomerName) values (153, 'eros');
insert into Customers (CustomerId, CustomerName) values (154, 'massa tempor');
insert into Customers (CustomerId, CustomerName) values (155, 'nisl venenatis');
insert into Customers (CustomerId, CustomerName) values (156, 'vel');
insert into Customers (CustomerId, CustomerName) values (157, 'nec nisi');
insert into Customers (CustomerId, CustomerName) values (158, 'volutpat');
insert into Customers (CustomerId, CustomerName) values (159, 'amet');
insert into Customers (CustomerId, CustomerName) values (160, 'semper porta');
insert into Customers (CustomerId, CustomerName) values (161, 'sit');
insert into Customers (CustomerId, CustomerName) values (162, 'amet diam');
insert into Customers (CustomerId, CustomerName) values (163, 'volutpat dui');
insert into Customers (CustomerId, CustomerName) values (164, 'congue diam');
insert into Customers (CustomerId, CustomerName) values (165, 'sollicitudin mi');
insert into Customers (CustomerId, CustomerName) values (166, 'nascetur ridiculus');
insert into Customers (CustomerId, CustomerName) values (167, 'maecenas');
insert into Customers (CustomerId, CustomerName) values (168, 'odio');
insert into Customers (CustomerId, CustomerName) values (169, 'eleifend donec');
insert into Customers (CustomerId, CustomerName) values (170, 'congue risus');
insert into Customers (CustomerId, CustomerName) values (171, 'ipsum praesent');
insert into Customers (CustomerId, CustomerName) values (172, 'mauris');
insert into Customers (CustomerId, CustomerName) values (173, 'tempus vivamus');
insert into Customers (CustomerId, CustomerName) values (174, 'etiam faucibus');
insert into Customers (CustomerId, CustomerName) values (175, 'non interdum');
insert into Customers (CustomerId, CustomerName) values (176, 'magnis dis');
insert into Customers (CustomerId, CustomerName) values (177, 'mus vivamus');
insert into Customers (CustomerId, CustomerName) values (178, 'natoque');
insert into Customers (CustomerId, CustomerName) values (179, 'donec');
insert into Customers (CustomerId, CustomerName) values (180, 'quisque');
insert into Customers (CustomerId, CustomerName) values (181, 'adipiscing');
insert into Customers (CustomerId, CustomerName) values (182, 'quis');
insert into Customers (CustomerId, CustomerName) values (183, 'id');
insert into Customers (CustomerId, CustomerName) values (184, 'ridiculus');
insert into Customers (CustomerId, CustomerName) values (185, 'sed');
insert into Customers (CustomerId, CustomerName) values (186, 'erat');
insert into Customers (CustomerId, CustomerName) values (187, 'integer');
insert into Customers (CustomerId, CustomerName) values (188, 'curabitur');
insert into Customers (CustomerId, CustomerName) values (189, 'nulla dapibus');
insert into Customers (CustomerId, CustomerName) values (190, 'fermentum');
insert into Customers (CustomerId, CustomerName) values (191, 'justo nec');
insert into Customers (CustomerId, CustomerName) values (192, 'et ultrices');
insert into Customers (CustomerId, CustomerName) values (193, 'lacus');
insert into Customers (CustomerId, CustomerName) values (194, 'venenatis lacinia');
insert into Customers (CustomerId, CustomerName) values (195, 'felis');
insert into Customers (CustomerId, CustomerName) values (196, 'turpis');
insert into Customers (CustomerId, CustomerName) values (197, 'pharetra magna');
insert into Customers (CustomerId, CustomerName) values (198, 'augue');
insert into Customers (CustomerId, CustomerName) values (199, 'nibh quisque');
insert into Customers (CustomerId, CustomerName) values (200, 'ut');
insert into Customers (CustomerId, CustomerName) values (201, 'ante vel');
insert into Customers (CustomerId, CustomerName) values (202, 'vehicula');
insert into Customers (CustomerId, CustomerName) values (203, 'leo odio');
insert into Customers (CustomerId, CustomerName) values (204, 'sed');
insert into Customers (CustomerId, CustomerName) values (205, 'congue diam');
insert into Customers (CustomerId, CustomerName) values (206, 'platea dictumst');
insert into Customers (CustomerId, CustomerName) values (207, 'lacus morbi');
insert into Customers (CustomerId, CustomerName) values (208, 'magna');
insert into Customers (CustomerId, CustomerName) values (209, 'non');
insert into Customers (CustomerId, CustomerName) values (210, 'aliquet');
insert into Customers (CustomerId, CustomerName) values (211, 'facilisi');
insert into Customers (CustomerId, CustomerName) values (212, 'a libero');
insert into Customers (CustomerId, CustomerName) values (213, 'sed');
insert into Customers (CustomerId, CustomerName) values (214, 'accumsan tortor');
insert into Customers (CustomerId, CustomerName) values (215, 'natoque');
insert into Customers (CustomerId, CustomerName) values (216, 'massa tempor');
insert into Customers (CustomerId, CustomerName) values (217, 'mauris');
insert into Customers (CustomerId, CustomerName) values (218, 'nam');
insert into Customers (CustomerId, CustomerName) values (219, 'accumsan');
insert into Customers (CustomerId, CustomerName) values (220, 'curae duis');
insert into Customers (CustomerId, CustomerName) values (221, 'pretium quis');
insert into Customers (CustomerId, CustomerName) values (222, 'dui nec');
insert into Customers (CustomerId, CustomerName) values (223, 'ac est');
insert into Customers (CustomerId, CustomerName) values (224, 'ante');
insert into Customers (CustomerId, CustomerName) values (225, 'duis aliquam');
insert into Customers (CustomerId, CustomerName) values (226, 'rutrum');
insert into Customers (CustomerId, CustomerName) values (227, 'pulvinar lobortis');
insert into Customers (CustomerId, CustomerName) values (228, 'nascetur');
insert into Customers (CustomerId, CustomerName) values (229, 'vel nulla');
insert into Customers (CustomerId, CustomerName) values (230, 'in leo');
insert into Customers (CustomerId, CustomerName) values (231, 'dapibus nulla');
insert into Customers (CustomerId, CustomerName) values (232, 'primis');
insert into Customers (CustomerId, CustomerName) values (233, 'turpis enim');
insert into Customers (CustomerId, CustomerName) values (234, 'dictumst etiam');
insert into Customers (CustomerId, CustomerName) values (235, 'fermentum');
insert into Customers (CustomerId, CustomerName) values (236, 'vestibulum sagittis');
insert into Customers (CustomerId, CustomerName) values (237, 'consectetuer eget');
insert into Customers (CustomerId, CustomerName) values (238, 'cubilia');
insert into Customers (CustomerId, CustomerName) values (239, 'phasellus in');
insert into Customers (CustomerId, CustomerName) values (240, 'ornare');
insert into Customers (CustomerId, CustomerName) values (241, 'justo sollicitudin');
insert into Customers (CustomerId, CustomerName) values (242, 'integer');
insert into Customers (CustomerId, CustomerName) values (243, 'nam');
insert into Customers (CustomerId, CustomerName) values (244, 'cubilia curae');
insert into Customers (CustomerId, CustomerName) values (245, 'accumsan odio');
insert into Customers (CustomerId, CustomerName) values (246, 'pede');
insert into Customers (CustomerId, CustomerName) values (247, 'eleifend');
insert into Customers (CustomerId, CustomerName) values (248, 'erat');
insert into Customers (CustomerId, CustomerName) values (249, 'lectus pellentesque');
insert into Customers (CustomerId, CustomerName) values (250, 'convallis');
insert into Customers (CustomerId, CustomerName) values (251, 'orci');
insert into Customers (CustomerId, CustomerName) values (252, 'eleifend');
insert into Customers (CustomerId, CustomerName) values (253, 'quisque');
insert into Customers (CustomerId, CustomerName) values (254, 'quis');
insert into Customers (CustomerId, CustomerName) values (255, 'interdum');
insert into Customers (CustomerId, CustomerName) values (256, 'et magnis');
insert into Customers (CustomerId, CustomerName) values (257, 'posuere');
insert into Customers (CustomerId, CustomerName) values (258, 'orci');
insert into Customers (CustomerId, CustomerName) values (259, 'dui proin');
insert into Customers (CustomerId, CustomerName) values (260, 'odio');
insert into Customers (CustomerId, CustomerName) values (261, 'sem');
insert into Customers (CustomerId, CustomerName) values (262, 'nunc');
insert into Customers (CustomerId, CustomerName) values (263, 'erat curabitur');
insert into Customers (CustomerId, CustomerName) values (264, 'nulla');
insert into Customers (CustomerId, CustomerName) values (265, 'eu');
insert into Customers (CustomerId, CustomerName) values (266, 'orci');
insert into Customers (CustomerId, CustomerName) values (267, 'lorem');
insert into Customers (CustomerId, CustomerName) values (268, 'nisi');
insert into Customers (CustomerId, CustomerName) values (269, 'nec molestie');
insert into Customers (CustomerId, CustomerName) values (270, 'morbi');
insert into Customers (CustomerId, CustomerName) values (271, 'dapibus');
insert into Customers (CustomerId, CustomerName) values (272, 'nec nisi');
insert into Customers (CustomerId, CustomerName) values (273, 'nunc rhoncus');
insert into Customers (CustomerId, CustomerName) values (274, 'vestibulum');
insert into Customers (CustomerId, CustomerName) values (275, 'diam erat');
insert into Customers (CustomerId, CustomerName) values (276, 'nulla elit');
insert into Customers (CustomerId, CustomerName) values (277, 'aliquam augue');
insert into Customers (CustomerId, CustomerName) values (278, 'blandit');
insert into Customers (CustomerId, CustomerName) values (279, 'hac');
insert into Customers (CustomerId, CustomerName) values (280, 'hac');
insert into Customers (CustomerId, CustomerName) values (281, 'lacus curabitur');
insert into Customers (CustomerId, CustomerName) values (282, 'vestibulum');
insert into Customers (CustomerId, CustomerName) values (283, 'blandit non');
insert into Customers (CustomerId, CustomerName) values (284, 'in faucibus');
insert into Customers (CustomerId, CustomerName) values (285, 'habitasse platea');
insert into Customers (CustomerId, CustomerName) values (286, 'aliquet ultrices');
insert into Customers (CustomerId, CustomerName) values (287, 'semper');
insert into Customers (CustomerId, CustomerName) values (288, 'ultrices posuere');
insert into Customers (CustomerId, CustomerName) values (289, 'fringilla rhoncus');
insert into Customers (CustomerId, CustomerName) values (290, 'odio consequat');
insert into Customers (CustomerId, CustomerName) values (291, 'tempor');
insert into Customers (CustomerId, CustomerName) values (292, 'luctus et');
insert into Customers (CustomerId, CustomerName) values (293, 'maecenas tincidunt');
insert into Customers (CustomerId, CustomerName) values (294, 'quis odio');
insert into Customers (CustomerId, CustomerName) values (295, 'vitae quam');
insert into Customers (CustomerId, CustomerName) values (296, 'nec');
insert into Customers (CustomerId, CustomerName) values (297, 'augue');
insert into Customers (CustomerId, CustomerName) values (298, 'quisque ut');
insert into Customers (CustomerId, CustomerName) values (299, 'aenean auctor');
insert into Customers (CustomerId, CustomerName) values (300, 'neque aenean');
insert into Customers (CustomerId, CustomerName) values (301, 'in');
insert into Customers (CustomerId, CustomerName) values (302, 'donec');
insert into Customers (CustomerId, CustomerName) values (303, 'integer a');
insert into Customers (CustomerId, CustomerName) values (304, 'quis');
insert into Customers (CustomerId, CustomerName) values (305, 'curae');
insert into Customers (CustomerId, CustomerName) values (306, 'nunc rhoncus');
insert into Customers (CustomerId, CustomerName) values (307, 'pede');
insert into Customers (CustomerId, CustomerName) values (308, 'est et');
insert into Customers (CustomerId, CustomerName) values (309, 'nullam');
insert into Customers (CustomerId, CustomerName) values (310, 'platea');
insert into Customers (CustomerId, CustomerName) values (311, 'et tempus');
insert into Customers (CustomerId, CustomerName) values (312, 'cras');
insert into Customers (CustomerId, CustomerName) values (313, 'nulla');
insert into Customers (CustomerId, CustomerName) values (314, 'sociis natoque');
insert into Customers (CustomerId, CustomerName) values (315, 'in');
insert into Customers (CustomerId, CustomerName) values (316, 'faucibus accumsan');
insert into Customers (CustomerId, CustomerName) values (317, 'risus');
insert into Customers (CustomerId, CustomerName) values (318, 'ut');
insert into Customers (CustomerId, CustomerName) values (319, 'ante ipsum');
insert into Customers (CustomerId, CustomerName) values (320, 'id justo');
insert into Customers (CustomerId, CustomerName) values (321, 'sapien');
insert into Customers (CustomerId, CustomerName) values (322, 'augue quam');
insert into Customers (CustomerId, CustomerName) values (323, 'pellentesque eget');
insert into Customers (CustomerId, CustomerName) values (324, 'rutrum');
insert into Customers (CustomerId, CustomerName) values (325, 'viverra pede');
insert into Customers (CustomerId, CustomerName) values (326, 'elit');
insert into Customers (CustomerId, CustomerName) values (327, 'sollicitudin');
insert into Customers (CustomerId, CustomerName) values (328, 'varius');
insert into Customers (CustomerId, CustomerName) values (329, 'dui');
insert into Customers (CustomerId, CustomerName) values (330, 'nisi');
insert into Customers (CustomerId, CustomerName) values (331, 'ante');
insert into Customers (CustomerId, CustomerName) values (332, 'integer');
insert into Customers (CustomerId, CustomerName) values (333, 'id');
insert into Customers (CustomerId, CustomerName) values (334, 'cubilia curae');
insert into Customers (CustomerId, CustomerName) values (335, 'at');
insert into Customers (CustomerId, CustomerName) values (336, 'lorem');
insert into Customers (CustomerId, CustomerName) values (337, 'nibh in');
insert into Customers (CustomerId, CustomerName) values (338, 'vestibulum');
insert into Customers (CustomerId, CustomerName) values (339, 'et ultrices');
insert into Customers (CustomerId, CustomerName) values (340, 'purus');
insert into Customers (CustomerId, CustomerName) values (341, 'vel nulla');
insert into Customers (CustomerId, CustomerName) values (342, 'praesent');
insert into Customers (CustomerId, CustomerName) values (343, 'ipsum');
insert into Customers (CustomerId, CustomerName) values (344, 'ridiculus mus');
insert into Customers (CustomerId, CustomerName) values (345, 'purus');
insert into Customers (CustomerId, CustomerName) values (346, 'rhoncus');
insert into Customers (CustomerId, CustomerName) values (347, 'in purus');
insert into Customers (CustomerId, CustomerName) values (348, 'dis parturient');
insert into Customers (CustomerId, CustomerName) values (349, 'donec posuere');
insert into Customers (CustomerId, CustomerName) values (350, 'ut');
insert into Customers (CustomerId, CustomerName) values (351, 'cubilia');
insert into Customers (CustomerId, CustomerName) values (352, 'dapibus nulla');
insert into Customers (CustomerId, CustomerName) values (353, 'lorem');
insert into Customers (CustomerId, CustomerName) values (354, 'ipsum ac');
insert into Customers (CustomerId, CustomerName) values (355, 'magna');
insert into Customers (CustomerId, CustomerName) values (356, 'consequat');
insert into Customers (CustomerId, CustomerName) values (357, 'viverra');
insert into Customers (CustomerId, CustomerName) values (358, 'vestibulum rutrum');
insert into Customers (CustomerId, CustomerName) values (359, 'dapibus dolor');
insert into Customers (CustomerId, CustomerName) values (360, 'semper porta');
insert into Customers (CustomerId, CustomerName) values (361, 'non mi');
insert into Customers (CustomerId, CustomerName) values (362, 'at nulla');
insert into Customers (CustomerId, CustomerName) values (363, 'semper porta');
insert into Customers (CustomerId, CustomerName) values (364, 'rhoncus');
insert into Customers (CustomerId, CustomerName) values (365, 'ipsum primis');
insert into Customers (CustomerId, CustomerName) values (366, 'sit amet');
insert into Customers (CustomerId, CustomerName) values (367, 'natoque');
insert into Customers (CustomerId, CustomerName) values (368, 'quam');
insert into Customers (CustomerId, CustomerName) values (369, 'integer');
insert into Customers (CustomerId, CustomerName) values (370, 'pellentesque');
insert into Customers (CustomerId, CustomerName) values (371, 'accumsan odio');
insert into Customers (CustomerId, CustomerName) values (372, 'ante ipsum');
insert into Customers (CustomerId, CustomerName) values (373, 'leo');
insert into Customers (CustomerId, CustomerName) values (374, 'in');
insert into Customers (CustomerId, CustomerName) values (375, 'sapien non');
insert into Customers (CustomerId, CustomerName) values (376, 'eget orci');
insert into Customers (CustomerId, CustomerName) values (377, 'aliquam non');
insert into Customers (CustomerId, CustomerName) values (378, 'tristique tortor');
insert into Customers (CustomerId, CustomerName) values (379, 'pede');
insert into Customers (CustomerId, CustomerName) values (380, 'platea');
insert into Customers (CustomerId, CustomerName) values (381, 'at');
insert into Customers (CustomerId, CustomerName) values (382, 'pulvinar nulla');
insert into Customers (CustomerId, CustomerName) values (383, 'eget tempus');
insert into Customers (CustomerId, CustomerName) values (384, 'pretium');
insert into Customers (CustomerId, CustomerName) values (385, 'velit donec');
insert into Customers (CustomerId, CustomerName) values (386, 'potenti');
insert into Customers (CustomerId, CustomerName) values (387, 'maecenas leo');
insert into Customers (CustomerId, CustomerName) values (388, 'sit');
insert into Customers (CustomerId, CustomerName) values (389, 'gravida');
insert into Customers (CustomerId, CustomerName) values (390, 'egestas');
insert into Customers (CustomerId, CustomerName) values (391, 'vel nisl');
insert into Customers (CustomerId, CustomerName) values (392, 'ligula vehicula');
insert into Customers (CustomerId, CustomerName) values (393, 'risus semper');
insert into Customers (CustomerId, CustomerName) values (394, 'leo');
insert into Customers (CustomerId, CustomerName) values (395, 'nunc purus');
insert into Customers (CustomerId, CustomerName) values (396, 'scelerisque mauris');
insert into Customers (CustomerId, CustomerName) values (397, 'ante ipsum');
insert into Customers (CustomerId, CustomerName) values (398, 'ultrices posuere');
insert into Customers (CustomerId, CustomerName) values (399, 'amet');
insert into Customers (CustomerId, CustomerName) values (400, 'leo maecenas');
insert into Customers (CustomerId, CustomerName) values (401, 'primis in');
insert into Customers (CustomerId, CustomerName) values (402, 'volutpat sapien');
insert into Customers (CustomerId, CustomerName) values (403, 'pulvinar');
insert into Customers (CustomerId, CustomerName) values (404, 'odio');
insert into Customers (CustomerId, CustomerName) values (405, 'natoque penatibus');
insert into Customers (CustomerId, CustomerName) values (406, 'at');
insert into Customers (CustomerId, CustomerName) values (407, 'at');
insert into Customers (CustomerId, CustomerName) values (408, 'vitae');
insert into Customers (CustomerId, CustomerName) values (409, 'erat');
insert into Customers (CustomerId, CustomerName) values (410, 'quisque');
insert into Customers (CustomerId, CustomerName) values (411, 'nulla suspendisse');
insert into Customers (CustomerId, CustomerName) values (412, 'pede');
insert into Customers (CustomerId, CustomerName) values (413, 'ut');
insert into Customers (CustomerId, CustomerName) values (414, 'tortor');
insert into Customers (CustomerId, CustomerName) values (415, 'vel');
insert into Customers (CustomerId, CustomerName) values (416, 'pellentesque');
insert into Customers (CustomerId, CustomerName) values (417, 'felis');
insert into Customers (CustomerId, CustomerName) values (418, 'venenatis tristique');
insert into Customers (CustomerId, CustomerName) values (419, 'quam fringilla');
insert into Customers (CustomerId, CustomerName) values (420, 'at nulla');
insert into Customers (CustomerId, CustomerName) values (421, 'porttitor');
insert into Customers (CustomerId, CustomerName) values (422, 'vivamus');
insert into Customers (CustomerId, CustomerName) values (423, 'vehicula condimentum');
insert into Customers (CustomerId, CustomerName) values (424, 'pede');
insert into Customers (CustomerId, CustomerName) values (425, 'sit');
insert into Customers (CustomerId, CustomerName) values (426, 'nisl');
insert into Customers (CustomerId, CustomerName) values (427, 'risus');
insert into Customers (CustomerId, CustomerName) values (428, 'amet');
insert into Customers (CustomerId, CustomerName) values (429, 'cubilia curae');
insert into Customers (CustomerId, CustomerName) values (430, 'phasellus');
insert into Customers (CustomerId, CustomerName) values (431, 'justo lacinia');
insert into Customers (CustomerId, CustomerName) values (432, 'dapibus');
insert into Customers (CustomerId, CustomerName) values (433, 'tortor');
insert into Customers (CustomerId, CustomerName) values (434, 'dui');
insert into Customers (CustomerId, CustomerName) values (435, 'ac leo');
insert into Customers (CustomerId, CustomerName) values (436, 'malesuada in');
insert into Customers (CustomerId, CustomerName) values (437, 'nam');
insert into Customers (CustomerId, CustomerName) values (438, 'mi');
insert into Customers (CustomerId, CustomerName) values (439, 'at dolor');
insert into Customers (CustomerId, CustomerName) values (440, 'fringilla');
insert into Customers (CustomerId, CustomerName) values (441, 'maecenas ut');
insert into Customers (CustomerId, CustomerName) values (442, 'pulvinar');
insert into Customers (CustomerId, CustomerName) values (443, 'quam');
insert into Customers (CustomerId, CustomerName) values (444, 'vivamus in');
insert into Customers (CustomerId, CustomerName) values (445, 'sapien');
insert into Customers (CustomerId, CustomerName) values (446, 'id consequat');
insert into Customers (CustomerId, CustomerName) values (447, 'adipiscing elit');
insert into Customers (CustomerId, CustomerName) values (448, 'tempus');
insert into Customers (CustomerId, CustomerName) values (449, 'praesent lectus');
insert into Customers (CustomerId, CustomerName) values (450, 'mi');
insert into Customers (CustomerId, CustomerName) values (451, 'condimentum');
insert into Customers (CustomerId, CustomerName) values (452, 'ut rhoncus');
insert into Customers (CustomerId, CustomerName) values (453, 'erat');
insert into Customers (CustomerId, CustomerName) values (454, 'eleifend');
insert into Customers (CustomerId, CustomerName) values (455, 'nec sem');
insert into Customers (CustomerId, CustomerName) values (456, 'pede lobortis');
insert into Customers (CustomerId, CustomerName) values (457, 'sapien ut');
insert into Customers (CustomerId, CustomerName) values (458, 'nullam');
insert into Customers (CustomerId, CustomerName) values (459, 'purus phasellus');
insert into Customers (CustomerId, CustomerName) values (460, 'malesuada in');
insert into Customers (CustomerId, CustomerName) values (461, 'amet');
insert into Customers (CustomerId, CustomerName) values (462, 'consectetuer');
insert into Customers (CustomerId, CustomerName) values (463, 'massa');
insert into Customers (CustomerId, CustomerName) values (464, 'vitae mattis');
insert into Customers (CustomerId, CustomerName) values (465, 'nisl');
insert into Customers (CustomerId, CustomerName) values (466, 'lacus at');
insert into Customers (CustomerId, CustomerName) values (467, 'in consequat');
insert into Customers (CustomerId, CustomerName) values (468, 'et');
insert into Customers (CustomerId, CustomerName) values (469, 'vel');
insert into Customers (CustomerId, CustomerName) values (470, 'tortor sollicitudin');
insert into Customers (CustomerId, CustomerName) values (471, 'ac');
insert into Customers (CustomerId, CustomerName) values (472, 'facilisi');
insert into Customers (CustomerId, CustomerName) values (473, 'sed');
insert into Customers (CustomerId, CustomerName) values (474, 'mattis egestas');
insert into Customers (CustomerId, CustomerName) values (475, 'dictumst aliquam');
insert into Customers (CustomerId, CustomerName) values (476, 'ultrices aliquet');
insert into Customers (CustomerId, CustomerName) values (477, 'vestibulum ante');
insert into Customers (CustomerId, CustomerName) values (478, 'libero');
insert into Customers (CustomerId, CustomerName) values (479, 'eros');
insert into Customers (CustomerId, CustomerName) values (480, 'justo in');
insert into Customers (CustomerId, CustomerName) values (481, 'ridiculus');
insert into Customers (CustomerId, CustomerName) values (482, 'vitae');
insert into Customers (CustomerId, CustomerName) values (483, 'lorem');
insert into Customers (CustomerId, CustomerName) values (484, 'proin risus');
insert into Customers (CustomerId, CustomerName) values (485, 'ultrices');
insert into Customers (CustomerId, CustomerName) values (486, 'fermentum');
insert into Customers (CustomerId, CustomerName) values (487, 'volutpat eleifend');
insert into Customers (CustomerId, CustomerName) values (488, 'risus auctor');
insert into Customers (CustomerId, CustomerName) values (489, 'ac consequat');
insert into Customers (CustomerId, CustomerName) values (490, 'ac');
insert into Customers (CustomerId, CustomerName) values (491, 'tortor');
insert into Customers (CustomerId, CustomerName) values (492, 'placerat praesent');
insert into Customers (CustomerId, CustomerName) values (493, 'porttitor pede');
insert into Customers (CustomerId, CustomerName) values (494, 'sapien');
insert into Customers (CustomerId, CustomerName) values (495, 'massa id');
insert into Customers (CustomerId, CustomerName) values (496, 'nisl');
insert into Customers (CustomerId, CustomerName) values (497, 'iaculis');
insert into Customers (CustomerId, CustomerName) values (498, 'diam');
insert into Customers (CustomerId, CustomerName) values (499, 'lacinia');
insert into Customers (CustomerId, CustomerName) values (500, 'odio curabitur');


insert into Bills (BillId, CustomerId, RestaurantId, OrderType, EmployeeId, DeliveryTime, DeliveryStars, Adress, UserNote) values (1, 206, 309, 'Konzumacija', 34, '6/23/2020', 1, 'Apt 824', 'error: undefined method `/'' for nil:NilClass');
insert into Bills (BillId, CustomerId, RestaurantId, OrderType, EmployeeId, DeliveryTime, DeliveryStars, Adress, UserNote) values (2, 283, 166, 'Dostava', 36, '10/8/2023', 3, 'Suite 21', 'error: undefined method `/'' for nil:NilClass');
insert into Bills (BillId, CustomerId, RestaurantId, OrderType, EmployeeId, DeliveryTime, DeliveryStars, Adress, UserNote) values (3, 37, 120, 'Dostava', 55, '11/12/2020', 4, 'Apt 662', 'error: undefined method `/'' for nil:NilClass');
insert into Bills (BillId, CustomerId, RestaurantId, OrderType, EmployeeId, DeliveryTime, DeliveryStars, Adress, UserNote) values (4, 173, 63, 'Konzumacija', 123, '8/28/2024', 2, 'Room 453', 'error: undefined method `/'' for nil:NilClass');
insert into Bills (BillId, CustomerId, RestaurantId, OrderType, EmployeeId, DeliveryTime, DeliveryStars, Adress, UserNote) values (5, 69, 229, 'Dostava', 25, '9/13/2021', 2, 'PO Box 44179', 'error: undefined method `/'' for nil:NilClass');
insert into Bills (BillId, CustomerId, RestaurantId, OrderType, EmployeeId, DeliveryTime, DeliveryStars, Adress, UserNote) values (6, 283, 182, 'Konzumacija', 10, '7/1/2021', 3, 'Apt 4', 'error: undefined method `/'' for nil:NilClass');
insert into Bills (BillId, CustomerId, RestaurantId, OrderType, EmployeeId, DeliveryTime, DeliveryStars, Adress, UserNote) values (7, 18, 136, 'Konzumacija', 145, '12/7/2022', 2, 'Suite 51', 'error: undefined method `/'' for nil:NilClass');
insert into Bills (BillId, CustomerId, RestaurantId, OrderType, EmployeeId, DeliveryTime, DeliveryStars, Adress, UserNote) values (8, 109, 227, 'Konzumacija', 143, '6/26/2024', 5, 'PO Box 27488', 'error: undefined method `/'' for nil:NilClass');
insert into Bills (BillId, CustomerId, RestaurantId, OrderType, EmployeeId, DeliveryTime, DeliveryStars, Adress, UserNote) values (9, 29, 130, 'Dostava', 185, '11/6/2020', 3, 'PO Box 27332', 'error: undefined method `/'' for nil:NilClass');
insert into Bills (BillId, CustomerId, RestaurantId, OrderType, EmployeeId, DeliveryTime, DeliveryStars, Adress, UserNote) values (10, 23, 122, 'Dostava', 149, '1/24/2023', 3, 'Room 886', 'error: undefined method `/'' for nil:NilClass');
insert into Bills (BillId, CustomerId, RestaurantId, OrderType, EmployeeId, DeliveryTime, DeliveryStars, Adress, UserNote) values (11, 196, 112, 'Konzumacija', 175, '9/19/2022', 1, '11th Floor', 'error: undefined method `/'' for nil:NilClass');
insert into Bills (BillId, CustomerId, RestaurantId, OrderType, EmployeeId, DeliveryTime, DeliveryStars, Adress, UserNote) values (12, 239, 293, 'Konzumacija', 7, '2/17/2023', 5, 'Room 1685', 'error: undefined method `/'' for nil:NilClass');
insert into Bills (BillId, CustomerId, RestaurantId, OrderType, EmployeeId, DeliveryTime, DeliveryStars, Adress, UserNote) values (13, 228, 12, 'Konzumacija', 139, '2/5/2024', 4, 'Suite 94', 'error: undefined method `/'' for nil:NilClass');
insert into Bills (BillId, CustomerId, RestaurantId, OrderType, EmployeeId, DeliveryTime, DeliveryStars, Adress, UserNote) values (14, 280, 96, 'Konzumacija', 157, '4/3/2021', 4, '5th Floor', 'error: undefined method `/'' for nil:NilClass');
insert into Bills (BillId, CustomerId, RestaurantId, OrderType, EmployeeId, DeliveryTime, DeliveryStars, Adress, UserNote) values (15, 248, 131, 'Konzumacija', 48, '1/13/2020', 5, 'Room 1010', 'error: undefined method `/'' for nil:NilClass');
insert into Bills (BillId, CustomerId, RestaurantId, OrderType, EmployeeId, DeliveryTime, DeliveryStars, Adress, UserNote) values (16, 62, 191, 'Dostava', 187, '1/31/2021', 2, 'Suite 81', 'error: undefined method `/'' for nil:NilClass');
insert into Bills (BillId, CustomerId, RestaurantId, OrderType, EmployeeId, DeliveryTime, DeliveryStars, Adress, UserNote) values (17, 276, 133, 'Konzumacija', 33, '7/15/2020', 5, 'Suite 39', 'error: undefined method `/'' for nil:NilClass');
insert into Bills (BillId, CustomerId, RestaurantId, OrderType, EmployeeId, DeliveryTime, DeliveryStars, Adress, UserNote) values (18, 212, 2, 'Dostava', 141, '7/6/2024', 3, '3rd Floor', 'error: undefined method `/'' for nil:NilClass');
insert into Bills (BillId, CustomerId, RestaurantId, OrderType, EmployeeId, DeliveryTime, DeliveryStars, Adress, UserNote) values (19, 298, 182, 'Konzumacija', 51, '4/11/2021', 5, 'PO Box 44744', 'error: undefined method `/'' for nil:NilClass');
insert into Bills (BillId, CustomerId, RestaurantId, OrderType, EmployeeId, DeliveryTime, DeliveryStars, Adress, UserNote) values (20, 176, 181, 'Konzumacija', 102, '7/18/2020', 3, 'Room 1254', 'error: undefined method `/'' for nil:NilClass');
insert into Bills (BillId, CustomerId, RestaurantId, OrderType, EmployeeId, DeliveryTime, DeliveryStars, Adress, UserNote) values (21, 68, 73, 'Konzumacija', 177, '7/16/2022', 3, 'Room 1710', 'error: undefined method `/'' for nil:NilClass');
insert into Bills (BillId, CustomerId, RestaurantId, OrderType, EmployeeId, DeliveryTime, DeliveryStars, Adress, UserNote) values (22, 54, 254, 'Dostava', 134, '6/14/2022', 3, 'Apt 1194', 'error: undefined method `/'' for nil:NilClass');
insert into Bills (BillId, CustomerId, RestaurantId, OrderType, EmployeeId, DeliveryTime, DeliveryStars, Adress, UserNote) values (23, 188, 168, 'Konzumacija', 151, '3/19/2022', 3, 'PO Box 72410', 'error: undefined method `/'' for nil:NilClass');
insert into Bills (BillId, CustomerId, RestaurantId, OrderType, EmployeeId, DeliveryTime, DeliveryStars, Adress, UserNote) values (24, 54, 269, 'Dostava', 97, '8/22/2021', 4, '20th Floor', 'error: undefined method `/'' for nil:NilClass');
insert into Bills (BillId, CustomerId, RestaurantId, OrderType, EmployeeId, DeliveryTime, DeliveryStars, Adress, UserNote) values (25, 162, 269, 'Dostava', 29, '3/9/2023', 3, 'PO Box 47969', 'error: undefined method `/'' for nil:NilClass');
insert into Bills (BillId, CustomerId, RestaurantId, OrderType, EmployeeId, DeliveryTime, DeliveryStars, Adress, UserNote) values (26, 252, 337, 'Dostava', 199, '3/11/2021', 1, 'Room 7', 'error: undefined method `/'' for nil:NilClass');
insert into Bills (BillId, CustomerId, RestaurantId, OrderType, EmployeeId, DeliveryTime, DeliveryStars, Adress, UserNote) values (27, 275, 281, 'Konzumacija', 181, '3/11/2022', 1, 'Room 1', 'error: undefined method `/'' for nil:NilClass');
insert into Bills (BillId, CustomerId, RestaurantId, OrderType, EmployeeId, DeliveryTime, DeliveryStars, Adress, UserNote) values (28, 18, 82, 'Dostava', 123, '5/12/2021', 1, 'Suite 70', 'error: undefined method `/'' for nil:NilClass');
insert into Bills (BillId, CustomerId, RestaurantId, OrderType, EmployeeId, DeliveryTime, DeliveryStars, Adress, UserNote) values (29, 24, 262, 'Konzumacija', 192, '11/2/2021', 5, 'Apt 494', 'error: undefined method `/'' for nil:NilClass');
insert into Bills (BillId, CustomerId, RestaurantId, OrderType, EmployeeId, DeliveryTime, DeliveryStars, Adress, UserNote) values (30, 198, 300, 'Konzumacija', 37, '1/11/2024', 5, 'Room 665', 'error: undefined method `/'' for nil:NilClass');
insert into Bills (BillId, CustomerId, RestaurantId, OrderType, EmployeeId, DeliveryTime, DeliveryStars, Adress, UserNote) values (31, 153, 158, 'Dostava', 160, '8/24/2024', 1, 'Apt 1670', 'error: undefined method `/'' for nil:NilClass');
insert into Bills (BillId, CustomerId, RestaurantId, OrderType, EmployeeId, DeliveryTime, DeliveryStars, Adress, UserNote) values (32, 40, 288, 'Konzumacija', 144, '9/15/2022', 5, 'Room 927', 'error: undefined method `/'' for nil:NilClass');
insert into Bills (BillId, CustomerId, RestaurantId, OrderType, EmployeeId, DeliveryTime, DeliveryStars, Adress, UserNote) values (33, 280, 342, 'Dostava', 29, '1/29/2021', 4, 'PO Box 90697', 'error: undefined method `/'' for nil:NilClass');
insert into Bills (BillId, CustomerId, RestaurantId, OrderType, EmployeeId, DeliveryTime, DeliveryStars, Adress, UserNote) values (34, 281, 298, 'Dostava', 161, '2/25/2024', 3, 'PO Box 99237', 'error: undefined method `/'' for nil:NilClass');
insert into Bills (BillId, CustomerId, RestaurantId, OrderType, EmployeeId, DeliveryTime, DeliveryStars, Adress, UserNote) values (35, 141, 197, 'Konzumacija', 12, '12/23/2023', 2, 'PO Box 67049', 'error: undefined method `/'' for nil:NilClass');
insert into Bills (BillId, CustomerId, RestaurantId, OrderType, EmployeeId, DeliveryTime, DeliveryStars, Adress, UserNote) values (36, 64, 76, 'Dostava', 115, '10/12/2020', 4, 'PO Box 8615', 'error: undefined method `/'' for nil:NilClass');
insert into Bills (BillId, CustomerId, RestaurantId, OrderType, EmployeeId, DeliveryTime, DeliveryStars, Adress, UserNote) values (37, 85, 370, 'Dostava', 124, '8/16/2021', 2, 'Room 1798', 'error: undefined method `/'' for nil:NilClass');
insert into Bills (BillId, CustomerId, RestaurantId, OrderType, EmployeeId, DeliveryTime, DeliveryStars, Adress, UserNote) values (38, 36, 239, 'Konzumacija', 94, '1/16/2021', 2, 'PO Box 54878', 'error: undefined method `/'' for nil:NilClass');
insert into Bills (BillId, CustomerId, RestaurantId, OrderType, EmployeeId, DeliveryTime, DeliveryStars, Adress, UserNote) values (39, 62, 384, 'Konzumacija', 83, '9/13/2023', 5, 'Apt 972', 'error: undefined method `/'' for nil:NilClass');
insert into Bills (BillId, CustomerId, RestaurantId, OrderType, EmployeeId, DeliveryTime, DeliveryStars, Adress, UserNote) values (40, 199, 283, 'Dostava', 24, '5/19/2022', 2, 'Room 1498', 'error: undefined method `/'' for nil:NilClass');
insert into Bills (BillId, CustomerId, RestaurantId, OrderType, EmployeeId, DeliveryTime, DeliveryStars, Adress, UserNote) values (41, 244, 114, 'Konzumacija', 33, '6/25/2022', 5, 'Apt 1553', 'error: undefined method `/'' for nil:NilClass');
insert into Bills (BillId, CustomerId, RestaurantId, OrderType, EmployeeId, DeliveryTime, DeliveryStars, Adress, UserNote) values (42, 57, 195, 'Konzumacija', 89, '9/11/2022', 3, 'Apt 1845', 'error: undefined method `/'' for nil:NilClass');
insert into Bills (BillId, CustomerId, RestaurantId, OrderType, EmployeeId, DeliveryTime, DeliveryStars, Adress, UserNote) values (43, 129, 27, 'Dostava', 153, '11/12/2023', 2, 'Room 814', 'error: undefined method `/'' for nil:NilClass');
insert into Bills (BillId, CustomerId, RestaurantId, OrderType, EmployeeId, DeliveryTime, DeliveryStars, Adress, UserNote) values (44, 235, 319, 'Konzumacija', 197, '11/30/2020', 3, 'Room 417', 'error: undefined method `/'' for nil:NilClass');
insert into Bills (BillId, CustomerId, RestaurantId, OrderType, EmployeeId, DeliveryTime, DeliveryStars, Adress, UserNote) values (45, 249, 26, 'Konzumacija', 92, '3/9/2022', 2, 'Suite 76', 'error: undefined method `/'' for nil:NilClass');
insert into Bills (BillId, CustomerId, RestaurantId, OrderType, EmployeeId, DeliveryTime, DeliveryStars, Adress, UserNote) values (46, 253, 228, 'Dostava', 93, '4/16/2020', 4, '2nd Floor', 'error: undefined method `/'' for nil:NilClass');
insert into Bills (BillId, CustomerId, RestaurantId, OrderType, EmployeeId, DeliveryTime, DeliveryStars, Adress, UserNote) values (47, 275, 62, 'Konzumacija', 68, '7/8/2020', 4, 'Room 697', 'error: undefined method `/'' for nil:NilClass');
insert into Bills (BillId, CustomerId, RestaurantId, OrderType, EmployeeId, DeliveryTime, DeliveryStars, Adress, UserNote) values (48, 7, 196, 'Konzumacija', 146, '6/9/2021', 2, 'PO Box 77033', 'error: undefined method `/'' for nil:NilClass');
insert into Bills (BillId, CustomerId, RestaurantId, OrderType, EmployeeId, DeliveryTime, DeliveryStars, Adress, UserNote) values (49, 264, 348, 'Dostava', 36, '12/19/2023', 5, 'PO Box 29609', 'error: undefined method `/'' for nil:NilClass');
insert into Bills (BillId, CustomerId, RestaurantId, OrderType, EmployeeId, DeliveryTime, DeliveryStars, Adress, UserNote) values (50, 216, 86, 'Konzumacija', 87, '12/24/2020', 5, 'Room 1361', 'error: undefined method `/'' for nil:NilClass');
insert into Bills (BillId, CustomerId, RestaurantId, OrderType, EmployeeId, DeliveryTime, DeliveryStars, Adress, UserNote) values (51, 221, 34, 'Dostava', 19, '3/31/2024', 1, 'Room 222', 'error: undefined method `/'' for nil:NilClass');
insert into Bills (BillId, CustomerId, RestaurantId, OrderType, EmployeeId, DeliveryTime, DeliveryStars, Adress, UserNote) values (52, 150, 213, 'Konzumacija', 3, '9/2/2020', 1, '7th Floor', 'error: undefined method `/'' for nil:NilClass');
insert into Bills (BillId, CustomerId, RestaurantId, OrderType, EmployeeId, DeliveryTime, DeliveryStars, Adress, UserNote) values (53, 258, 92, 'Konzumacija', 76, '1/18/2022', 5, 'PO Box 87341', 'error: undefined method `/'' for nil:NilClass');
insert into Bills (BillId, CustomerId, RestaurantId, OrderType, EmployeeId, DeliveryTime, DeliveryStars, Adress, UserNote) values (54, 146, 8, 'Konzumacija', 172, '12/7/2022', 3, 'Apt 234', 'error: undefined method `/'' for nil:NilClass');
insert into Bills (BillId, CustomerId, RestaurantId, OrderType, EmployeeId, DeliveryTime, DeliveryStars, Adress, UserNote) values (55, 39, 211, 'Dostava', 52, '7/19/2020', 3, 'Suite 21', 'error: undefined method `/'' for nil:NilClass');
insert into Bills (BillId, CustomerId, RestaurantId, OrderType, EmployeeId, DeliveryTime, DeliveryStars, Adress, UserNote) values (56, 134, 195, 'Dostava', 150, '9/8/2023', 3, 'Room 1390', 'error: undefined method `/'' for nil:NilClass');
insert into Bills (BillId, CustomerId, RestaurantId, OrderType, EmployeeId, DeliveryTime, DeliveryStars, Adress, UserNote) values (57, 68, 23, 'Konzumacija', 179, '5/14/2024', 4, 'Room 921', 'error: undefined method `/'' for nil:NilClass');
insert into Bills (BillId, CustomerId, RestaurantId, OrderType, EmployeeId, DeliveryTime, DeliveryStars, Adress, UserNote) values (58, 250, 90, 'Dostava', 102, '3/13/2020', 5, 'Suite 8', 'error: undefined method `/'' for nil:NilClass');
insert into Bills (BillId, CustomerId, RestaurantId, OrderType, EmployeeId, DeliveryTime, DeliveryStars, Adress, UserNote) values (59, 93, 45, 'Konzumacija', 86, '8/7/2021', 3, 'Suite 79', 'error: undefined method `/'' for nil:NilClass');
insert into Bills (BillId, CustomerId, RestaurantId, OrderType, EmployeeId, DeliveryTime, DeliveryStars, Adress, UserNote) values (60, 166, 369, 'Dostava', 94, '2/9/2024', 2, '14th Floor', 'error: undefined method `/'' for nil:NilClass');
insert into Bills (BillId, CustomerId, RestaurantId, OrderType, EmployeeId, DeliveryTime, DeliveryStars, Adress, UserNote) values (61, 295, 4, 'Konzumacija', 65, '9/9/2020', 4, 'PO Box 93382', 'error: undefined method `/'' for nil:NilClass');
insert into Bills (BillId, CustomerId, RestaurantId, OrderType, EmployeeId, DeliveryTime, DeliveryStars, Adress, UserNote) values (62, 214, 69, 'Dostava', 27, '10/25/2022', 3, 'Suite 19', 'error: undefined method `/'' for nil:NilClass');
insert into Bills (BillId, CustomerId, RestaurantId, OrderType, EmployeeId, DeliveryTime, DeliveryStars, Adress, UserNote) values (63, 51, 355, 'Dostava', 130, '4/1/2023', 1, 'PO Box 52542', 'error: undefined method `/'' for nil:NilClass');
insert into Bills (BillId, CustomerId, RestaurantId, OrderType, EmployeeId, DeliveryTime, DeliveryStars, Adress, UserNote) values (64, 132, 299, 'Dostava', 134, '5/5/2023', 4, 'Room 805', 'error: undefined method `/'' for nil:NilClass');
insert into Bills (BillId, CustomerId, RestaurantId, OrderType, EmployeeId, DeliveryTime, DeliveryStars, Adress, UserNote) values (65, 286, 139, 'Dostava', 181, '11/20/2020', 2, 'PO Box 80401', 'error: undefined method `/'' for nil:NilClass');
insert into Bills (BillId, CustomerId, RestaurantId, OrderType, EmployeeId, DeliveryTime, DeliveryStars, Adress, UserNote) values (66, 17, 103, 'Konzumacija', 21, '5/15/2024', 1, 'Apt 1859', 'error: undefined method `/'' for nil:NilClass');
insert into Bills (BillId, CustomerId, RestaurantId, OrderType, EmployeeId, DeliveryTime, DeliveryStars, Adress, UserNote) values (67, 124, 99, 'Konzumacija', 72, '11/17/2023', 5, 'Suite 24', 'error: undefined method `/'' for nil:NilClass');
insert into Bills (BillId, CustomerId, RestaurantId, OrderType, EmployeeId, DeliveryTime, DeliveryStars, Adress, UserNote) values (68, 247, 317, 'Dostava', 179, '2/19/2022', 2, 'PO Box 40057', 'error: undefined method `/'' for nil:NilClass');
insert into Bills (BillId, CustomerId, RestaurantId, OrderType, EmployeeId, DeliveryTime, DeliveryStars, Adress, UserNote) values (69, 185, 130, 'Konzumacija', 147, '8/25/2023', 2, 'Room 1911', 'error: undefined method `/'' for nil:NilClass');
insert into Bills (BillId, CustomerId, RestaurantId, OrderType, EmployeeId, DeliveryTime, DeliveryStars, Adress, UserNote) values (70, 68, 360, 'Konzumacija', 174, '11/24/2024', 1, 'PO Box 97630', 'error: undefined method `/'' for nil:NilClass');
insert into Bills (BillId, CustomerId, RestaurantId, OrderType, EmployeeId, DeliveryTime, DeliveryStars, Adress, UserNote) values (71, 180, 213, 'Dostava', 139, '11/27/2022', 3, 'Suite 4', 'error: undefined method `/'' for nil:NilClass');
insert into Bills (BillId, CustomerId, RestaurantId, OrderType, EmployeeId, DeliveryTime, DeliveryStars, Adress, UserNote) values (72, 65, 214, 'Dostava', 136, '5/24/2022', 2, 'Room 954', 'error: undefined method `/'' for nil:NilClass');
insert into Bills (BillId, CustomerId, RestaurantId, OrderType, EmployeeId, DeliveryTime, DeliveryStars, Adress, UserNote) values (73, 49, 130, 'Konzumacija', 72, '11/5/2024', 1, 'Apt 663', 'error: undefined method `/'' for nil:NilClass');
insert into Bills (BillId, CustomerId, RestaurantId, OrderType, EmployeeId, DeliveryTime, DeliveryStars, Adress, UserNote) values (74, 127, 245, 'Konzumacija', 140, '10/9/2024', 2, 'Room 1221', 'error: undefined method `/'' for nil:NilClass');
insert into Bills (BillId, CustomerId, RestaurantId, OrderType, EmployeeId, DeliveryTime, DeliveryStars, Adress, UserNote) values (75, 25, 225, 'Konzumacija', 61, '9/28/2021', 2, 'Suite 99', 'error: undefined method `/'' for nil:NilClass');
insert into Bills (BillId, CustomerId, RestaurantId, OrderType, EmployeeId, DeliveryTime, DeliveryStars, Adress, UserNote) values (76, 206, 22, 'Dostava', 44, '5/26/2022', 1, 'Suite 57', 'error: undefined method `/'' for nil:NilClass');
insert into Bills (BillId, CustomerId, RestaurantId, OrderType, EmployeeId, DeliveryTime, DeliveryStars, Adress, UserNote) values (77, 48, 294, 'Dostava', 155, '11/18/2024', 2, 'PO Box 45822', 'error: undefined method `/'' for nil:NilClass');
insert into Bills (BillId, CustomerId, RestaurantId, OrderType, EmployeeId, DeliveryTime, DeliveryStars, Adress, UserNote) values (78, 119, 156, 'Konzumacija', 76, '7/14/2024', 4, '10th Floor', 'error: undefined method `/'' for nil:NilClass');
insert into Bills (BillId, CustomerId, RestaurantId, OrderType, EmployeeId, DeliveryTime, DeliveryStars, Adress, UserNote) values (79, 133, 226, 'Konzumacija', 145, '4/25/2024', 2, 'PO Box 17851', 'error: undefined method `/'' for nil:NilClass');
insert into Bills (BillId, CustomerId, RestaurantId, OrderType, EmployeeId, DeliveryTime, DeliveryStars, Adress, UserNote) values (80, 195, 41, 'Konzumacija', 22, '6/8/2020', 5, '12th Floor', 'error: undefined method `/'' for nil:NilClass');
insert into Bills (BillId, CustomerId, RestaurantId, OrderType, EmployeeId, DeliveryTime, DeliveryStars, Adress, UserNote) values (81, 242, 201, 'Dostava', 162, '9/11/2023', 1, '15th Floor', 'error: undefined method `/'' for nil:NilClass');
insert into Bills (BillId, CustomerId, RestaurantId, OrderType, EmployeeId, DeliveryTime, DeliveryStars, Adress, UserNote) values (82, 43, 3, 'Dostava', 13, '4/5/2024', 1, '4th Floor', 'error: undefined method `/'' for nil:NilClass');
insert into Bills (BillId, CustomerId, RestaurantId, OrderType, EmployeeId, DeliveryTime, DeliveryStars, Adress, UserNote) values (83, 91, 66, 'Dostava', 173, '3/19/2023', 5, 'Suite 1', 'error: undefined method `/'' for nil:NilClass');
insert into Bills (BillId, CustomerId, RestaurantId, OrderType, EmployeeId, DeliveryTime, DeliveryStars, Adress, UserNote) values (84, 129, 363, 'Dostava', 35, '5/8/2022', 3, 'PO Box 3869', 'error: undefined method `/'' for nil:NilClass');
insert into Bills (BillId, CustomerId, RestaurantId, OrderType, EmployeeId, DeliveryTime, DeliveryStars, Adress, UserNote) values (85, 289, 41, 'Dostava', 127, '12/8/2022', 5, 'Suite 83', 'error: undefined method `/'' for nil:NilClass');
insert into Bills (BillId, CustomerId, RestaurantId, OrderType, EmployeeId, DeliveryTime, DeliveryStars, Adress, UserNote) values (86, 50, 200, 'Konzumacija', 109, '9/23/2022', 1, '16th Floor', 'error: undefined method `/'' for nil:NilClass');
insert into Bills (BillId, CustomerId, RestaurantId, OrderType, EmployeeId, DeliveryTime, DeliveryStars, Adress, UserNote) values (87, 101, 342, 'Konzumacija', 86, '12/27/2023', 2, '6th Floor', 'error: undefined method `/'' for nil:NilClass');
insert into Bills (BillId, CustomerId, RestaurantId, OrderType, EmployeeId, DeliveryTime, DeliveryStars, Adress, UserNote) values (88, 37, 118, 'Dostava', 189, '6/28/2022', 1, 'PO Box 51362', 'error: undefined method `/'' for nil:NilClass');
insert into Bills (BillId, CustomerId, RestaurantId, OrderType, EmployeeId, DeliveryTime, DeliveryStars, Adress, UserNote) values (89, 235, 322, 'Konzumacija', 48, '4/9/2022', 3, '9th Floor', 'error: undefined method `/'' for nil:NilClass');
insert into Bills (BillId, CustomerId, RestaurantId, OrderType, EmployeeId, DeliveryTime, DeliveryStars, Adress, UserNote) values (90, 1, 125, 'Dostava', 8, '11/10/2022', 5, '11th Floor', 'error: undefined method `/'' for nil:NilClass');
insert into Bills (BillId, CustomerId, RestaurantId, OrderType, EmployeeId, DeliveryTime, DeliveryStars, Adress, UserNote) values (91, 75, 77, 'Dostava', 5, '12/27/2020', 3, '5th Floor', 'error: undefined method `/'' for nil:NilClass');
insert into Bills (BillId, CustomerId, RestaurantId, OrderType, EmployeeId, DeliveryTime, DeliveryStars, Adress, UserNote) values (92, 168, 325, 'Dostava', 171, '10/22/2023', 1, 'Apt 1839', 'error: undefined method `/'' for nil:NilClass');
insert into Bills (BillId, CustomerId, RestaurantId, OrderType, EmployeeId, DeliveryTime, DeliveryStars, Adress, UserNote) values (93, 67, 159, 'Dostava', 89, '6/3/2020', 4, 'Apt 1141', 'error: undefined method `/'' for nil:NilClass');
insert into Bills (BillId, CustomerId, RestaurantId, OrderType, EmployeeId, DeliveryTime, DeliveryStars, Adress, UserNote) values (94, 293, 261, 'Konzumacija', 2, '4/3/2024', 2, 'Suite 61', 'error: undefined method `/'' for nil:NilClass');
insert into Bills (BillId, CustomerId, RestaurantId, OrderType, EmployeeId, DeliveryTime, DeliveryStars, Adress, UserNote) values (95, 99, 278, 'Dostava', 119, '2/18/2024', 4, 'PO Box 78711', 'error: undefined method `/'' for nil:NilClass');
insert into Bills (BillId, CustomerId, RestaurantId, OrderType, EmployeeId, DeliveryTime, DeliveryStars, Adress, UserNote) values (96, 103, 118, 'Konzumacija', 22, '8/19/2023', 3, 'Apt 1237', 'error: undefined method `/'' for nil:NilClass');
insert into Bills (BillId, CustomerId, RestaurantId, OrderType, EmployeeId, DeliveryTime, DeliveryStars, Adress, UserNote) values (97, 158, 328, 'Konzumacija', 95, '11/19/2024', 2, 'Apt 1664', 'error: undefined method `/'' for nil:NilClass');
insert into Bills (BillId, CustomerId, RestaurantId, OrderType, EmployeeId, DeliveryTime, DeliveryStars, Adress, UserNote) values (98, 246, 228, 'Konzumacija', 24, '11/14/2023', 3, 'Room 596', 'error: undefined method `/'' for nil:NilClass');
insert into Bills (BillId, CustomerId, RestaurantId, OrderType, EmployeeId, DeliveryTime, DeliveryStars, Adress, UserNote) values (99, 149, 277, 'Konzumacija', 138, '12/8/2023', 3, 'PO Box 27976', 'error: undefined method `/'' for nil:NilClass');
insert into Bills (BillId, CustomerId, RestaurantId, OrderType, EmployeeId, DeliveryTime, DeliveryStars, Adress, UserNote) values (100, 175, 256, 'Konzumacija', 41, '3/11/2021', 1, 'Apt 1251', 'error: undefined method `/'' for nil:NilClass');
insert into Bills (BillId, CustomerId, RestaurantId, OrderType, EmployeeId, DeliveryTime, DeliveryStars, Adress, UserNote) values (101, 156, 211, 'Konzumacija', 42, '11/29/2021', 2, 'Room 1719', 'error: undefined method `/'' for nil:NilClass');
insert into Bills (BillId, CustomerId, RestaurantId, OrderType, EmployeeId, DeliveryTime, DeliveryStars, Adress, UserNote) values (102, 124, 342, 'Dostava', 35, '11/4/2022', 5, '5th Floor', 'error: undefined method `/'' for nil:NilClass');
insert into Bills (BillId, CustomerId, RestaurantId, OrderType, EmployeeId, DeliveryTime, DeliveryStars, Adress, UserNote) values (103, 183, 112, 'Dostava', 40, '1/20/2020', 5, 'PO Box 79296', 'error: undefined method `/'' for nil:NilClass');
insert into Bills (BillId, CustomerId, RestaurantId, OrderType, EmployeeId, DeliveryTime, DeliveryStars, Adress, UserNote) values (104, 120, 90, 'Konzumacija', 134, '7/24/2022', 3, 'Apt 953', 'error: undefined method `/'' for nil:NilClass');
insert into Bills (BillId, CustomerId, RestaurantId, OrderType, EmployeeId, DeliveryTime, DeliveryStars, Adress, UserNote) values (105, 175, 26, 'Konzumacija', 177, '2/25/2021', 1, '8th Floor', 'error: undefined method `/'' for nil:NilClass');
insert into Bills (BillId, CustomerId, RestaurantId, OrderType, EmployeeId, DeliveryTime, DeliveryStars, Adress, UserNote) values (106, 253, 44, 'Dostava', 182, '1/22/2020', 3, 'Suite 9', 'error: undefined method `/'' for nil:NilClass');
insert into Bills (BillId, CustomerId, RestaurantId, OrderType, EmployeeId, DeliveryTime, DeliveryStars, Adress, UserNote) values (107, 176, 179, 'Dostava', 50, '5/1/2022', 4, 'PO Box 32508', 'error: undefined method `/'' for nil:NilClass');
insert into Bills (BillId, CustomerId, RestaurantId, OrderType, EmployeeId, DeliveryTime, DeliveryStars, Adress, UserNote) values (108, 102, 166, 'Dostava', 115, '5/30/2020', 4, 'Apt 1615', 'error: undefined method `/'' for nil:NilClass');
insert into Bills (BillId, CustomerId, RestaurantId, OrderType, EmployeeId, DeliveryTime, DeliveryStars, Adress, UserNote) values (109, 96, 106, 'Dostava', 76, '7/15/2021', 4, 'Apt 1960', 'error: undefined method `/'' for nil:NilClass');
insert into Bills (BillId, CustomerId, RestaurantId, OrderType, EmployeeId, DeliveryTime, DeliveryStars, Adress, UserNote) values (110, 223, 31, 'Konzumacija', 43, '10/28/2020', 2, 'Suite 54', 'error: undefined method `/'' for nil:NilClass');
insert into Bills (BillId, CustomerId, RestaurantId, OrderType, EmployeeId, DeliveryTime, DeliveryStars, Adress, UserNote) values (111, 228, 385, 'Konzumacija', 129, '3/11/2023', 3, 'Room 1083', 'error: undefined method `/'' for nil:NilClass');
insert into Bills (BillId, CustomerId, RestaurantId, OrderType, EmployeeId, DeliveryTime, DeliveryStars, Adress, UserNote) values (112, 81, 232, 'Konzumacija', 150, '9/20/2023', 5, 'Room 329', 'error: undefined method `/'' for nil:NilClass');
insert into Bills (BillId, CustomerId, RestaurantId, OrderType, EmployeeId, DeliveryTime, DeliveryStars, Adress, UserNote) values (113, 45, 177, 'Dostava', 30, '6/16/2021', 5, '16th Floor', 'error: undefined method `/'' for nil:NilClass');
insert into Bills (BillId, CustomerId, RestaurantId, OrderType, EmployeeId, DeliveryTime, DeliveryStars, Adress, UserNote) values (114, 115, 371, 'Konzumacija', 98, '3/7/2024', 4, '9th Floor', 'error: undefined method `/'' for nil:NilClass');
insert into Bills (BillId, CustomerId, RestaurantId, OrderType, EmployeeId, DeliveryTime, DeliveryStars, Adress, UserNote) values (115, 113, 134, 'Konzumacija', 46, '9/12/2024', 5, '6th Floor', 'error: undefined method `/'' for nil:NilClass');
insert into Bills (BillId, CustomerId, RestaurantId, OrderType, EmployeeId, DeliveryTime, DeliveryStars, Adress, UserNote) values (116, 221, 102, 'Konzumacija', 172, '1/14/2020', 1, 'Room 1835', 'error: undefined method `/'' for nil:NilClass');
insert into Bills (BillId, CustomerId, RestaurantId, OrderType, EmployeeId, DeliveryTime, DeliveryStars, Adress, UserNote) values (117, 51, 162, 'Konzumacija', 2, '10/14/2022', 1, 'PO Box 16608', 'error: undefined method `/'' for nil:NilClass');
insert into Bills (BillId, CustomerId, RestaurantId, OrderType, EmployeeId, DeliveryTime, DeliveryStars, Adress, UserNote) values (118, 236, 188, 'Dostava', 84, '9/12/2021', 1, '13th Floor', 'error: undefined method `/'' for nil:NilClass');
insert into Bills (BillId, CustomerId, RestaurantId, OrderType, EmployeeId, DeliveryTime, DeliveryStars, Adress, UserNote) values (119, 128, 74, 'Konzumacija', 91, '2/29/2024', 4, '18th Floor', 'error: undefined method `/'' for nil:NilClass');
insert into Bills (BillId, CustomerId, RestaurantId, OrderType, EmployeeId, DeliveryTime, DeliveryStars, Adress, UserNote) values (120, 169, 70, 'Dostava', 166, '12/30/2023', 5, 'Apt 1933', 'error: undefined method `/'' for nil:NilClass');
insert into Bills (BillId, CustomerId, RestaurantId, OrderType, EmployeeId, DeliveryTime, DeliveryStars, Adress, UserNote) values (121, 135, 95, 'Dostava', 136, '6/5/2020', 4, 'Suite 39', 'error: undefined method `/'' for nil:NilClass');
insert into Bills (BillId, CustomerId, RestaurantId, OrderType, EmployeeId, DeliveryTime, DeliveryStars, Adress, UserNote) values (122, 247, 100, 'Dostava', 92, '5/17/2022', 1, 'Suite 52', 'error: undefined method `/'' for nil:NilClass');
insert into Bills (BillId, CustomerId, RestaurantId, OrderType, EmployeeId, DeliveryTime, DeliveryStars, Adress, UserNote) values (123, 159, 54, 'Dostava', 60, '6/2/2023', 1, 'Apt 1074', 'error: undefined method `/'' for nil:NilClass');
insert into Bills (BillId, CustomerId, RestaurantId, OrderType, EmployeeId, DeliveryTime, DeliveryStars, Adress, UserNote) values (124, 117, 121, 'Dostava', 3, '6/19/2024', 2, 'PO Box 68797', 'error: undefined method `/'' for nil:NilClass');
insert into Bills (BillId, CustomerId, RestaurantId, OrderType, EmployeeId, DeliveryTime, DeliveryStars, Adress, UserNote) values (125, 257, 85, 'Konzumacija', 141, '6/4/2024', 5, '18th Floor', 'error: undefined method `/'' for nil:NilClass');
insert into Bills (BillId, CustomerId, RestaurantId, OrderType, EmployeeId, DeliveryTime, DeliveryStars, Adress, UserNote) values (126, 162, 357, 'Dostava', 128, '5/2/2023', 2, 'Suite 96', 'error: undefined method `/'' for nil:NilClass');
insert into Bills (BillId, CustomerId, RestaurantId, OrderType, EmployeeId, DeliveryTime, DeliveryStars, Adress, UserNote) values (127, 297, 289, 'Dostava', 157, '8/8/2022', 1, 'Apt 333', 'error: undefined method `/'' for nil:NilClass');
insert into Bills (BillId, CustomerId, RestaurantId, OrderType, EmployeeId, DeliveryTime, DeliveryStars, Adress, UserNote) values (128, 290, 342, 'Konzumacija', 144, '1/20/2022', 1, '3rd Floor', 'error: undefined method `/'' for nil:NilClass');
insert into Bills (BillId, CustomerId, RestaurantId, OrderType, EmployeeId, DeliveryTime, DeliveryStars, Adress, UserNote) values (129, 164, 319, 'Konzumacija', 121, '11/27/2023', 4, 'Room 920', 'error: undefined method `/'' for nil:NilClass');
insert into Bills (BillId, CustomerId, RestaurantId, OrderType, EmployeeId, DeliveryTime, DeliveryStars, Adress, UserNote) values (130, 69, 141, 'Dostava', 175, '6/22/2021', 3, 'Suite 59', 'error: undefined method `/'' for nil:NilClass');
insert into Bills (BillId, CustomerId, RestaurantId, OrderType, EmployeeId, DeliveryTime, DeliveryStars, Adress, UserNote) values (131, 266, 18, 'Konzumacija', 72, '9/27/2021', 4, '2nd Floor', 'error: undefined method `/'' for nil:NilClass');
insert into Bills (BillId, CustomerId, RestaurantId, OrderType, EmployeeId, DeliveryTime, DeliveryStars, Adress, UserNote) values (132, 196, 273, 'Dostava', 26, '8/10/2020', 5, 'PO Box 70148', 'error: undefined method `/'' for nil:NilClass');
insert into Bills (BillId, CustomerId, RestaurantId, OrderType, EmployeeId, DeliveryTime, DeliveryStars, Adress, UserNote) values (133, 181, 99, 'Konzumacija', 177, '10/30/2020', 1, 'PO Box 19286', 'error: undefined method `/'' for nil:NilClass');
insert into Bills (BillId, CustomerId, RestaurantId, OrderType, EmployeeId, DeliveryTime, DeliveryStars, Adress, UserNote) values (134, 188, 29, 'Konzumacija', 19, '12/13/2022', 5, 'Suite 59', 'error: undefined method `/'' for nil:NilClass');
insert into Bills (BillId, CustomerId, RestaurantId, OrderType, EmployeeId, DeliveryTime, DeliveryStars, Adress, UserNote) values (135, 47, 203, 'Dostava', 76, '10/15/2020', 1, '20th Floor', 'error: undefined method `/'' for nil:NilClass');
insert into Bills (BillId, CustomerId, RestaurantId, OrderType, EmployeeId, DeliveryTime, DeliveryStars, Adress, UserNote) values (136, 17, 318, 'Konzumacija', 96, '9/16/2022', 5, 'Room 366', 'error: undefined method `/'' for nil:NilClass');
insert into Bills (BillId, CustomerId, RestaurantId, OrderType, EmployeeId, DeliveryTime, DeliveryStars, Adress, UserNote) values (137, 62, 157, 'Konzumacija', 95, '12/30/2020', 4, '16th Floor', 'error: undefined method `/'' for nil:NilClass');
insert into Bills (BillId, CustomerId, RestaurantId, OrderType, EmployeeId, DeliveryTime, DeliveryStars, Adress, UserNote) values (138, 213, 391, 'Konzumacija', 58, '4/1/2020', 5, 'PO Box 48029', 'error: undefined method `/'' for nil:NilClass');
insert into Bills (BillId, CustomerId, RestaurantId, OrderType, EmployeeId, DeliveryTime, DeliveryStars, Adress, UserNote) values (139, 300, 288, 'Konzumacija', 159, '8/11/2022', 5, 'Suite 94', 'error: undefined method `/'' for nil:NilClass');
insert into Bills (BillId, CustomerId, RestaurantId, OrderType, EmployeeId, DeliveryTime, DeliveryStars, Adress, UserNote) values (140, 256, 371, 'Dostava', 51, '1/6/2022', 1, 'PO Box 74164', 'error: undefined method `/'' for nil:NilClass');
insert into Bills (BillId, CustomerId, RestaurantId, OrderType, EmployeeId, DeliveryTime, DeliveryStars, Adress, UserNote) values (141, 78, 71, 'Konzumacija', 61, '3/10/2021', 3, 'Room 56', 'error: undefined method `/'' for nil:NilClass');
insert into Bills (BillId, CustomerId, RestaurantId, OrderType, EmployeeId, DeliveryTime, DeliveryStars, Adress, UserNote) values (142, 194, 158, 'Dostava', 30, '5/4/2023', 2, '8th Floor', 'error: undefined method `/'' for nil:NilClass');
insert into Bills (BillId, CustomerId, RestaurantId, OrderType, EmployeeId, DeliveryTime, DeliveryStars, Adress, UserNote) values (143, 126, 100, 'Konzumacija', 100, '9/30/2021', 1, 'PO Box 73692', 'error: undefined method `/'' for nil:NilClass');
insert into Bills (BillId, CustomerId, RestaurantId, OrderType, EmployeeId, DeliveryTime, DeliveryStars, Adress, UserNote) values (144, 127, 146, 'Konzumacija', 159, '5/12/2024', 2, 'PO Box 55317', 'error: undefined method `/'' for nil:NilClass');
insert into Bills (BillId, CustomerId, RestaurantId, OrderType, EmployeeId, DeliveryTime, DeliveryStars, Adress, UserNote) values (145, 253, 302, 'Dostava', 44, '9/18/2022', 5, 'Room 1862', 'error: undefined method `/'' for nil:NilClass');
insert into Bills (BillId, CustomerId, RestaurantId, OrderType, EmployeeId, DeliveryTime, DeliveryStars, Adress, UserNote) values (146, 256, 189, 'Konzumacija', 112, '8/12/2021', 3, 'Suite 74', 'error: undefined method `/'' for nil:NilClass');
insert into Bills (BillId, CustomerId, RestaurantId, OrderType, EmployeeId, DeliveryTime, DeliveryStars, Adress, UserNote) values (147, 87, 324, 'Konzumacija', 128, '1/30/2024', 4, 'Suite 41', 'error: undefined method `/'' for nil:NilClass');
insert into Bills (BillId, CustomerId, RestaurantId, OrderType, EmployeeId, DeliveryTime, DeliveryStars, Adress, UserNote) values (148, 86, 383, 'Konzumacija', 151, '5/3/2024', 2, 'Suite 62', 'error: undefined method `/'' for nil:NilClass');
insert into Bills (BillId, CustomerId, RestaurantId, OrderType, EmployeeId, DeliveryTime, DeliveryStars, Adress, UserNote) values (149, 238, 79, 'Dostava', 80, '1/20/2023', 4, '12th Floor', 'error: undefined method `/'' for nil:NilClass');
insert into Bills (BillId, CustomerId, RestaurantId, OrderType, EmployeeId, DeliveryTime, DeliveryStars, Adress, UserNote) values (150, 109, 252, 'Dostava', 25, '4/8/2021', 3, 'PO Box 28452', 'error: undefined method `/'' for nil:NilClass');
insert into Bills (BillId, CustomerId, RestaurantId, OrderType, EmployeeId, DeliveryTime, DeliveryStars, Adress, UserNote) values (151, 22, 95, 'Dostava', 19, '10/4/2020', 1, 'Suite 38', 'error: undefined method `/'' for nil:NilClass');
insert into Bills (BillId, CustomerId, RestaurantId, OrderType, EmployeeId, DeliveryTime, DeliveryStars, Adress, UserNote) values (152, 153, 26, 'Dostava', 153, '11/28/2022', 2, 'Room 1476', 'error: undefined method `/'' for nil:NilClass');
insert into Bills (BillId, CustomerId, RestaurantId, OrderType, EmployeeId, DeliveryTime, DeliveryStars, Adress, UserNote) values (153, 180, 17, 'Dostava', 66, '9/18/2022', 5, 'Room 851', 'error: undefined method `/'' for nil:NilClass');
insert into Bills (BillId, CustomerId, RestaurantId, OrderType, EmployeeId, DeliveryTime, DeliveryStars, Adress, UserNote) values (154, 119, 65, 'Konzumacija', 118, '2/17/2022', 3, 'Apt 894', 'error: undefined method `/'' for nil:NilClass');
insert into Bills (BillId, CustomerId, RestaurantId, OrderType, EmployeeId, DeliveryTime, DeliveryStars, Adress, UserNote) values (155, 89, 224, 'Dostava', 146, '12/12/2021', 5, 'Suite 22', 'error: undefined method `/'' for nil:NilClass');
insert into Bills (BillId, CustomerId, RestaurantId, OrderType, EmployeeId, DeliveryTime, DeliveryStars, Adress, UserNote) values (156, 87, 141, 'Konzumacija', 87, '11/26/2021', 5, 'PO Box 50436', 'error: undefined method `/'' for nil:NilClass');
insert into Bills (BillId, CustomerId, RestaurantId, OrderType, EmployeeId, DeliveryTime, DeliveryStars, Adress, UserNote) values (157, 124, 205, 'Konzumacija', 62, '10/31/2023', 5, 'Suite 23', 'error: undefined method `/'' for nil:NilClass');
insert into Bills (BillId, CustomerId, RestaurantId, OrderType, EmployeeId, DeliveryTime, DeliveryStars, Adress, UserNote) values (158, 207, 239, 'Konzumacija', 199, '7/17/2021', 1, 'Room 1778', 'error: undefined method `/'' for nil:NilClass');
insert into Bills (BillId, CustomerId, RestaurantId, OrderType, EmployeeId, DeliveryTime, DeliveryStars, Adress, UserNote) values (159, 269, 214, 'Dostava', 114, '7/29/2020', 3, 'Apt 172', 'error: undefined method `/'' for nil:NilClass');
insert into Bills (BillId, CustomerId, RestaurantId, OrderType, EmployeeId, DeliveryTime, DeliveryStars, Adress, UserNote) values (160, 240, 276, 'Konzumacija', 7, '7/18/2024', 2, '20th Floor', 'error: undefined method `/'' for nil:NilClass');
insert into Bills (BillId, CustomerId, RestaurantId, OrderType, EmployeeId, DeliveryTime, DeliveryStars, Adress, UserNote) values (161, 213, 300, 'Dostava', 111, '8/3/2023', 5, '12th Floor', 'error: undefined method `/'' for nil:NilClass');
insert into Bills (BillId, CustomerId, RestaurantId, OrderType, EmployeeId, DeliveryTime, DeliveryStars, Adress, UserNote) values (162, 130, 118, 'Konzumacija', 200, '1/24/2021', 5, 'Room 1463', 'error: undefined method `/'' for nil:NilClass');
insert into Bills (BillId, CustomerId, RestaurantId, OrderType, EmployeeId, DeliveryTime, DeliveryStars, Adress, UserNote) values (163, 43, 234, 'Konzumacija', 100, '6/3/2023', 5, 'PO Box 66402', 'error: undefined method `/'' for nil:NilClass');
insert into Bills (BillId, CustomerId, RestaurantId, OrderType, EmployeeId, DeliveryTime, DeliveryStars, Adress, UserNote) values (164, 229, 61, 'Dostava', 135, '3/10/2023', 3, 'Apt 1022', 'error: undefined method `/'' for nil:NilClass');
insert into Bills (BillId, CustomerId, RestaurantId, OrderType, EmployeeId, DeliveryTime, DeliveryStars, Adress, UserNote) values (165, 179, 305, 'Dostava', 103, '6/28/2022', 4, '11th Floor', 'error: undefined method `/'' for nil:NilClass');
insert into Bills (BillId, CustomerId, RestaurantId, OrderType, EmployeeId, DeliveryTime, DeliveryStars, Adress, UserNote) values (166, 289, 266, 'Konzumacija', 64, '3/14/2022', 3, 'Apt 1547', 'error: undefined method `/'' for nil:NilClass');
insert into Bills (BillId, CustomerId, RestaurantId, OrderType, EmployeeId, DeliveryTime, DeliveryStars, Adress, UserNote) values (167, 203, 11, 'Konzumacija', 127, '10/14/2020', 5, 'Room 966', 'error: undefined method `/'' for nil:NilClass');
insert into Bills (BillId, CustomerId, RestaurantId, OrderType, EmployeeId, DeliveryTime, DeliveryStars, Adress, UserNote) values (168, 76, 305, 'Dostava', 105, '11/9/2024', 2, 'PO Box 30285', 'error: undefined method `/'' for nil:NilClass');
insert into Bills (BillId, CustomerId, RestaurantId, OrderType, EmployeeId, DeliveryTime, DeliveryStars, Adress, UserNote) values (169, 137, 330, 'Dostava', 159, '12/3/2023', 3, 'PO Box 45230', 'error: undefined method `/'' for nil:NilClass');
insert into Bills (BillId, CustomerId, RestaurantId, OrderType, EmployeeId, DeliveryTime, DeliveryStars, Adress, UserNote) values (170, 247, 319, 'Dostava', 156, '2/29/2024', 5, 'PO Box 96794', 'error: undefined method `/'' for nil:NilClass');
insert into Bills (BillId, CustomerId, RestaurantId, OrderType, EmployeeId, DeliveryTime, DeliveryStars, Adress, UserNote) values (171, 178, 388, 'Dostava', 192, '4/21/2024', 5, 'Room 170', 'error: undefined method `/'' for nil:NilClass');
insert into Bills (BillId, CustomerId, RestaurantId, OrderType, EmployeeId, DeliveryTime, DeliveryStars, Adress, UserNote) values (172, 80, 206, 'Konzumacija', 36, '11/2/2024', 3, 'Room 1415', 'error: undefined method `/'' for nil:NilClass');
insert into Bills (BillId, CustomerId, RestaurantId, OrderType, EmployeeId, DeliveryTime, DeliveryStars, Adress, UserNote) values (173, 258, 336, 'Konzumacija', 78, '8/16/2022', 2, 'Suite 14', 'error: undefined method `/'' for nil:NilClass');
insert into Bills (BillId, CustomerId, RestaurantId, OrderType, EmployeeId, DeliveryTime, DeliveryStars, Adress, UserNote) values (174, 20, 221, 'Dostava', 193, '8/12/2022', 5, 'PO Box 68754', 'error: undefined method `/'' for nil:NilClass');
insert into Bills (BillId, CustomerId, RestaurantId, OrderType, EmployeeId, DeliveryTime, DeliveryStars, Adress, UserNote) values (175, 120, 154, 'Konzumacija', 190, '4/18/2024', 2, 'Room 895', 'error: undefined method `/'' for nil:NilClass');
insert into Bills (BillId, CustomerId, RestaurantId, OrderType, EmployeeId, DeliveryTime, DeliveryStars, Adress, UserNote) values (176, 210, 294, 'Konzumacija', 187, '2/22/2022', 2, 'Room 1630', 'error: undefined method `/'' for nil:NilClass');
insert into Bills (BillId, CustomerId, RestaurantId, OrderType, EmployeeId, DeliveryTime, DeliveryStars, Adress, UserNote) values (177, 152, 88, 'Konzumacija', 152, '10/1/2022', 2, 'Suite 56', 'error: undefined method `/'' for nil:NilClass');
insert into Bills (BillId, CustomerId, RestaurantId, OrderType, EmployeeId, DeliveryTime, DeliveryStars, Adress, UserNote) values (178, 114, 338, 'Dostava', 3, '4/24/2022', 4, 'PO Box 35541', 'error: undefined method `/'' for nil:NilClass');
insert into Bills (BillId, CustomerId, RestaurantId, OrderType, EmployeeId, DeliveryTime, DeliveryStars, Adress, UserNote) values (179, 42, 22, 'Dostava', 144, '4/13/2024', 3, 'Room 693', 'error: undefined method `/'' for nil:NilClass');
insert into Bills (BillId, CustomerId, RestaurantId, OrderType, EmployeeId, DeliveryTime, DeliveryStars, Adress, UserNote) values (180, 65, 230, 'Dostava', 147, '10/13/2022', 5, 'PO Box 86665', 'error: undefined method `/'' for nil:NilClass');
insert into Bills (BillId, CustomerId, RestaurantId, OrderType, EmployeeId, DeliveryTime, DeliveryStars, Adress, UserNote) values (181, 111, 195, 'Konzumacija', 70, '7/26/2020', 5, 'Suite 8', 'error: undefined method `/'' for nil:NilClass');
insert into Bills (BillId, CustomerId, RestaurantId, OrderType, EmployeeId, DeliveryTime, DeliveryStars, Adress, UserNote) values (182, 251, 157, 'Konzumacija', 5, '12/20/2023', 4, 'Suite 40', 'error: undefined method `/'' for nil:NilClass');
insert into Bills (BillId, CustomerId, RestaurantId, OrderType, EmployeeId, DeliveryTime, DeliveryStars, Adress, UserNote) values (183, 214, 287, 'Dostava', 72, '9/20/2021', 5, 'Apt 1934', 'error: undefined method `/'' for nil:NilClass');
insert into Bills (BillId, CustomerId, RestaurantId, OrderType, EmployeeId, DeliveryTime, DeliveryStars, Adress, UserNote) values (184, 89, 6, 'Konzumacija', 68, '9/12/2020', 4, 'Suite 78', 'error: undefined method `/'' for nil:NilClass');
insert into Bills (BillId, CustomerId, RestaurantId, OrderType, EmployeeId, DeliveryTime, DeliveryStars, Adress, UserNote) values (185, 133, 161, 'Dostava', 41, '3/1/2024', 3, 'Room 1594', 'error: undefined method `/'' for nil:NilClass');
insert into Bills (BillId, CustomerId, RestaurantId, OrderType, EmployeeId, DeliveryTime, DeliveryStars, Adress, UserNote) values (186, 111, 330, 'Dostava', 119, '6/11/2021', 1, 'Room 8', 'error: undefined method `/'' for nil:NilClass');
insert into Bills (BillId, CustomerId, RestaurantId, OrderType, EmployeeId, DeliveryTime, DeliveryStars, Adress, UserNote) values (187, 206, 204, 'Konzumacija', 168, '6/24/2022', 4, 'Suite 4', 'error: undefined method `/'' for nil:NilClass');
insert into Bills (BillId, CustomerId, RestaurantId, OrderType, EmployeeId, DeliveryTime, DeliveryStars, Adress, UserNote) values (188, 99, 318, 'Konzumacija', 59, '6/4/2020', 3, '12th Floor', 'error: undefined method `/'' for nil:NilClass');
insert into Bills (BillId, CustomerId, RestaurantId, OrderType, EmployeeId, DeliveryTime, DeliveryStars, Adress, UserNote) values (189, 37, 359, 'Dostava', 85, '9/7/2023', 1, '5th Floor', 'error: undefined method `/'' for nil:NilClass');
insert into Bills (BillId, CustomerId, RestaurantId, OrderType, EmployeeId, DeliveryTime, DeliveryStars, Adress, UserNote) values (190, 16, 30, 'Konzumacija', 85, '12/27/2020', 5, 'PO Box 12746', 'error: undefined method `/'' for nil:NilClass');
insert into Bills (BillId, CustomerId, RestaurantId, OrderType, EmployeeId, DeliveryTime, DeliveryStars, Adress, UserNote) values (191, 82, 63, 'Konzumacija', 95, '1/25/2021', 5, 'PO Box 38969', 'error: undefined method `/'' for nil:NilClass');
insert into Bills (BillId, CustomerId, RestaurantId, OrderType, EmployeeId, DeliveryTime, DeliveryStars, Adress, UserNote) values (192, 86, 50, 'Konzumacija', 92, '1/30/2023', 2, '20th Floor', 'error: undefined method `/'' for nil:NilClass');
insert into Bills (BillId, CustomerId, RestaurantId, OrderType, EmployeeId, DeliveryTime, DeliveryStars, Adress, UserNote) values (193, 22, 349, 'Dostava', 12, '6/4/2022', 3, 'Apt 450', 'error: undefined method `/'' for nil:NilClass');
insert into Bills (BillId, CustomerId, RestaurantId, OrderType, EmployeeId, DeliveryTime, DeliveryStars, Adress, UserNote) values (194, 149, 316, 'Dostava', 32, '6/4/2022', 4, '18th Floor', 'error: undefined method `/'' for nil:NilClass');
insert into Bills (BillId, CustomerId, RestaurantId, OrderType, EmployeeId, DeliveryTime, DeliveryStars, Adress, UserNote) values (195, 135, 91, 'Konzumacija', 100, '2/16/2022', 4, 'Room 971', 'error: undefined method `/'' for nil:NilClass');
insert into Bills (BillId, CustomerId, RestaurantId, OrderType, EmployeeId, DeliveryTime, DeliveryStars, Adress, UserNote) values (196, 164, 155, 'Konzumacija', 81, '5/4/2023', 1, 'Room 1222', 'error: undefined method `/'' for nil:NilClass');
insert into Bills (BillId, CustomerId, RestaurantId, OrderType, EmployeeId, DeliveryTime, DeliveryStars, Adress, UserNote) values (197, 80, 269, 'Dostava', 35, '9/26/2023', 3, 'PO Box 31773', 'error: undefined method `/'' for nil:NilClass');
insert into Bills (BillId, CustomerId, RestaurantId, OrderType, EmployeeId, DeliveryTime, DeliveryStars, Adress, UserNote) values (198, 5, 277, 'Dostava', 181, '11/14/2024', 3, 'Room 1229', 'error: undefined method `/'' for nil:NilClass');
insert into Bills (BillId, CustomerId, RestaurantId, OrderType, EmployeeId, DeliveryTime, DeliveryStars, Adress, UserNote) values (199, 247, 275, 'Dostava', 41, '10/11/2022', 3, 'PO Box 64657', 'error: undefined method `/'' for nil:NilClass');
insert into Bills (BillId, CustomerId, RestaurantId, OrderType, EmployeeId, DeliveryTime, DeliveryStars, Adress, UserNote) values (200, 37, 319, 'Dostava', 90, '6/12/2022', 1, 'Apt 62', 'error: undefined method `/'' for nil:NilClass');
insert into Bills (BillId, CustomerId, RestaurantId, OrderType, EmployeeId, DeliveryTime, DeliveryStars, Adress, UserNote) values (201, 291, 184, 'Dostava', 101, '4/7/2024', 1, 'Room 1559', 'error: undefined method `/'' for nil:NilClass');
insert into Bills (BillId, CustomerId, RestaurantId, OrderType, EmployeeId, DeliveryTime, DeliveryStars, Adress, UserNote) values (202, 147, 145, 'Dostava', 28, '8/13/2022', 2, 'Suite 18', 'error: undefined method `/'' for nil:NilClass');
insert into Bills (BillId, CustomerId, RestaurantId, OrderType, EmployeeId, DeliveryTime, DeliveryStars, Adress, UserNote) values (203, 2, 386, 'Dostava', 104, '6/27/2020', 5, 'PO Box 54252', 'error: undefined method `/'' for nil:NilClass');
insert into Bills (BillId, CustomerId, RestaurantId, OrderType, EmployeeId, DeliveryTime, DeliveryStars, Adress, UserNote) values (204, 293, 103, 'Dostava', 92, '2/16/2023', 2, 'Suite 100', 'error: undefined method `/'' for nil:NilClass');
insert into Bills (BillId, CustomerId, RestaurantId, OrderType, EmployeeId, DeliveryTime, DeliveryStars, Adress, UserNote) values (205, 119, 54, 'Konzumacija', 10, '6/1/2022', 3, 'Room 1585', 'error: undefined method `/'' for nil:NilClass');
insert into Bills (BillId, CustomerId, RestaurantId, OrderType, EmployeeId, DeliveryTime, DeliveryStars, Adress, UserNote) values (206, 2, 149, 'Dostava', 101, '5/19/2020', 5, '3rd Floor', 'error: undefined method `/'' for nil:NilClass');
insert into Bills (BillId, CustomerId, RestaurantId, OrderType, EmployeeId, DeliveryTime, DeliveryStars, Adress, UserNote) values (207, 85, 228, 'Dostava', 96, '7/24/2024', 4, 'Apt 673', 'error: undefined method `/'' for nil:NilClass');
insert into Bills (BillId, CustomerId, RestaurantId, OrderType, EmployeeId, DeliveryTime, DeliveryStars, Adress, UserNote) values (208, 237, 37, 'Konzumacija', 96, '4/3/2020', 4, 'Apt 180', 'error: undefined method `/'' for nil:NilClass');
insert into Bills (BillId, CustomerId, RestaurantId, OrderType, EmployeeId, DeliveryTime, DeliveryStars, Adress, UserNote) values (209, 11, 155, 'Dostava', 95, '2/11/2021', 1, 'PO Box 19862', 'error: undefined method `/'' for nil:NilClass');
insert into Bills (BillId, CustomerId, RestaurantId, OrderType, EmployeeId, DeliveryTime, DeliveryStars, Adress, UserNote) values (210, 33, 133, 'Konzumacija', 66, '8/30/2023', 5, 'Suite 10', 'error: undefined method `/'' for nil:NilClass');
insert into Bills (BillId, CustomerId, RestaurantId, OrderType, EmployeeId, DeliveryTime, DeliveryStars, Adress, UserNote) values (211, 90, 263, 'Konzumacija', 147, '11/12/2022', 1, 'Suite 48', 'error: undefined method `/'' for nil:NilClass');
insert into Bills (BillId, CustomerId, RestaurantId, OrderType, EmployeeId, DeliveryTime, DeliveryStars, Adress, UserNote) values (212, 241, 341, 'Dostava', 88, '5/6/2022', 2, 'Suite 89', 'error: undefined method `/'' for nil:NilClass');
insert into Bills (BillId, CustomerId, RestaurantId, OrderType, EmployeeId, DeliveryTime, DeliveryStars, Adress, UserNote) values (213, 74, 66, 'Konzumacija', 127, '11/4/2024', 1, 'Apt 805', 'error: undefined method `/'' for nil:NilClass');
insert into Bills (BillId, CustomerId, RestaurantId, OrderType, EmployeeId, DeliveryTime, DeliveryStars, Adress, UserNote) values (214, 216, 396, 'Dostava', 151, '10/16/2021', 5, '4th Floor', 'error: undefined method `/'' for nil:NilClass');
insert into Bills (BillId, CustomerId, RestaurantId, OrderType, EmployeeId, DeliveryTime, DeliveryStars, Adress, UserNote) values (215, 103, 52, 'Konzumacija', 25, '7/25/2020', 1, 'Room 1073', 'error: undefined method `/'' for nil:NilClass');
insert into Bills (BillId, CustomerId, RestaurantId, OrderType, EmployeeId, DeliveryTime, DeliveryStars, Adress, UserNote) values (216, 71, 88, 'Konzumacija', 48, '5/10/2022', 3, 'Room 1722', 'error: undefined method `/'' for nil:NilClass');
insert into Bills (BillId, CustomerId, RestaurantId, OrderType, EmployeeId, DeliveryTime, DeliveryStars, Adress, UserNote) values (217, 44, 393, 'Dostava', 166, '3/7/2022', 2, '14th Floor', 'error: undefined method `/'' for nil:NilClass');
insert into Bills (BillId, CustomerId, RestaurantId, OrderType, EmployeeId, DeliveryTime, DeliveryStars, Adress, UserNote) values (218, 3, 258, 'Konzumacija', 199, '11/5/2022', 3, 'Apt 1075', 'error: undefined method `/'' for nil:NilClass');
insert into Bills (BillId, CustomerId, RestaurantId, OrderType, EmployeeId, DeliveryTime, DeliveryStars, Adress, UserNote) values (219, 18, 241, 'Dostava', 177, '8/7/2024', 1, 'PO Box 20529', 'error: undefined method `/'' for nil:NilClass');
insert into Bills (BillId, CustomerId, RestaurantId, OrderType, EmployeeId, DeliveryTime, DeliveryStars, Adress, UserNote) values (220, 93, 129, 'Dostava', 12, '5/19/2022', 5, 'PO Box 88381', 'error: undefined method `/'' for nil:NilClass');
insert into Bills (BillId, CustomerId, RestaurantId, OrderType, EmployeeId, DeliveryTime, DeliveryStars, Adress, UserNote) values (221, 42, 269, 'Konzumacija', 24, '10/13/2020', 1, 'Room 380', 'error: undefined method `/'' for nil:NilClass');
insert into Bills (BillId, CustomerId, RestaurantId, OrderType, EmployeeId, DeliveryTime, DeliveryStars, Adress, UserNote) values (222, 69, 370, 'Dostava', 102, '5/28/2020', 3, 'Apt 220', 'error: undefined method `/'' for nil:NilClass');
insert into Bills (BillId, CustomerId, RestaurantId, OrderType, EmployeeId, DeliveryTime, DeliveryStars, Adress, UserNote) values (223, 283, 131, 'Dostava', 53, '9/18/2022', 5, 'Suite 61', 'error: undefined method `/'' for nil:NilClass');
insert into Bills (BillId, CustomerId, RestaurantId, OrderType, EmployeeId, DeliveryTime, DeliveryStars, Adress, UserNote) values (224, 39, 46, 'Konzumacija', 138, '11/1/2021', 5, '4th Floor', 'error: undefined method `/'' for nil:NilClass');
insert into Bills (BillId, CustomerId, RestaurantId, OrderType, EmployeeId, DeliveryTime, DeliveryStars, Adress, UserNote) values (225, 109, 146, 'Konzumacija', 74, '12/8/2023', 3, 'Room 162', 'error: undefined method `/'' for nil:NilClass');
insert into Bills (BillId, CustomerId, RestaurantId, OrderType, EmployeeId, DeliveryTime, DeliveryStars, Adress, UserNote) values (226, 120, 356, 'Dostava', 50, '6/19/2023', 3, '18th Floor', 'error: undefined method `/'' for nil:NilClass');
insert into Bills (BillId, CustomerId, RestaurantId, OrderType, EmployeeId, DeliveryTime, DeliveryStars, Adress, UserNote) values (227, 298, 393, 'Konzumacija', 18, '1/5/2024', 5, 'Suite 32', 'error: undefined method `/'' for nil:NilClass');
insert into Bills (BillId, CustomerId, RestaurantId, OrderType, EmployeeId, DeliveryTime, DeliveryStars, Adress, UserNote) values (228, 143, 77, 'Konzumacija', 152, '9/27/2024', 2, 'Room 1528', 'error: undefined method `/'' for nil:NilClass');
insert into Bills (BillId, CustomerId, RestaurantId, OrderType, EmployeeId, DeliveryTime, DeliveryStars, Adress, UserNote) values (229, 242, 323, 'Konzumacija', 44, '11/23/2022', 4, 'Suite 19', 'error: undefined method `/'' for nil:NilClass');
insert into Bills (BillId, CustomerId, RestaurantId, OrderType, EmployeeId, DeliveryTime, DeliveryStars, Adress, UserNote) values (230, 269, 244, 'Konzumacija', 10, '12/16/2021', 1, 'Apt 1506', 'error: undefined method `/'' for nil:NilClass');
insert into Bills (BillId, CustomerId, RestaurantId, OrderType, EmployeeId, DeliveryTime, DeliveryStars, Adress, UserNote) values (231, 226, 351, 'Konzumacija', 8, '2/26/2020', 4, 'PO Box 75701', 'error: undefined method `/'' for nil:NilClass');
insert into Bills (BillId, CustomerId, RestaurantId, OrderType, EmployeeId, DeliveryTime, DeliveryStars, Adress, UserNote) values (232, 187, 48, 'Konzumacija', 26, '10/16/2024', 5, 'Apt 543', 'error: undefined method `/'' for nil:NilClass');
insert into Bills (BillId, CustomerId, RestaurantId, OrderType, EmployeeId, DeliveryTime, DeliveryStars, Adress, UserNote) values (233, 88, 144, 'Konzumacija', 110, '3/19/2022', 4, 'PO Box 87893', 'error: undefined method `/'' for nil:NilClass');
insert into Bills (BillId, CustomerId, RestaurantId, OrderType, EmployeeId, DeliveryTime, DeliveryStars, Adress, UserNote) values (234, 143, 285, 'Konzumacija', 79, '8/15/2022', 5, 'Room 1213', 'error: undefined method `/'' for nil:NilClass');
insert into Bills (BillId, CustomerId, RestaurantId, OrderType, EmployeeId, DeliveryTime, DeliveryStars, Adress, UserNote) values (235, 238, 62, 'Dostava', 25, '1/1/2021', 2, 'Suite 28', 'error: undefined method `/'' for nil:NilClass');
insert into Bills (BillId, CustomerId, RestaurantId, OrderType, EmployeeId, DeliveryTime, DeliveryStars, Adress, UserNote) values (236, 293, 313, 'Konzumacija', 150, '10/22/2020', 5, 'Room 978', 'error: undefined method `/'' for nil:NilClass');
insert into Bills (BillId, CustomerId, RestaurantId, OrderType, EmployeeId, DeliveryTime, DeliveryStars, Adress, UserNote) values (237, 185, 230, 'Dostava', 41, '11/24/2020', 5, 'PO Box 91484', 'error: undefined method `/'' for nil:NilClass');
insert into Bills (BillId, CustomerId, RestaurantId, OrderType, EmployeeId, DeliveryTime, DeliveryStars, Adress, UserNote) values (238, 254, 186, 'Konzumacija', 98, '6/2/2022', 5, 'Room 1980', 'error: undefined method `/'' for nil:NilClass');
insert into Bills (BillId, CustomerId, RestaurantId, OrderType, EmployeeId, DeliveryTime, DeliveryStars, Adress, UserNote) values (239, 215, 364, 'Dostava', 38, '3/9/2021', 4, 'Suite 46', 'error: undefined method `/'' for nil:NilClass');
insert into Bills (BillId, CustomerId, RestaurantId, OrderType, EmployeeId, DeliveryTime, DeliveryStars, Adress, UserNote) values (240, 213, 73, 'Dostava', 105, '1/23/2022', 3, 'Apt 1040', 'error: undefined method `/'' for nil:NilClass');
insert into Bills (BillId, CustomerId, RestaurantId, OrderType, EmployeeId, DeliveryTime, DeliveryStars, Adress, UserNote) values (241, 292, 267, 'Konzumacija', 50, '4/21/2022', 3, 'Room 1729', 'error: undefined method `/'' for nil:NilClass');
insert into Bills (BillId, CustomerId, RestaurantId, OrderType, EmployeeId, DeliveryTime, DeliveryStars, Adress, UserNote) values (242, 42, 230, 'Dostava', 28, '8/26/2020', 1, 'PO Box 75713', 'error: undefined method `/'' for nil:NilClass');
insert into Bills (BillId, CustomerId, RestaurantId, OrderType, EmployeeId, DeliveryTime, DeliveryStars, Adress, UserNote) values (243, 139, 135, 'Konzumacija', 177, '8/15/2024', 2, 'Room 690', 'error: undefined method `/'' for nil:NilClass');
insert into Bills (BillId, CustomerId, RestaurantId, OrderType, EmployeeId, DeliveryTime, DeliveryStars, Adress, UserNote) values (244, 46, 122, 'Konzumacija', 111, '11/26/2020', 3, '4th Floor', 'error: undefined method `/'' for nil:NilClass');
insert into Bills (BillId, CustomerId, RestaurantId, OrderType, EmployeeId, DeliveryTime, DeliveryStars, Adress, UserNote) values (245, 23, 364, 'Dostava', 76, '5/31/2020', 1, '11th Floor', 'error: undefined method `/'' for nil:NilClass');
insert into Bills (BillId, CustomerId, RestaurantId, OrderType, EmployeeId, DeliveryTime, DeliveryStars, Adress, UserNote) values (246, 92, 16, 'Dostava', 41, '7/2/2023', 4, 'PO Box 83751', 'error: undefined method `/'' for nil:NilClass');
insert into Bills (BillId, CustomerId, RestaurantId, OrderType, EmployeeId, DeliveryTime, DeliveryStars, Adress, UserNote) values (247, 274, 95, 'Dostava', 172, '8/19/2023', 5, 'Suite 68', 'error: undefined method `/'' for nil:NilClass');
insert into Bills (BillId, CustomerId, RestaurantId, OrderType, EmployeeId, DeliveryTime, DeliveryStars, Adress, UserNote) values (248, 174, 173, 'Konzumacija', 85, '3/2/2021', 1, 'Room 840', 'error: undefined method `/'' for nil:NilClass');
insert into Bills (BillId, CustomerId, RestaurantId, OrderType, EmployeeId, DeliveryTime, DeliveryStars, Adress, UserNote) values (249, 158, 258, 'Dostava', 189, '11/23/2021', 1, 'Apt 1310', 'error: undefined method `/'' for nil:NilClass');
insert into Bills (BillId, CustomerId, RestaurantId, OrderType, EmployeeId, DeliveryTime, DeliveryStars, Adress, UserNote) values (250, 263, 363, 'Konzumacija', 57, '8/21/2022', 2, 'Room 1834', 'error: undefined method `/'' for nil:NilClass');
insert into Bills (BillId, CustomerId, RestaurantId, OrderType, EmployeeId, DeliveryTime, DeliveryStars, Adress, UserNote) values (251, 62, 59, 'Konzumacija', 79, '7/31/2020', 1, 'PO Box 43345', 'error: undefined method `/'' for nil:NilClass');
insert into Bills (BillId, CustomerId, RestaurantId, OrderType, EmployeeId, DeliveryTime, DeliveryStars, Adress, UserNote) values (252, 115, 68, 'Dostava', 136, '11/18/2020', 3, 'PO Box 93045', 'error: undefined method `/'' for nil:NilClass');
insert into Bills (BillId, CustomerId, RestaurantId, OrderType, EmployeeId, DeliveryTime, DeliveryStars, Adress, UserNote) values (253, 244, 126, 'Konzumacija', 90, '12/16/2022', 2, '3rd Floor', 'error: undefined method `/'' for nil:NilClass');
insert into Bills (BillId, CustomerId, RestaurantId, OrderType, EmployeeId, DeliveryTime, DeliveryStars, Adress, UserNote) values (254, 227, 256, 'Konzumacija', 80, '12/5/2020', 2, 'PO Box 74482', 'error: undefined method `/'' for nil:NilClass');
insert into Bills (BillId, CustomerId, RestaurantId, OrderType, EmployeeId, DeliveryTime, DeliveryStars, Adress, UserNote) values (255, 293, 76, 'Konzumacija', 34, '6/27/2020', 2, 'Room 569', 'error: undefined method `/'' for nil:NilClass');
insert into Bills (BillId, CustomerId, RestaurantId, OrderType, EmployeeId, DeliveryTime, DeliveryStars, Adress, UserNote) values (256, 225, 380, 'Konzumacija', 133, '1/24/2024', 2, '1st Floor', 'error: undefined method `/'' for nil:NilClass');
insert into Bills (BillId, CustomerId, RestaurantId, OrderType, EmployeeId, DeliveryTime, DeliveryStars, Adress, UserNote) values (257, 294, 336, 'Dostava', 165, '9/30/2022', 3, 'PO Box 65994', 'error: undefined method `/'' for nil:NilClass');
insert into Bills (BillId, CustomerId, RestaurantId, OrderType, EmployeeId, DeliveryTime, DeliveryStars, Adress, UserNote) values (258, 252, 102, 'Dostava', 177, '11/28/2021', 2, 'Room 771', 'error: undefined method `/'' for nil:NilClass');
insert into Bills (BillId, CustomerId, RestaurantId, OrderType, EmployeeId, DeliveryTime, DeliveryStars, Adress, UserNote) values (259, 209, 151, 'Dostava', 58, '4/17/2021', 3, 'Room 1685', 'error: undefined method `/'' for nil:NilClass');
insert into Bills (BillId, CustomerId, RestaurantId, OrderType, EmployeeId, DeliveryTime, DeliveryStars, Adress, UserNote) values (260, 233, 261, 'Konzumacija', 48, '4/17/2023', 3, 'Apt 1493', 'error: undefined method `/'' for nil:NilClass');
insert into Bills (BillId, CustomerId, RestaurantId, OrderType, EmployeeId, DeliveryTime, DeliveryStars, Adress, UserNote) values (261, 282, 4, 'Dostava', 36, '8/27/2022', 5, 'Room 72', 'error: undefined method `/'' for nil:NilClass');
insert into Bills (BillId, CustomerId, RestaurantId, OrderType, EmployeeId, DeliveryTime, DeliveryStars, Adress, UserNote) values (262, 54, 165, 'Dostava', 104, '7/21/2020', 5, '2nd Floor', 'error: undefined method `/'' for nil:NilClass');
insert into Bills (BillId, CustomerId, RestaurantId, OrderType, EmployeeId, DeliveryTime, DeliveryStars, Adress, UserNote) values (263, 240, 243, 'Dostava', 193, '8/3/2021', 4, 'Suite 95', 'error: undefined method `/'' for nil:NilClass');
insert into Bills (BillId, CustomerId, RestaurantId, OrderType, EmployeeId, DeliveryTime, DeliveryStars, Adress, UserNote) values (264, 49, 147, 'Dostava', 97, '7/22/2021', 2, 'PO Box 18166', 'error: undefined method `/'' for nil:NilClass');
insert into Bills (BillId, CustomerId, RestaurantId, OrderType, EmployeeId, DeliveryTime, DeliveryStars, Adress, UserNote) values (265, 125, 111, 'Konzumacija', 55, '8/2/2021', 2, 'Apt 1738', 'error: undefined method `/'' for nil:NilClass');
insert into Bills (BillId, CustomerId, RestaurantId, OrderType, EmployeeId, DeliveryTime, DeliveryStars, Adress, UserNote) values (266, 271, 8, 'Konzumacija', 71, '8/23/2020', 2, '9th Floor', 'error: undefined method `/'' for nil:NilClass');
insert into Bills (BillId, CustomerId, RestaurantId, OrderType, EmployeeId, DeliveryTime, DeliveryStars, Adress, UserNote) values (267, 240, 3, 'Dostava', 115, '4/29/2023', 1, '19th Floor', 'error: undefined method `/'' for nil:NilClass');
insert into Bills (BillId, CustomerId, RestaurantId, OrderType, EmployeeId, DeliveryTime, DeliveryStars, Adress, UserNote) values (268, 226, 216, 'Konzumacija', 128, '4/22/2020', 3, 'Suite 85', 'error: undefined method `/'' for nil:NilClass');
insert into Bills (BillId, CustomerId, RestaurantId, OrderType, EmployeeId, DeliveryTime, DeliveryStars, Adress, UserNote) values (269, 76, 366, 'Konzumacija', 149, '1/1/2021', 2, 'Room 564', 'error: undefined method `/'' for nil:NilClass');
insert into Bills (BillId, CustomerId, RestaurantId, OrderType, EmployeeId, DeliveryTime, DeliveryStars, Adress, UserNote) values (270, 139, 303, 'Dostava', 56, '2/16/2022', 5, '8th Floor', 'error: undefined method `/'' for nil:NilClass');
insert into Bills (BillId, CustomerId, RestaurantId, OrderType, EmployeeId, DeliveryTime, DeliveryStars, Adress, UserNote) values (271, 176, 3, 'Dostava', 184, '12/15/2020', 2, 'Apt 1785', 'error: undefined method `/'' for nil:NilClass');
insert into Bills (BillId, CustomerId, RestaurantId, OrderType, EmployeeId, DeliveryTime, DeliveryStars, Adress, UserNote) values (272, 130, 207, 'Dostava', 68, '8/26/2020', 2, '18th Floor', 'error: undefined method `/'' for nil:NilClass');
insert into Bills (BillId, CustomerId, RestaurantId, OrderType, EmployeeId, DeliveryTime, DeliveryStars, Adress, UserNote) values (273, 118, 191, 'Dostava', 53, '10/11/2022', 4, '13th Floor', 'error: undefined method `/'' for nil:NilClass');
insert into Bills (BillId, CustomerId, RestaurantId, OrderType, EmployeeId, DeliveryTime, DeliveryStars, Adress, UserNote) values (274, 245, 390, 'Konzumacija', 117, '3/20/2023', 4, 'Suite 9', 'error: undefined method `/'' for nil:NilClass');
insert into Bills (BillId, CustomerId, RestaurantId, OrderType, EmployeeId, DeliveryTime, DeliveryStars, Adress, UserNote) values (275, 268, 337, 'Dostava', 112, '2/10/2021', 1, 'Room 1938', 'error: undefined method `/'' for nil:NilClass');
insert into Bills (BillId, CustomerId, RestaurantId, OrderType, EmployeeId, DeliveryTime, DeliveryStars, Adress, UserNote) values (276, 179, 292, 'Konzumacija', 160, '11/12/2022', 1, 'Apt 460', 'error: undefined method `/'' for nil:NilClass');
insert into Bills (BillId, CustomerId, RestaurantId, OrderType, EmployeeId, DeliveryTime, DeliveryStars, Adress, UserNote) values (277, 272, 147, 'Dostava', 176, '10/24/2023', 1, '19th Floor', 'error: undefined method `/'' for nil:NilClass');
insert into Bills (BillId, CustomerId, RestaurantId, OrderType, EmployeeId, DeliveryTime, DeliveryStars, Adress, UserNote) values (278, 62, 131, 'Konzumacija', 32, '7/25/2021', 4, 'PO Box 13880', 'error: undefined method `/'' for nil:NilClass');
insert into Bills (BillId, CustomerId, RestaurantId, OrderType, EmployeeId, DeliveryTime, DeliveryStars, Adress, UserNote) values (279, 214, 253, 'Konzumacija', 44, '6/26/2021', 1, 'Room 1366', 'error: undefined method `/'' for nil:NilClass');
insert into Bills (BillId, CustomerId, RestaurantId, OrderType, EmployeeId, DeliveryTime, DeliveryStars, Adress, UserNote) values (280, 4, 77, 'Konzumacija', 27, '7/15/2024', 1, '12th Floor', 'error: undefined method `/'' for nil:NilClass');
insert into Bills (BillId, CustomerId, RestaurantId, OrderType, EmployeeId, DeliveryTime, DeliveryStars, Adress, UserNote) values (281, 143, 197, 'Konzumacija', 30, '3/17/2021', 4, 'PO Box 25051', 'error: undefined method `/'' for nil:NilClass');
insert into Bills (BillId, CustomerId, RestaurantId, OrderType, EmployeeId, DeliveryTime, DeliveryStars, Adress, UserNote) values (282, 223, 266, 'Dostava', 189, '6/26/2022', 4, 'Apt 794', 'error: undefined method `/'' for nil:NilClass');
insert into Bills (BillId, CustomerId, RestaurantId, OrderType, EmployeeId, DeliveryTime, DeliveryStars, Adress, UserNote) values (283, 195, 157, 'Konzumacija', 17, '9/16/2022', 5, '10th Floor', 'error: undefined method `/'' for nil:NilClass');
insert into Bills (BillId, CustomerId, RestaurantId, OrderType, EmployeeId, DeliveryTime, DeliveryStars, Adress, UserNote) values (284, 38, 151, 'Dostava', 117, '2/24/2020', 2, '18th Floor', 'error: undefined method `/'' for nil:NilClass');
insert into Bills (BillId, CustomerId, RestaurantId, OrderType, EmployeeId, DeliveryTime, DeliveryStars, Adress, UserNote) values (285, 251, 123, 'Konzumacija', 9, '4/29/2023', 5, 'PO Box 46421', 'error: undefined method `/'' for nil:NilClass');
insert into Bills (BillId, CustomerId, RestaurantId, OrderType, EmployeeId, DeliveryTime, DeliveryStars, Adress, UserNote) values (286, 158, 261, 'Dostava', 160, '9/21/2021', 1, 'Suite 94', 'error: undefined method `/'' for nil:NilClass');
insert into Bills (BillId, CustomerId, RestaurantId, OrderType, EmployeeId, DeliveryTime, DeliveryStars, Adress, UserNote) values (287, 145, 133, 'Konzumacija', 190, '5/11/2020', 2, 'PO Box 82248', 'error: undefined method `/'' for nil:NilClass');
insert into Bills (BillId, CustomerId, RestaurantId, OrderType, EmployeeId, DeliveryTime, DeliveryStars, Adress, UserNote) values (288, 114, 33, 'Dostava', 180, '12/19/2024', 3, 'Room 118', 'error: undefined method `/'' for nil:NilClass');
insert into Bills (BillId, CustomerId, RestaurantId, OrderType, EmployeeId, DeliveryTime, DeliveryStars, Adress, UserNote) values (289, 38, 257, 'Dostava', 185, '8/27/2021', 4, 'PO Box 18823', 'error: undefined method `/'' for nil:NilClass');
insert into Bills (BillId, CustomerId, RestaurantId, OrderType, EmployeeId, DeliveryTime, DeliveryStars, Adress, UserNote) values (290, 272, 344, 'Konzumacija', 110, '1/19/2024', 1, 'Suite 77', 'error: undefined method `/'' for nil:NilClass');
insert into Bills (BillId, CustomerId, RestaurantId, OrderType, EmployeeId, DeliveryTime, DeliveryStars, Adress, UserNote) values (291, 98, 381, 'Konzumacija', 110, '8/14/2020', 1, '16th Floor', 'error: undefined method `/'' for nil:NilClass');
insert into Bills (BillId, CustomerId, RestaurantId, OrderType, EmployeeId, DeliveryTime, DeliveryStars, Adress, UserNote) values (292, 235, 106, 'Dostava', 30, '5/19/2020', 2, 'Suite 53', 'error: undefined method `/'' for nil:NilClass');
insert into Bills (BillId, CustomerId, RestaurantId, OrderType, EmployeeId, DeliveryTime, DeliveryStars, Adress, UserNote) values (293, 249, 144, 'Dostava', 179, '2/13/2024', 2, '15th Floor', 'error: undefined method `/'' for nil:NilClass');
insert into Bills (BillId, CustomerId, RestaurantId, OrderType, EmployeeId, DeliveryTime, DeliveryStars, Adress, UserNote) values (294, 198, 285, 'Dostava', 192, '11/18/2022', 2, 'Room 836', 'error: undefined method `/'' for nil:NilClass');
insert into Bills (BillId, CustomerId, RestaurantId, OrderType, EmployeeId, DeliveryTime, DeliveryStars, Adress, UserNote) values (295, 268, 235, 'Dostava', 5, '9/20/2022', 4, 'Suite 84', 'error: undefined method `/'' for nil:NilClass');
insert into Bills (BillId, CustomerId, RestaurantId, OrderType, EmployeeId, DeliveryTime, DeliveryStars, Adress, UserNote) values (296, 213, 9, 'Dostava', 99, '12/3/2024', 4, '4th Floor', 'error: undefined method `/'' for nil:NilClass');
insert into Bills (BillId, CustomerId, RestaurantId, OrderType, EmployeeId, DeliveryTime, DeliveryStars, Adress, UserNote) values (297, 73, 74, 'Konzumacija', 26, '12/11/2021', 3, 'Suite 79', 'error: undefined method `/'' for nil:NilClass');
insert into Bills (BillId, CustomerId, RestaurantId, OrderType, EmployeeId, DeliveryTime, DeliveryStars, Adress, UserNote) values (298, 25, 165, 'Konzumacija', 17, '11/13/2022', 1, '7th Floor', 'error: undefined method `/'' for nil:NilClass');
insert into Bills (BillId, CustomerId, RestaurantId, OrderType, EmployeeId, DeliveryTime, DeliveryStars, Adress, UserNote) values (299, 300, 333, 'Dostava', 44, '8/22/2021', 1, 'PO Box 2510', 'error: undefined method `/'' for nil:NilClass');
insert into Bills (BillId, CustomerId, RestaurantId, OrderType, EmployeeId, DeliveryTime, DeliveryStars, Adress, UserNote) values (300, 131, 235, 'Konzumacija', 1, '1/28/2022', 2, 'Room 907', 'error: undefined method `/'' for nil:NilClass');
insert into Bills (BillId, CustomerId, RestaurantId, OrderType, EmployeeId, DeliveryTime, DeliveryStars, Adress, UserNote) values (301, 153, 158, 'Dostava', 170, '6/29/2020', 4, 'Apt 522', 'error: undefined method `/'' for nil:NilClass');
insert into Bills (BillId, CustomerId, RestaurantId, OrderType, EmployeeId, DeliveryTime, DeliveryStars, Adress, UserNote) values (302, 91, 211, 'Konzumacija', 197, '7/24/2020', 5, 'Apt 626', 'error: undefined method `/'' for nil:NilClass');
insert into Bills (BillId, CustomerId, RestaurantId, OrderType, EmployeeId, DeliveryTime, DeliveryStars, Adress, UserNote) values (303, 225, 193, 'Konzumacija', 160, '8/14/2020', 2, 'PO Box 75330', 'error: undefined method `/'' for nil:NilClass');
insert into Bills (BillId, CustomerId, RestaurantId, OrderType, EmployeeId, DeliveryTime, DeliveryStars, Adress, UserNote) values (304, 27, 209, 'Dostava', 60, '1/14/2023', 2, 'Apt 1969', 'error: undefined method `/'' for nil:NilClass');
insert into Bills (BillId, CustomerId, RestaurantId, OrderType, EmployeeId, DeliveryTime, DeliveryStars, Adress, UserNote) values (305, 11, 182, 'Dostava', 132, '6/16/2022', 3, 'Room 1225', 'error: undefined method `/'' for nil:NilClass');
insert into Bills (BillId, CustomerId, RestaurantId, OrderType, EmployeeId, DeliveryTime, DeliveryStars, Adress, UserNote) values (306, 124, 17, 'Konzumacija', 152, '10/4/2021', 1, 'Suite 35', 'error: undefined method `/'' for nil:NilClass');
insert into Bills (BillId, CustomerId, RestaurantId, OrderType, EmployeeId, DeliveryTime, DeliveryStars, Adress, UserNote) values (307, 235, 27, 'Dostava', 22, '8/24/2024', 5, 'Apt 1185', 'error: undefined method `/'' for nil:NilClass');
insert into Bills (BillId, CustomerId, RestaurantId, OrderType, EmployeeId, DeliveryTime, DeliveryStars, Adress, UserNote) values (308, 117, 9, 'Konzumacija', 51, '6/18/2022', 3, 'Room 890', 'error: undefined method `/'' for nil:NilClass');
insert into Bills (BillId, CustomerId, RestaurantId, OrderType, EmployeeId, DeliveryTime, DeliveryStars, Adress, UserNote) values (309, 178, 299, 'Konzumacija', 14, '7/31/2021', 5, 'Apt 1195', 'error: undefined method `/'' for nil:NilClass');
insert into Bills (BillId, CustomerId, RestaurantId, OrderType, EmployeeId, DeliveryTime, DeliveryStars, Adress, UserNote) values (310, 212, 300, 'Dostava', 162, '7/28/2021', 2, 'Apt 896', 'error: undefined method `/'' for nil:NilClass');
insert into Bills (BillId, CustomerId, RestaurantId, OrderType, EmployeeId, DeliveryTime, DeliveryStars, Adress, UserNote) values (311, 125, 284, 'Dostava', 107, '9/14/2020', 4, '19th Floor', 'error: undefined method `/'' for nil:NilClass');
insert into Bills (BillId, CustomerId, RestaurantId, OrderType, EmployeeId, DeliveryTime, DeliveryStars, Adress, UserNote) values (312, 142, 388, 'Konzumacija', 91, '9/6/2020', 5, 'Suite 48', 'error: undefined method `/'' for nil:NilClass');
insert into Bills (BillId, CustomerId, RestaurantId, OrderType, EmployeeId, DeliveryTime, DeliveryStars, Adress, UserNote) values (313, 228, 183, 'Dostava', 16, '9/27/2020', 1, 'Room 795', 'error: undefined method `/'' for nil:NilClass');
insert into Bills (BillId, CustomerId, RestaurantId, OrderType, EmployeeId, DeliveryTime, DeliveryStars, Adress, UserNote) values (314, 271, 97, 'Konzumacija', 174, '11/25/2024', 3, 'PO Box 48349', 'error: undefined method `/'' for nil:NilClass');
insert into Bills (BillId, CustomerId, RestaurantId, OrderType, EmployeeId, DeliveryTime, DeliveryStars, Adress, UserNote) values (315, 135, 368, 'Konzumacija', 188, '10/20/2023', 3, 'PO Box 76683', 'error: undefined method `/'' for nil:NilClass');
insert into Bills (BillId, CustomerId, RestaurantId, OrderType, EmployeeId, DeliveryTime, DeliveryStars, Adress, UserNote) values (316, 59, 341, 'Konzumacija', 194, '8/11/2024', 1, 'Apt 1854', 'error: undefined method `/'' for nil:NilClass');
insert into Bills (BillId, CustomerId, RestaurantId, OrderType, EmployeeId, DeliveryTime, DeliveryStars, Adress, UserNote) values (317, 286, 358, 'Konzumacija', 52, '11/24/2024', 4, 'PO Box 54625', 'error: undefined method `/'' for nil:NilClass');
insert into Bills (BillId, CustomerId, RestaurantId, OrderType, EmployeeId, DeliveryTime, DeliveryStars, Adress, UserNote) values (318, 217, 58, 'Dostava', 195, '12/3/2021', 2, 'PO Box 9715', 'error: undefined method `/'' for nil:NilClass');
insert into Bills (BillId, CustomerId, RestaurantId, OrderType, EmployeeId, DeliveryTime, DeliveryStars, Adress, UserNote) values (319, 261, 365, 'Konzumacija', 131, '8/26/2021', 5, 'PO Box 20904', 'error: undefined method `/'' for nil:NilClass');
insert into Bills (BillId, CustomerId, RestaurantId, OrderType, EmployeeId, DeliveryTime, DeliveryStars, Adress, UserNote) values (320, 164, 11, 'Konzumacija', 82, '6/20/2022', 2, 'Apt 141', 'error: undefined method `/'' for nil:NilClass');
insert into Bills (BillId, CustomerId, RestaurantId, OrderType, EmployeeId, DeliveryTime, DeliveryStars, Adress, UserNote) values (321, 177, 240, 'Dostava', 26, '3/22/2020', 4, 'Room 464', 'error: undefined method `/'' for nil:NilClass');
insert into Bills (BillId, CustomerId, RestaurantId, OrderType, EmployeeId, DeliveryTime, DeliveryStars, Adress, UserNote) values (322, 159, 220, 'Dostava', 13, '3/24/2021', 5, '11th Floor', 'error: undefined method `/'' for nil:NilClass');
insert into Bills (BillId, CustomerId, RestaurantId, OrderType, EmployeeId, DeliveryTime, DeliveryStars, Adress, UserNote) values (323, 250, 162, 'Dostava', 98, '9/11/2021', 4, 'Apt 1048', 'error: undefined method `/'' for nil:NilClass');
insert into Bills (BillId, CustomerId, RestaurantId, OrderType, EmployeeId, DeliveryTime, DeliveryStars, Adress, UserNote) values (324, 125, 103, 'Dostava', 91, '2/11/2021', 5, 'Apt 1346', 'error: undefined method `/'' for nil:NilClass');
insert into Bills (BillId, CustomerId, RestaurantId, OrderType, EmployeeId, DeliveryTime, DeliveryStars, Adress, UserNote) values (325, 202, 165, 'Konzumacija', 167, '2/11/2020', 3, 'PO Box 20436', 'error: undefined method `/'' for nil:NilClass');
insert into Bills (BillId, CustomerId, RestaurantId, OrderType, EmployeeId, DeliveryTime, DeliveryStars, Adress, UserNote) values (326, 70, 172, 'Konzumacija', 179, '10/3/2021', 3, 'Room 742', 'error: undefined method `/'' for nil:NilClass');
insert into Bills (BillId, CustomerId, RestaurantId, OrderType, EmployeeId, DeliveryTime, DeliveryStars, Adress, UserNote) values (327, 219, 296, 'Dostava', 129, '4/15/2020', 5, 'Suite 21', 'error: undefined method `/'' for nil:NilClass');
insert into Bills (BillId, CustomerId, RestaurantId, OrderType, EmployeeId, DeliveryTime, DeliveryStars, Adress, UserNote) values (328, 194, 28, 'Konzumacija', 39, '6/11/2024', 4, 'PO Box 35016', 'error: undefined method `/'' for nil:NilClass');
insert into Bills (BillId, CustomerId, RestaurantId, OrderType, EmployeeId, DeliveryTime, DeliveryStars, Adress, UserNote) values (329, 114, 164, 'Konzumacija', 59, '3/28/2020', 1, 'Suite 97', 'error: undefined method `/'' for nil:NilClass');
insert into Bills (BillId, CustomerId, RestaurantId, OrderType, EmployeeId, DeliveryTime, DeliveryStars, Adress, UserNote) values (330, 208, 9, 'Dostava', 182, '5/26/2021', 5, '20th Floor', 'error: undefined method `/'' for nil:NilClass');
insert into Bills (BillId, CustomerId, RestaurantId, OrderType, EmployeeId, DeliveryTime, DeliveryStars, Adress, UserNote) values (331, 141, 126, 'Konzumacija', 145, '2/3/2023', 3, 'PO Box 52054', 'error: undefined method `/'' for nil:NilClass');
insert into Bills (BillId, CustomerId, RestaurantId, OrderType, EmployeeId, DeliveryTime, DeliveryStars, Adress, UserNote) values (332, 268, 369, 'Dostava', 165, '2/7/2023', 2, 'PO Box 70938', 'error: undefined method `/'' for nil:NilClass');
insert into Bills (BillId, CustomerId, RestaurantId, OrderType, EmployeeId, DeliveryTime, DeliveryStars, Adress, UserNote) values (333, 271, 219, 'Konzumacija', 131, '10/26/2024', 5, 'PO Box 31971', 'error: undefined method `/'' for nil:NilClass');
insert into Bills (BillId, CustomerId, RestaurantId, OrderType, EmployeeId, DeliveryTime, DeliveryStars, Adress, UserNote) values (334, 7, 194, 'Dostava', 1, '3/19/2022', 2, 'Apt 1933', 'error: undefined method `/'' for nil:NilClass');
insert into Bills (BillId, CustomerId, RestaurantId, OrderType, EmployeeId, DeliveryTime, DeliveryStars, Adress, UserNote) values (335, 238, 112, 'Dostava', 99, '3/21/2021', 5, '3rd Floor', 'error: undefined method `/'' for nil:NilClass');
insert into Bills (BillId, CustomerId, RestaurantId, OrderType, EmployeeId, DeliveryTime, DeliveryStars, Adress, UserNote) values (336, 154, 352, 'Konzumacija', 42, '5/11/2023', 4, 'Suite 22', 'error: undefined method `/'' for nil:NilClass');
insert into Bills (BillId, CustomerId, RestaurantId, OrderType, EmployeeId, DeliveryTime, DeliveryStars, Adress, UserNote) values (337, 86, 251, 'Konzumacija', 175, '3/28/2024', 4, 'PO Box 40236', 'error: undefined method `/'' for nil:NilClass');
insert into Bills (BillId, CustomerId, RestaurantId, OrderType, EmployeeId, DeliveryTime, DeliveryStars, Adress, UserNote) values (338, 59, 125, 'Konzumacija', 35, '9/25/2024', 3, 'Apt 1464', 'error: undefined method `/'' for nil:NilClass');
insert into Bills (BillId, CustomerId, RestaurantId, OrderType, EmployeeId, DeliveryTime, DeliveryStars, Adress, UserNote) values (339, 210, 19, 'Konzumacija', 170, '8/28/2024', 4, 'Suite 30', 'error: undefined method `/'' for nil:NilClass');
insert into Bills (BillId, CustomerId, RestaurantId, OrderType, EmployeeId, DeliveryTime, DeliveryStars, Adress, UserNote) values (340, 46, 130, 'Dostava', 192, '11/16/2020', 1, '12th Floor', 'error: undefined method `/'' for nil:NilClass');
insert into Bills (BillId, CustomerId, RestaurantId, OrderType, EmployeeId, DeliveryTime, DeliveryStars, Adress, UserNote) values (341, 226, 291, 'Konzumacija', 160, '2/10/2022', 1, '12th Floor', 'error: undefined method `/'' for nil:NilClass');
insert into Bills (BillId, CustomerId, RestaurantId, OrderType, EmployeeId, DeliveryTime, DeliveryStars, Adress, UserNote) values (342, 18, 163, 'Konzumacija', 140, '1/30/2021', 5, 'Room 512', 'error: undefined method `/'' for nil:NilClass');
insert into Bills (BillId, CustomerId, RestaurantId, OrderType, EmployeeId, DeliveryTime, DeliveryStars, Adress, UserNote) values (343, 211, 293, 'Dostava', 134, '3/2/2023', 1, 'Room 1248', 'error: undefined method `/'' for nil:NilClass');
insert into Bills (BillId, CustomerId, RestaurantId, OrderType, EmployeeId, DeliveryTime, DeliveryStars, Adress, UserNote) values (344, 195, 364, 'Konzumacija', 27, '2/12/2020', 3, '19th Floor', 'error: undefined method `/'' for nil:NilClass');
insert into Bills (BillId, CustomerId, RestaurantId, OrderType, EmployeeId, DeliveryTime, DeliveryStars, Adress, UserNote) values (345, 140, 39, 'Dostava', 198, '8/16/2020', 3, 'Room 1467', 'error: undefined method `/'' for nil:NilClass');
insert into Bills (BillId, CustomerId, RestaurantId, OrderType, EmployeeId, DeliveryTime, DeliveryStars, Adress, UserNote) values (346, 110, 196, 'Dostava', 170, '1/17/2023', 1, '19th Floor', 'error: undefined method `/'' for nil:NilClass');
insert into Bills (BillId, CustomerId, RestaurantId, OrderType, EmployeeId, DeliveryTime, DeliveryStars, Adress, UserNote) values (347, 236, 335, 'Dostava', 103, '5/8/2022', 4, 'Apt 735', 'error: undefined method `/'' for nil:NilClass');
insert into Bills (BillId, CustomerId, RestaurantId, OrderType, EmployeeId, DeliveryTime, DeliveryStars, Adress, UserNote) values (348, 12, 26, 'Dostava', 18, '1/13/2021', 1, 'Room 1451', 'error: undefined method `/'' for nil:NilClass');
insert into Bills (BillId, CustomerId, RestaurantId, OrderType, EmployeeId, DeliveryTime, DeliveryStars, Adress, UserNote) values (349, 270, 159, 'Konzumacija', 29, '5/15/2024', 4, '9th Floor', 'error: undefined method `/'' for nil:NilClass');
insert into Bills (BillId, CustomerId, RestaurantId, OrderType, EmployeeId, DeliveryTime, DeliveryStars, Adress, UserNote) values (350, 216, 160, 'Konzumacija', 22, '8/4/2022', 2, 'Suite 22', 'error: undefined method `/'' for nil:NilClass');
insert into Bills (BillId, CustomerId, RestaurantId, OrderType, EmployeeId, DeliveryTime, DeliveryStars, Adress, UserNote) values (351, 83, 159, 'Konzumacija', 18, '10/9/2021', 3, 'Suite 67', 'error: undefined method `/'' for nil:NilClass');
insert into Bills (BillId, CustomerId, RestaurantId, OrderType, EmployeeId, DeliveryTime, DeliveryStars, Adress, UserNote) values (352, 122, 151, 'Dostava', 82, '8/31/2023', 3, 'PO Box 16172', 'error: undefined method `/'' for nil:NilClass');
insert into Bills (BillId, CustomerId, RestaurantId, OrderType, EmployeeId, DeliveryTime, DeliveryStars, Adress, UserNote) values (353, 283, 341, 'Dostava', 32, '10/24/2020', 2, 'Room 970', 'error: undefined method `/'' for nil:NilClass');
insert into Bills (BillId, CustomerId, RestaurantId, OrderType, EmployeeId, DeliveryTime, DeliveryStars, Adress, UserNote) values (354, 192, 358, 'Konzumacija', 172, '2/6/2020', 3, 'PO Box 88916', 'error: undefined method `/'' for nil:NilClass');
insert into Bills (BillId, CustomerId, RestaurantId, OrderType, EmployeeId, DeliveryTime, DeliveryStars, Adress, UserNote) values (355, 155, 332, 'Konzumacija', 120, '11/21/2024', 5, 'Room 1468', 'error: undefined method `/'' for nil:NilClass');
insert into Bills (BillId, CustomerId, RestaurantId, OrderType, EmployeeId, DeliveryTime, DeliveryStars, Adress, UserNote) values (356, 77, 327, 'Konzumacija', 1, '5/6/2023', 5, '11th Floor', 'error: undefined method `/'' for nil:NilClass');
insert into Bills (BillId, CustomerId, RestaurantId, OrderType, EmployeeId, DeliveryTime, DeliveryStars, Adress, UserNote) values (357, 195, 314, 'Dostava', 182, '1/9/2024', 4, 'PO Box 21975', 'error: undefined method `/'' for nil:NilClass');
insert into Bills (BillId, CustomerId, RestaurantId, OrderType, EmployeeId, DeliveryTime, DeliveryStars, Adress, UserNote) values (358, 140, 236, 'Konzumacija', 164, '7/14/2020', 5, 'Room 1362', 'error: undefined method `/'' for nil:NilClass');
insert into Bills (BillId, CustomerId, RestaurantId, OrderType, EmployeeId, DeliveryTime, DeliveryStars, Adress, UserNote) values (359, 73, 325, 'Konzumacija', 107, '8/23/2020', 3, '12th Floor', 'error: undefined method `/'' for nil:NilClass');
insert into Bills (BillId, CustomerId, RestaurantId, OrderType, EmployeeId, DeliveryTime, DeliveryStars, Adress, UserNote) values (360, 137, 199, 'Dostava', 139, '11/26/2021', 5, 'PO Box 59138', 'error: undefined method `/'' for nil:NilClass');
insert into Bills (BillId, CustomerId, RestaurantId, OrderType, EmployeeId, DeliveryTime, DeliveryStars, Adress, UserNote) values (361, 19, 294, 'Konzumacija', 87, '7/22/2021', 2, 'Room 367', 'error: undefined method `/'' for nil:NilClass');
insert into Bills (BillId, CustomerId, RestaurantId, OrderType, EmployeeId, DeliveryTime, DeliveryStars, Adress, UserNote) values (362, 166, 121, 'Konzumacija', 31, '10/7/2023', 3, 'Apt 750', 'error: undefined method `/'' for nil:NilClass');
insert into Bills (BillId, CustomerId, RestaurantId, OrderType, EmployeeId, DeliveryTime, DeliveryStars, Adress, UserNote) values (363, 263, 100, 'Dostava', 67, '2/20/2020', 2, 'Room 280', 'error: undefined method `/'' for nil:NilClass');
insert into Bills (BillId, CustomerId, RestaurantId, OrderType, EmployeeId, DeliveryTime, DeliveryStars, Adress, UserNote) values (364, 19, 396, 'Konzumacija', 147, '8/2/2023', 1, 'PO Box 98769', 'error: undefined method `/'' for nil:NilClass');
insert into Bills (BillId, CustomerId, RestaurantId, OrderType, EmployeeId, DeliveryTime, DeliveryStars, Adress, UserNote) values (365, 157, 120, 'Konzumacija', 116, '6/9/2020', 2, 'Room 141', 'error: undefined method `/'' for nil:NilClass');
insert into Bills (BillId, CustomerId, RestaurantId, OrderType, EmployeeId, DeliveryTime, DeliveryStars, Adress, UserNote) values (366, 80, 259, 'Dostava', 99, '1/23/2020', 1, 'Suite 55', 'error: undefined method `/'' for nil:NilClass');
insert into Bills (BillId, CustomerId, RestaurantId, OrderType, EmployeeId, DeliveryTime, DeliveryStars, Adress, UserNote) values (367, 101, 158, 'Konzumacija', 22, '2/27/2020', 3, 'Room 399', 'error: undefined method `/'' for nil:NilClass');
insert into Bills (BillId, CustomerId, RestaurantId, OrderType, EmployeeId, DeliveryTime, DeliveryStars, Adress, UserNote) values (368, 87, 341, 'Dostava', 148, '10/15/2022', 1, '3rd Floor', 'error: undefined method `/'' for nil:NilClass');
insert into Bills (BillId, CustomerId, RestaurantId, OrderType, EmployeeId, DeliveryTime, DeliveryStars, Adress, UserNote) values (369, 42, 264, 'Dostava', 100, '10/9/2021', 3, 'Apt 1211', 'error: undefined method `/'' for nil:NilClass');
insert into Bills (BillId, CustomerId, RestaurantId, OrderType, EmployeeId, DeliveryTime, DeliveryStars, Adress, UserNote) values (370, 295, 44, 'Konzumacija', 32, '1/20/2024', 1, 'Apt 1732', 'error: undefined method `/'' for nil:NilClass');
insert into Bills (BillId, CustomerId, RestaurantId, OrderType, EmployeeId, DeliveryTime, DeliveryStars, Adress, UserNote) values (371, 204, 284, 'Dostava', 71, '12/7/2020', 3, '9th Floor', 'error: undefined method `/'' for nil:NilClass');
insert into Bills (BillId, CustomerId, RestaurantId, OrderType, EmployeeId, DeliveryTime, DeliveryStars, Adress, UserNote) values (372, 210, 256, 'Konzumacija', 98, '5/28/2024', 5, 'Room 1744', 'error: undefined method `/'' for nil:NilClass');
insert into Bills (BillId, CustomerId, RestaurantId, OrderType, EmployeeId, DeliveryTime, DeliveryStars, Adress, UserNote) values (373, 39, 71, 'Konzumacija', 123, '5/22/2020', 5, 'Suite 36', 'error: undefined method `/'' for nil:NilClass');
insert into Bills (BillId, CustomerId, RestaurantId, OrderType, EmployeeId, DeliveryTime, DeliveryStars, Adress, UserNote) values (374, 245, 306, 'Dostava', 194, '1/8/2024', 3, 'PO Box 83726', 'error: undefined method `/'' for nil:NilClass');
insert into Bills (BillId, CustomerId, RestaurantId, OrderType, EmployeeId, DeliveryTime, DeliveryStars, Adress, UserNote) values (375, 244, 59, 'Dostava', 115, '7/31/2024', 1, 'PO Box 3949', 'error: undefined method `/'' for nil:NilClass');
insert into Bills (BillId, CustomerId, RestaurantId, OrderType, EmployeeId, DeliveryTime, DeliveryStars, Adress, UserNote) values (376, 189, 42, 'Dostava', 133, '11/24/2023', 2, 'Room 1901', 'error: undefined method `/'' for nil:NilClass');
insert into Bills (BillId, CustomerId, RestaurantId, OrderType, EmployeeId, DeliveryTime, DeliveryStars, Adress, UserNote) values (377, 53, 95, 'Konzumacija', 117, '10/24/2020', 2, 'Suite 33', 'error: undefined method `/'' for nil:NilClass');
insert into Bills (BillId, CustomerId, RestaurantId, OrderType, EmployeeId, DeliveryTime, DeliveryStars, Adress, UserNote) values (378, 300, 220, 'Dostava', 96, '9/20/2021', 3, 'Apt 1679', 'error: undefined method `/'' for nil:NilClass');
insert into Bills (BillId, CustomerId, RestaurantId, OrderType, EmployeeId, DeliveryTime, DeliveryStars, Adress, UserNote) values (379, 112, 345, 'Konzumacija', 170, '8/28/2023', 5, 'PO Box 5920', 'error: undefined method `/'' for nil:NilClass');
insert into Bills (BillId, CustomerId, RestaurantId, OrderType, EmployeeId, DeliveryTime, DeliveryStars, Adress, UserNote) values (380, 228, 238, 'Konzumacija', 200, '7/23/2024', 3, 'Apt 1221', 'error: undefined method `/'' for nil:NilClass');
insert into Bills (BillId, CustomerId, RestaurantId, OrderType, EmployeeId, DeliveryTime, DeliveryStars, Adress, UserNote) values (381, 282, 268, 'Dostava', 31, '12/11/2021', 4, '2nd Floor', 'error: undefined method `/'' for nil:NilClass');
insert into Bills (BillId, CustomerId, RestaurantId, OrderType, EmployeeId, DeliveryTime, DeliveryStars, Adress, UserNote) values (382, 300, 72, 'Dostava', 115, '3/18/2020', 3, '18th Floor', 'error: undefined method `/'' for nil:NilClass');
insert into Bills (BillId, CustomerId, RestaurantId, OrderType, EmployeeId, DeliveryTime, DeliveryStars, Adress, UserNote) values (383, 291, 12, 'Konzumacija', 106, '9/7/2024', 4, '13th Floor', 'error: undefined method `/'' for nil:NilClass');
insert into Bills (BillId, CustomerId, RestaurantId, OrderType, EmployeeId, DeliveryTime, DeliveryStars, Adress, UserNote) values (384, 229, 379, 'Konzumacija', 56, '12/30/2023', 5, 'Room 1445', 'error: undefined method `/'' for nil:NilClass');
insert into Bills (BillId, CustomerId, RestaurantId, OrderType, EmployeeId, DeliveryTime, DeliveryStars, Adress, UserNote) values (385, 12, 108, 'Konzumacija', 64, '8/27/2022', 1, 'Suite 1', 'error: undefined method `/'' for nil:NilClass');
insert into Bills (BillId, CustomerId, RestaurantId, OrderType, EmployeeId, DeliveryTime, DeliveryStars, Adress, UserNote) values (386, 231, 281, 'Dostava', 136, '4/7/2023', 2, 'Suite 11', 'error: undefined method `/'' for nil:NilClass');
insert into Bills (BillId, CustomerId, RestaurantId, OrderType, EmployeeId, DeliveryTime, DeliveryStars, Adress, UserNote) values (387, 20, 225, 'Konzumacija', 102, '6/2/2022', 2, 'Suite 57', 'error: undefined method `/'' for nil:NilClass');
insert into Bills (BillId, CustomerId, RestaurantId, OrderType, EmployeeId, DeliveryTime, DeliveryStars, Adress, UserNote) values (388, 159, 199, 'Dostava', 10, '6/24/2022', 3, 'PO Box 8240', 'error: undefined method `/'' for nil:NilClass');
insert into Bills (BillId, CustomerId, RestaurantId, OrderType, EmployeeId, DeliveryTime, DeliveryStars, Adress, UserNote) values (389, 57, 42, 'Dostava', 177, '8/22/2024', 5, 'Suite 41', 'error: undefined method `/'' for nil:NilClass');
insert into Bills (BillId, CustomerId, RestaurantId, OrderType, EmployeeId, DeliveryTime, DeliveryStars, Adress, UserNote) values (390, 201, 356, 'Dostava', 86, '11/27/2024', 3, 'Suite 59', 'error: undefined method `/'' for nil:NilClass');
insert into Bills (BillId, CustomerId, RestaurantId, OrderType, EmployeeId, DeliveryTime, DeliveryStars, Adress, UserNote) values (391, 247, 8, 'Konzumacija', 84, '7/22/2023', 3, 'Apt 1695', 'error: undefined method `/'' for nil:NilClass');
insert into Bills (BillId, CustomerId, RestaurantId, OrderType, EmployeeId, DeliveryTime, DeliveryStars, Adress, UserNote) values (392, 252, 338, 'Konzumacija', 108, '4/13/2020', 2, 'Apt 105', 'error: undefined method `/'' for nil:NilClass');
insert into Bills (BillId, CustomerId, RestaurantId, OrderType, EmployeeId, DeliveryTime, DeliveryStars, Adress, UserNote) values (393, 199, 288, 'Dostava', 122, '7/29/2020', 2, 'Room 282', 'error: undefined method `/'' for nil:NilClass');
insert into Bills (BillId, CustomerId, RestaurantId, OrderType, EmployeeId, DeliveryTime, DeliveryStars, Adress, UserNote) values (394, 263, 14, 'Dostava', 147, '9/17/2023', 5, '15th Floor', 'error: undefined method `/'' for nil:NilClass');
insert into Bills (BillId, CustomerId, RestaurantId, OrderType, EmployeeId, DeliveryTime, DeliveryStars, Adress, UserNote) values (395, 200, 233, 'Dostava', 131, '3/11/2020', 3, '13th Floor', 'error: undefined method `/'' for nil:NilClass');
insert into Bills (BillId, CustomerId, RestaurantId, OrderType, EmployeeId, DeliveryTime, DeliveryStars, Adress, UserNote) values (396, 238, 113, 'Dostava', 102, '1/24/2020', 1, 'Suite 6', 'error: undefined method `/'' for nil:NilClass');
insert into Bills (BillId, CustomerId, RestaurantId, OrderType, EmployeeId, DeliveryTime, DeliveryStars, Adress, UserNote) values (397, 87, 64, 'Dostava', 68, '5/22/2021', 5, 'Apt 1304', 'error: undefined method `/'' for nil:NilClass');
insert into Bills (BillId, CustomerId, RestaurantId, OrderType, EmployeeId, DeliveryTime, DeliveryStars, Adress, UserNote) values (398, 4, 225, 'Konzumacija', 102, '2/14/2022', 4, 'PO Box 91490', 'error: undefined method `/'' for nil:NilClass');
insert into Bills (BillId, CustomerId, RestaurantId, OrderType, EmployeeId, DeliveryTime, DeliveryStars, Adress, UserNote) values (399, 22, 114, 'Dostava', 79, '1/21/2020', 2, 'Suite 32', 'error: undefined method `/'' for nil:NilClass');
insert into Bills (BillId, CustomerId, RestaurantId, OrderType, EmployeeId, DeliveryTime, DeliveryStars, Adress, UserNote) values (400, 203, 335, 'Konzumacija', 101, '8/28/2022', 5, '7th Floor', 'error: undefined method `/'' for nil:NilClass');
insert into Bills (BillId, CustomerId, RestaurantId, OrderType, EmployeeId, DeliveryTime, DeliveryStars, Adress, UserNote) values (401, 116, 63, 'Dostava', 60, '1/1/2021', 4, 'PO Box 65029', 'error: undefined method `/'' for nil:NilClass');
insert into Bills (BillId, CustomerId, RestaurantId, OrderType, EmployeeId, DeliveryTime, DeliveryStars, Adress, UserNote) values (402, 224, 374, 'Dostava', 74, '8/27/2020', 3, '19th Floor', 'error: undefined method `/'' for nil:NilClass');
insert into Bills (BillId, CustomerId, RestaurantId, OrderType, EmployeeId, DeliveryTime, DeliveryStars, Adress, UserNote) values (403, 91, 160, 'Dostava', 21, '7/9/2024', 5, 'Apt 1378', 'error: undefined method `/'' for nil:NilClass');
insert into Bills (BillId, CustomerId, RestaurantId, OrderType, EmployeeId, DeliveryTime, DeliveryStars, Adress, UserNote) values (404, 209, 386, 'Konzumacija', 102, '11/10/2022', 4, 'Room 408', 'error: undefined method `/'' for nil:NilClass');
insert into Bills (BillId, CustomerId, RestaurantId, OrderType, EmployeeId, DeliveryTime, DeliveryStars, Adress, UserNote) values (405, 89, 137, 'Konzumacija', 179, '8/17/2021', 2, 'Apt 887', 'error: undefined method `/'' for nil:NilClass');
insert into Bills (BillId, CustomerId, RestaurantId, OrderType, EmployeeId, DeliveryTime, DeliveryStars, Adress, UserNote) values (406, 142, 306, 'Dostava', 161, '4/7/2021', 4, 'Apt 621', 'error: undefined method `/'' for nil:NilClass');
insert into Bills (BillId, CustomerId, RestaurantId, OrderType, EmployeeId, DeliveryTime, DeliveryStars, Adress, UserNote) values (407, 38, 37, 'Konzumacija', 126, '1/8/2021', 4, 'Apt 929', 'error: undefined method `/'' for nil:NilClass');
insert into Bills (BillId, CustomerId, RestaurantId, OrderType, EmployeeId, DeliveryTime, DeliveryStars, Adress, UserNote) values (408, 195, 312, 'Konzumacija', 166, '10/20/2020', 3, '1st Floor', 'error: undefined method `/'' for nil:NilClass');
insert into Bills (BillId, CustomerId, RestaurantId, OrderType, EmployeeId, DeliveryTime, DeliveryStars, Adress, UserNote) values (409, 138, 396, 'Dostava', 193, '5/27/2024', 4, 'Suite 1', 'error: undefined method `/'' for nil:NilClass');
insert into Bills (BillId, CustomerId, RestaurantId, OrderType, EmployeeId, DeliveryTime, DeliveryStars, Adress, UserNote) values (410, 26, 356, 'Konzumacija', 63, '1/19/2024', 5, '14th Floor', 'error: undefined method `/'' for nil:NilClass');
insert into Bills (BillId, CustomerId, RestaurantId, OrderType, EmployeeId, DeliveryTime, DeliveryStars, Adress, UserNote) values (411, 157, 197, 'Dostava', 134, '5/27/2021', 2, '5th Floor', 'error: undefined method `/'' for nil:NilClass');
insert into Bills (BillId, CustomerId, RestaurantId, OrderType, EmployeeId, DeliveryTime, DeliveryStars, Adress, UserNote) values (412, 34, 80, 'Dostava', 131, '4/3/2023', 2, 'PO Box 54052', 'error: undefined method `/'' for nil:NilClass');
insert into Bills (BillId, CustomerId, RestaurantId, OrderType, EmployeeId, DeliveryTime, DeliveryStars, Adress, UserNote) values (413, 95, 2, 'Dostava', 97, '2/14/2022', 4, 'PO Box 93245', 'error: undefined method `/'' for nil:NilClass');
insert into Bills (BillId, CustomerId, RestaurantId, OrderType, EmployeeId, DeliveryTime, DeliveryStars, Adress, UserNote) values (414, 28, 184, 'Dostava', 153, '9/17/2020', 2, '14th Floor', 'error: undefined method `/'' for nil:NilClass');
insert into Bills (BillId, CustomerId, RestaurantId, OrderType, EmployeeId, DeliveryTime, DeliveryStars, Adress, UserNote) values (415, 4, 80, 'Dostava', 57, '1/7/2023', 3, '18th Floor', 'error: undefined method `/'' for nil:NilClass');
insert into Bills (BillId, CustomerId, RestaurantId, OrderType, EmployeeId, DeliveryTime, DeliveryStars, Adress, UserNote) values (416, 12, 286, 'Dostava', 113, '2/6/2023', 1, '2nd Floor', 'error: undefined method `/'' for nil:NilClass');
insert into Bills (BillId, CustomerId, RestaurantId, OrderType, EmployeeId, DeliveryTime, DeliveryStars, Adress, UserNote) values (417, 25, 56, 'Konzumacija', 80, '6/12/2021', 2, 'PO Box 83234', 'error: undefined method `/'' for nil:NilClass');
insert into Bills (BillId, CustomerId, RestaurantId, OrderType, EmployeeId, DeliveryTime, DeliveryStars, Adress, UserNote) values (418, 271, 188, 'Dostava', 102, '11/6/2023', 4, '13th Floor', 'error: undefined method `/'' for nil:NilClass');
insert into Bills (BillId, CustomerId, RestaurantId, OrderType, EmployeeId, DeliveryTime, DeliveryStars, Adress, UserNote) values (419, 63, 186, 'Konzumacija', 27, '3/31/2023', 2, 'PO Box 655', 'error: undefined method `/'' for nil:NilClass');
insert into Bills (BillId, CustomerId, RestaurantId, OrderType, EmployeeId, DeliveryTime, DeliveryStars, Adress, UserNote) values (420, 193, 296, 'Konzumacija', 77, '4/26/2020', 4, 'Room 1653', 'error: undefined method `/'' for nil:NilClass');
insert into Bills (BillId, CustomerId, RestaurantId, OrderType, EmployeeId, DeliveryTime, DeliveryStars, Adress, UserNote) values (421, 133, 56, 'Dostava', 155, '10/3/2024', 1, 'Room 1130', 'error: undefined method `/'' for nil:NilClass');
insert into Bills (BillId, CustomerId, RestaurantId, OrderType, EmployeeId, DeliveryTime, DeliveryStars, Adress, UserNote) values (422, 52, 98, 'Konzumacija', 4, '5/18/2021', 1, 'PO Box 67754', 'error: undefined method `/'' for nil:NilClass');
insert into Bills (BillId, CustomerId, RestaurantId, OrderType, EmployeeId, DeliveryTime, DeliveryStars, Adress, UserNote) values (423, 156, 149, 'Konzumacija', 50, '5/31/2022', 1, '19th Floor', 'error: undefined method `/'' for nil:NilClass');
insert into Bills (BillId, CustomerId, RestaurantId, OrderType, EmployeeId, DeliveryTime, DeliveryStars, Adress, UserNote) values (424, 58, 229, 'Dostava', 174, '12/3/2023', 2, 'PO Box 39913', 'error: undefined method `/'' for nil:NilClass');
insert into Bills (BillId, CustomerId, RestaurantId, OrderType, EmployeeId, DeliveryTime, DeliveryStars, Adress, UserNote) values (425, 110, 229, 'Konzumacija', 152, '10/26/2021', 2, 'Apt 1010', 'error: undefined method `/'' for nil:NilClass');
insert into Bills (BillId, CustomerId, RestaurantId, OrderType, EmployeeId, DeliveryTime, DeliveryStars, Adress, UserNote) values (426, 3, 131, 'Dostava', 120, '3/14/2020', 2, 'Suite 50', 'error: undefined method `/'' for nil:NilClass');
insert into Bills (BillId, CustomerId, RestaurantId, OrderType, EmployeeId, DeliveryTime, DeliveryStars, Adress, UserNote) values (427, 107, 279, 'Konzumacija', 62, '7/2/2023', 2, 'Suite 42', 'error: undefined method `/'' for nil:NilClass');
insert into Bills (BillId, CustomerId, RestaurantId, OrderType, EmployeeId, DeliveryTime, DeliveryStars, Adress, UserNote) values (428, 204, 200, 'Konzumacija', 148, '11/23/2021', 2, 'Suite 58', 'error: undefined method `/'' for nil:NilClass');
insert into Bills (BillId, CustomerId, RestaurantId, OrderType, EmployeeId, DeliveryTime, DeliveryStars, Adress, UserNote) values (429, 193, 227, 'Dostava', 139, '4/25/2023', 2, 'Apt 36', 'error: undefined method `/'' for nil:NilClass');
insert into Bills (BillId, CustomerId, RestaurantId, OrderType, EmployeeId, DeliveryTime, DeliveryStars, Adress, UserNote) values (430, 248, 222, 'Dostava', 76, '2/10/2024', 1, 'PO Box 54880', 'error: undefined method `/'' for nil:NilClass');
insert into Bills (BillId, CustomerId, RestaurantId, OrderType, EmployeeId, DeliveryTime, DeliveryStars, Adress, UserNote) values (431, 27, 45, 'Konzumacija', 196, '4/17/2024', 1, '1st Floor', 'error: undefined method `/'' for nil:NilClass');
insert into Bills (BillId, CustomerId, RestaurantId, OrderType, EmployeeId, DeliveryTime, DeliveryStars, Adress, UserNote) values (432, 271, 351, 'Dostava', 162, '11/12/2020', 3, '7th Floor', 'error: undefined method `/'' for nil:NilClass');
insert into Bills (BillId, CustomerId, RestaurantId, OrderType, EmployeeId, DeliveryTime, DeliveryStars, Adress, UserNote) values (433, 96, 195, 'Dostava', 106, '11/13/2021', 2, 'Apt 481', 'error: undefined method `/'' for nil:NilClass');
insert into Bills (BillId, CustomerId, RestaurantId, OrderType, EmployeeId, DeliveryTime, DeliveryStars, Adress, UserNote) values (434, 246, 31, 'Konzumacija', 128, '2/10/2023', 4, 'Apt 1876', 'error: undefined method `/'' for nil:NilClass');
insert into Bills (BillId, CustomerId, RestaurantId, OrderType, EmployeeId, DeliveryTime, DeliveryStars, Adress, UserNote) values (435, 192, 137, 'Dostava', 146, '4/13/2022', 4, 'Room 547', 'error: undefined method `/'' for nil:NilClass');
insert into Bills (BillId, CustomerId, RestaurantId, OrderType, EmployeeId, DeliveryTime, DeliveryStars, Adress, UserNote) values (436, 242, 137, 'Konzumacija', 26, '9/15/2024', 4, 'Apt 1812', 'error: undefined method `/'' for nil:NilClass');
insert into Bills (BillId, CustomerId, RestaurantId, OrderType, EmployeeId, DeliveryTime, DeliveryStars, Adress, UserNote) values (437, 248, 349, 'Konzumacija', 119, '1/7/2020', 1, 'Suite 69', 'error: undefined method `/'' for nil:NilClass');
insert into Bills (BillId, CustomerId, RestaurantId, OrderType, EmployeeId, DeliveryTime, DeliveryStars, Adress, UserNote) values (438, 254, 211, 'Dostava', 31, '2/19/2022', 1, 'Apt 730', 'error: undefined method `/'' for nil:NilClass');
insert into Bills (BillId, CustomerId, RestaurantId, OrderType, EmployeeId, DeliveryTime, DeliveryStars, Adress, UserNote) values (439, 289, 62, 'Konzumacija', 196, '10/3/2024', 1, 'PO Box 69946', 'error: undefined method `/'' for nil:NilClass');
insert into Bills (BillId, CustomerId, RestaurantId, OrderType, EmployeeId, DeliveryTime, DeliveryStars, Adress, UserNote) values (440, 9, 273, 'Konzumacija', 44, '9/19/2023', 5, 'Apt 543', 'error: undefined method `/'' for nil:NilClass');
insert into Bills (BillId, CustomerId, RestaurantId, OrderType, EmployeeId, DeliveryTime, DeliveryStars, Adress, UserNote) values (441, 202, 106, 'Konzumacija', 173, '9/13/2023', 2, '16th Floor', 'error: undefined method `/'' for nil:NilClass');
insert into Bills (BillId, CustomerId, RestaurantId, OrderType, EmployeeId, DeliveryTime, DeliveryStars, Adress, UserNote) values (442, 217, 18, 'Konzumacija', 189, '5/5/2022', 3, 'PO Box 68686', 'error: undefined method `/'' for nil:NilClass');
insert into Bills (BillId, CustomerId, RestaurantId, OrderType, EmployeeId, DeliveryTime, DeliveryStars, Adress, UserNote) values (443, 40, 266, 'Konzumacija', 37, '1/30/2022', 2, 'Suite 70', 'error: undefined method `/'' for nil:NilClass');
insert into Bills (BillId, CustomerId, RestaurantId, OrderType, EmployeeId, DeliveryTime, DeliveryStars, Adress, UserNote) values (444, 201, 67, 'Dostava', 91, '9/26/2021', 2, '18th Floor', 'error: undefined method `/'' for nil:NilClass');
insert into Bills (BillId, CustomerId, RestaurantId, OrderType, EmployeeId, DeliveryTime, DeliveryStars, Adress, UserNote) values (445, 216, 178, 'Dostava', 75, '10/9/2021', 5, 'Suite 36', 'error: undefined method `/'' for nil:NilClass');
insert into Bills (BillId, CustomerId, RestaurantId, OrderType, EmployeeId, DeliveryTime, DeliveryStars, Adress, UserNote) values (446, 170, 233, 'Konzumacija', 58, '10/28/2023', 5, 'PO Box 36204', 'error: undefined method `/'' for nil:NilClass');
insert into Bills (BillId, CustomerId, RestaurantId, OrderType, EmployeeId, DeliveryTime, DeliveryStars, Adress, UserNote) values (447, 20, 23, 'Konzumacija', 39, '5/28/2023', 3, '12th Floor', 'error: undefined method `/'' for nil:NilClass');
insert into Bills (BillId, CustomerId, RestaurantId, OrderType, EmployeeId, DeliveryTime, DeliveryStars, Adress, UserNote) values (448, 59, 130, 'Dostava', 68, '1/29/2023', 1, 'Suite 20', 'error: undefined method `/'' for nil:NilClass');
insert into Bills (BillId, CustomerId, RestaurantId, OrderType, EmployeeId, DeliveryTime, DeliveryStars, Adress, UserNote) values (449, 83, 344, 'Dostava', 104, '1/29/2023', 5, 'Suite 1', 'error: undefined method `/'' for nil:NilClass');
insert into Bills (BillId, CustomerId, RestaurantId, OrderType, EmployeeId, DeliveryTime, DeliveryStars, Adress, UserNote) values (450, 12, 194, 'Dostava', 70, '12/11/2024', 3, 'Apt 262', 'error: undefined method `/'' for nil:NilClass');
insert into Bills (BillId, CustomerId, RestaurantId, OrderType, EmployeeId, DeliveryTime, DeliveryStars, Adress, UserNote) values (451, 63, 318, 'Dostava', 93, '10/13/2020', 4, 'Room 374', 'error: undefined method `/'' for nil:NilClass');
insert into Bills (BillId, CustomerId, RestaurantId, OrderType, EmployeeId, DeliveryTime, DeliveryStars, Adress, UserNote) values (452, 122, 150, 'Konzumacija', 173, '8/12/2020', 1, 'PO Box 71887', 'error: undefined method `/'' for nil:NilClass');
insert into Bills (BillId, CustomerId, RestaurantId, OrderType, EmployeeId, DeliveryTime, DeliveryStars, Adress, UserNote) values (453, 5, 232, 'Konzumacija', 104, '8/11/2024', 2, 'Apt 697', 'error: undefined method `/'' for nil:NilClass');
insert into Bills (BillId, CustomerId, RestaurantId, OrderType, EmployeeId, DeliveryTime, DeliveryStars, Adress, UserNote) values (454, 221, 155, 'Konzumacija', 47, '3/19/2023', 5, 'PO Box 89826', 'error: undefined method `/'' for nil:NilClass');
insert into Bills (BillId, CustomerId, RestaurantId, OrderType, EmployeeId, DeliveryTime, DeliveryStars, Adress, UserNote) values (455, 286, 280, 'Konzumacija', 97, '9/13/2024', 5, 'Apt 688', 'error: undefined method `/'' for nil:NilClass');
insert into Bills (BillId, CustomerId, RestaurantId, OrderType, EmployeeId, DeliveryTime, DeliveryStars, Adress, UserNote) values (456, 239, 334, 'Dostava', 50, '11/16/2020', 1, 'PO Box 34766', 'error: undefined method `/'' for nil:NilClass');
insert into Bills (BillId, CustomerId, RestaurantId, OrderType, EmployeeId, DeliveryTime, DeliveryStars, Adress, UserNote) values (457, 109, 399, 'Dostava', 196, '4/12/2023', 5, 'PO Box 73670', 'error: undefined method `/'' for nil:NilClass');
insert into Bills (BillId, CustomerId, RestaurantId, OrderType, EmployeeId, DeliveryTime, DeliveryStars, Adress, UserNote) values (458, 207, 25, 'Dostava', 45, '6/15/2023', 1, 'Apt 717', 'error: undefined method `/'' for nil:NilClass');
insert into Bills (BillId, CustomerId, RestaurantId, OrderType, EmployeeId, DeliveryTime, DeliveryStars, Adress, UserNote) values (459, 60, 154, 'Dostava', 176, '4/2/2024', 1, 'Suite 85', 'error: undefined method `/'' for nil:NilClass');
insert into Bills (BillId, CustomerId, RestaurantId, OrderType, EmployeeId, DeliveryTime, DeliveryStars, Adress, UserNote) values (460, 241, 215, 'Dostava', 84, '11/10/2023', 5, 'PO Box 29294', 'error: undefined method `/'' for nil:NilClass');
insert into Bills (BillId, CustomerId, RestaurantId, OrderType, EmployeeId, DeliveryTime, DeliveryStars, Adress, UserNote) values (461, 115, 144, 'Konzumacija', 130, '6/8/2023', 3, 'Room 1546', 'error: undefined method `/'' for nil:NilClass');
insert into Bills (BillId, CustomerId, RestaurantId, OrderType, EmployeeId, DeliveryTime, DeliveryStars, Adress, UserNote) values (462, 152, 307, 'Dostava', 50, '1/29/2022', 5, 'Apt 1234', 'error: undefined method `/'' for nil:NilClass');
insert into Bills (BillId, CustomerId, RestaurantId, OrderType, EmployeeId, DeliveryTime, DeliveryStars, Adress, UserNote) values (463, 198, 322, 'Konzumacija', 125, '1/27/2022', 2, 'Room 742', 'error: undefined method `/'' for nil:NilClass');
insert into Bills (BillId, CustomerId, RestaurantId, OrderType, EmployeeId, DeliveryTime, DeliveryStars, Adress, UserNote) values (464, 39, 286, 'Konzumacija', 180, '12/10/2024', 4, 'Apt 833', 'error: undefined method `/'' for nil:NilClass');
insert into Bills (BillId, CustomerId, RestaurantId, OrderType, EmployeeId, DeliveryTime, DeliveryStars, Adress, UserNote) values (465, 286, 93, 'Dostava', 22, '10/2/2024', 1, 'Apt 1960', 'error: undefined method `/'' for nil:NilClass');
insert into Bills (BillId, CustomerId, RestaurantId, OrderType, EmployeeId, DeliveryTime, DeliveryStars, Adress, UserNote) values (466, 191, 178, 'Dostava', 189, '10/25/2020', 3, 'Room 784', 'error: undefined method `/'' for nil:NilClass');
insert into Bills (BillId, CustomerId, RestaurantId, OrderType, EmployeeId, DeliveryTime, DeliveryStars, Adress, UserNote) values (467, 16, 194, 'Dostava', 56, '2/6/2023', 4, '17th Floor', 'error: undefined method `/'' for nil:NilClass');
insert into Bills (BillId, CustomerId, RestaurantId, OrderType, EmployeeId, DeliveryTime, DeliveryStars, Adress, UserNote) values (468, 73, 374, 'Konzumacija', 71, '7/1/2023', 3, 'Apt 124', 'error: undefined method `/'' for nil:NilClass');
insert into Bills (BillId, CustomerId, RestaurantId, OrderType, EmployeeId, DeliveryTime, DeliveryStars, Adress, UserNote) values (469, 148, 397, 'Konzumacija', 171, '11/5/2022', 1, 'Room 697', 'error: undefined method `/'' for nil:NilClass');
insert into Bills (BillId, CustomerId, RestaurantId, OrderType, EmployeeId, DeliveryTime, DeliveryStars, Adress, UserNote) values (470, 154, 300, 'Dostava', 146, '1/18/2020', 1, 'Room 722', 'error: undefined method `/'' for nil:NilClass');
insert into Bills (BillId, CustomerId, RestaurantId, OrderType, EmployeeId, DeliveryTime, DeliveryStars, Adress, UserNote) values (471, 68, 52, 'Dostava', 92, '3/17/2024', 5, 'Room 1810', 'error: undefined method `/'' for nil:NilClass');
insert into Bills (BillId, CustomerId, RestaurantId, OrderType, EmployeeId, DeliveryTime, DeliveryStars, Adress, UserNote) values (472, 136, 158, 'Dostava', 133, '7/5/2023', 3, 'Apt 1232', 'error: undefined method `/'' for nil:NilClass');
insert into Bills (BillId, CustomerId, RestaurantId, OrderType, EmployeeId, DeliveryTime, DeliveryStars, Adress, UserNote) values (473, 42, 392, 'Dostava', 125, '5/18/2024', 4, 'Room 13', 'error: undefined method `/'' for nil:NilClass');
insert into Bills (BillId, CustomerId, RestaurantId, OrderType, EmployeeId, DeliveryTime, DeliveryStars, Adress, UserNote) values (474, 198, 326, 'Konzumacija', 167, '4/23/2023', 3, 'Room 1239', 'error: undefined method `/'' for nil:NilClass');
insert into Bills (BillId, CustomerId, RestaurantId, OrderType, EmployeeId, DeliveryTime, DeliveryStars, Adress, UserNote) values (475, 247, 383, 'Konzumacija', 69, '11/13/2023', 5, 'PO Box 5243', 'error: undefined method `/'' for nil:NilClass');
insert into Bills (BillId, CustomerId, RestaurantId, OrderType, EmployeeId, DeliveryTime, DeliveryStars, Adress, UserNote) values (476, 14, 243, 'Konzumacija', 153, '7/14/2021', 1, '7th Floor', 'error: undefined method `/'' for nil:NilClass');
insert into Bills (BillId, CustomerId, RestaurantId, OrderType, EmployeeId, DeliveryTime, DeliveryStars, Adress, UserNote) values (477, 19, 123, 'Dostava', 116, '1/27/2024', 3, 'Suite 69', 'error: undefined method `/'' for nil:NilClass');
insert into Bills (BillId, CustomerId, RestaurantId, OrderType, EmployeeId, DeliveryTime, DeliveryStars, Adress, UserNote) values (478, 154, 76, 'Dostava', 117, '6/21/2023', 5, 'Apt 274', 'error: undefined method `/'' for nil:NilClass');
insert into Bills (BillId, CustomerId, RestaurantId, OrderType, EmployeeId, DeliveryTime, DeliveryStars, Adress, UserNote) values (479, 10, 53, 'Konzumacija', 22, '4/16/2020', 2, 'Room 599', 'error: undefined method `/'' for nil:NilClass');
insert into Bills (BillId, CustomerId, RestaurantId, OrderType, EmployeeId, DeliveryTime, DeliveryStars, Adress, UserNote) values (480, 95, 207, 'Konzumacija', 6, '12/3/2021', 3, 'Room 265', 'error: undefined method `/'' for nil:NilClass');
insert into Bills (BillId, CustomerId, RestaurantId, OrderType, EmployeeId, DeliveryTime, DeliveryStars, Adress, UserNote) values (481, 118, 128, 'Konzumacija', 155, '1/28/2024', 5, 'Suite 45', 'error: undefined method `/'' for nil:NilClass');
insert into Bills (BillId, CustomerId, RestaurantId, OrderType, EmployeeId, DeliveryTime, DeliveryStars, Adress, UserNote) values (482, 7, 351, 'Konzumacija', 37, '7/7/2022', 4, 'Room 93', 'error: undefined method `/'' for nil:NilClass');
insert into Bills (BillId, CustomerId, RestaurantId, OrderType, EmployeeId, DeliveryTime, DeliveryStars, Adress, UserNote) values (483, 169, 243, 'Konzumacija', 125, '9/27/2020', 2, '18th Floor', 'error: undefined method `/'' for nil:NilClass');
insert into Bills (BillId, CustomerId, RestaurantId, OrderType, EmployeeId, DeliveryTime, DeliveryStars, Adress, UserNote) values (484, 238, 270, 'Konzumacija', 57, '12/30/2021', 3, 'Room 1998', 'error: undefined method `/'' for nil:NilClass');
insert into Bills (BillId, CustomerId, RestaurantId, OrderType, EmployeeId, DeliveryTime, DeliveryStars, Adress, UserNote) values (485, 62, 18, 'Konzumacija', 193, '5/18/2021', 2, 'Apt 731', 'error: undefined method `/'' for nil:NilClass');
insert into Bills (BillId, CustomerId, RestaurantId, OrderType, EmployeeId, DeliveryTime, DeliveryStars, Adress, UserNote) values (486, 69, 340, 'Konzumacija', 121, '3/24/2021', 2, 'Apt 1201', 'error: undefined method `/'' for nil:NilClass');
insert into Bills (BillId, CustomerId, RestaurantId, OrderType, EmployeeId, DeliveryTime, DeliveryStars, Adress, UserNote) values (487, 171, 311, 'Konzumacija', 16, '4/26/2021', 2, 'Apt 1841', 'error: undefined method `/'' for nil:NilClass');
insert into Bills (BillId, CustomerId, RestaurantId, OrderType, EmployeeId, DeliveryTime, DeliveryStars, Adress, UserNote) values (488, 219, 217, 'Konzumacija', 119, '12/10/2021', 3, 'Suite 95', 'error: undefined method `/'' for nil:NilClass');
insert into Bills (BillId, CustomerId, RestaurantId, OrderType, EmployeeId, DeliveryTime, DeliveryStars, Adress, UserNote) values (489, 237, 333, 'Konzumacija', 72, '1/11/2024', 2, '9th Floor', 'error: undefined method `/'' for nil:NilClass');
insert into Bills (BillId, CustomerId, RestaurantId, OrderType, EmployeeId, DeliveryTime, DeliveryStars, Adress, UserNote) values (490, 218, 1, 'Dostava', 7, '11/8/2021', 4, '11th Floor', 'error: undefined method `/'' for nil:NilClass');
insert into Bills (BillId, CustomerId, RestaurantId, OrderType, EmployeeId, DeliveryTime, DeliveryStars, Adress, UserNote) values (491, 140, 53, 'Konzumacija', 82, '5/7/2023', 3, 'PO Box 16873', 'error: undefined method `/'' for nil:NilClass');
insert into Bills (BillId, CustomerId, RestaurantId, OrderType, EmployeeId, DeliveryTime, DeliveryStars, Adress, UserNote) values (492, 159, 215, 'Dostava', 66, '8/16/2022', 5, 'PO Box 83403', 'error: undefined method `/'' for nil:NilClass');
insert into Bills (BillId, CustomerId, RestaurantId, OrderType, EmployeeId, DeliveryTime, DeliveryStars, Adress, UserNote) values (493, 26, 199, 'Konzumacija', 101, '7/31/2024', 5, '18th Floor', 'error: undefined method `/'' for nil:NilClass');
insert into Bills (BillId, CustomerId, RestaurantId, OrderType, EmployeeId, DeliveryTime, DeliveryStars, Adress, UserNote) values (494, 250, 325, 'Dostava', 20, '9/17/2023', 2, 'Apt 332', 'error: undefined method `/'' for nil:NilClass');
insert into Bills (BillId, CustomerId, RestaurantId, OrderType, EmployeeId, DeliveryTime, DeliveryStars, Adress, UserNote) values (495, 232, 292, 'Konzumacija', 164, '2/3/2023', 5, '9th Floor', 'error: undefined method `/'' for nil:NilClass');
insert into Bills (BillId, CustomerId, RestaurantId, OrderType, EmployeeId, DeliveryTime, DeliveryStars, Adress, UserNote) values (496, 151, 330, 'Konzumacija', 83, '10/10/2021', 5, '12th Floor', 'error: undefined method `/'' for nil:NilClass');
insert into Bills (BillId, CustomerId, RestaurantId, OrderType, EmployeeId, DeliveryTime, DeliveryStars, Adress, UserNote) values (497, 218, 353, 'Konzumacija', 5, '2/2/2024', 5, 'Suite 52', 'error: undefined method `/'' for nil:NilClass');
insert into Bills (BillId, CustomerId, RestaurantId, OrderType, EmployeeId, DeliveryTime, DeliveryStars, Adress, UserNote) values (498, 138, 325, 'Konzumacija', 154, '9/18/2024', 4, 'Room 926', 'error: undefined method `/'' for nil:NilClass');
insert into Bills (BillId, CustomerId, RestaurantId, OrderType, EmployeeId, DeliveryTime, DeliveryStars, Adress, UserNote) values (499, 237, 267, 'Dostava', 163, '12/9/2022', 5, 'PO Box 27326', 'error: undefined method `/'' for nil:NilClass');
insert into Bills (BillId, CustomerId, RestaurantId, OrderType, EmployeeId, DeliveryTime, DeliveryStars, Adress, UserNote) values (500, 111, 274, 'Dostava', 141, '4/6/2024', 3, 'Room 1265', 'error: undefined method `/'' for nil:NilClass');


insert into FoodBill (BillId, FoodId, Quantity, TotalPrice) values (416, 285, 13, 710.46);
insert into FoodBill (BillId, FoodId, Quantity, TotalPrice) values (39, 110, 15, 458.41);
insert into FoodBill (BillId, FoodId, Quantity, TotalPrice) values (254, 44, 6, 971.0);
insert into FoodBill (BillId, FoodId, Quantity, TotalPrice) values (440, 252, 3, 196.15);
insert into FoodBill (BillId, FoodId, Quantity, TotalPrice) values (417, 23, 15, 206.24);
insert into FoodBill (BillId, FoodId, Quantity, TotalPrice) values (303, 84, 8, 368.95);
insert into FoodBill (BillId, FoodId, Quantity, TotalPrice) values (5, 135, 11, 759.22);
insert into FoodBill (BillId, FoodId, Quantity, TotalPrice) values (8, 278, 1, 232.06);
insert into FoodBill (BillId, FoodId, Quantity, TotalPrice) values (327, 291, 11, 414.26);
insert into FoodBill (BillId, FoodId, Quantity, TotalPrice) values (125, 191, 13, 262.68);
insert into FoodBill (BillId, FoodId, Quantity, TotalPrice) values (208, 13, 14, 335.51);
insert into FoodBill (BillId, FoodId, Quantity, TotalPrice) values (13, 48, 8, 2.77);
insert into FoodBill (BillId, FoodId, Quantity, TotalPrice) values (19, 262, 6, 722.09);
insert into FoodBill (BillId, FoodId, Quantity, TotalPrice) values (143, 63, 11, 821.63);
insert into FoodBill (BillId, FoodId, Quantity, TotalPrice) values (150, 111, 14, 695.54);
insert into FoodBill (BillId, FoodId, Quantity, TotalPrice) values (170, 60, 1, 8.58);
insert into FoodBill (BillId, FoodId, Quantity, TotalPrice) values (382, 21, 8, 628.76);
insert into FoodBill (BillId, FoodId, Quantity, TotalPrice) values (359, 51, 6, 648.03);
insert into FoodBill (BillId, FoodId, Quantity, TotalPrice) values (419, 162, 7, 215.26);
insert into FoodBill (BillId, FoodId, Quantity, TotalPrice) values (94, 146, 13, 359.27);
insert into FoodBill (BillId, FoodId, Quantity, TotalPrice) values (84, 220, 10, 410.49);
insert into FoodBill (BillId, FoodId, Quantity, TotalPrice) values (392, 84, 10, 675.63);
insert into FoodBill (BillId, FoodId, Quantity, TotalPrice) values (214, 246, 13, 205.53);
insert into FoodBill (BillId, FoodId, Quantity, TotalPrice) values (66, 113, 15, 457.88);
insert into FoodBill (BillId, FoodId, Quantity, TotalPrice) values (409, 98, 7, 141.85);
insert into FoodBill (BillId, FoodId, Quantity, TotalPrice) values (202, 217, 8, 996.49);
insert into FoodBill (BillId, FoodId, Quantity, TotalPrice) values (133, 84, 10, 696.2);
insert into FoodBill (BillId, FoodId, Quantity, TotalPrice) values (405, 176, 2, 575.91);
insert into FoodBill (BillId, FoodId, Quantity, TotalPrice) values (181, 171, 6, 771.92);
insert into FoodBill (BillId, FoodId, Quantity, TotalPrice) values (373, 119, 10, 94.46);
insert into FoodBill (BillId, FoodId, Quantity, TotalPrice) values (482, 289, 12, 667.36);
insert into FoodBill (BillId, FoodId, Quantity, TotalPrice) values (471, 267, 11, 470.92);
insert into FoodBill (BillId, FoodId, Quantity, TotalPrice) values (307, 258, 7, 207.49);
insert into FoodBill (BillId, FoodId, Quantity, TotalPrice) values (436, 284, 15, 142.98);
insert into FoodBill (BillId, FoodId, Quantity, TotalPrice) values (36, 125, 3, 174.53);
insert into FoodBill (BillId, FoodId, Quantity, TotalPrice) values (298, 251, 7, 337.31);
insert into FoodBill (BillId, FoodId, Quantity, TotalPrice) values (131, 59, 14, 827.26);
insert into FoodBill (BillId, FoodId, Quantity, TotalPrice) values (348, 9, 9, 360.39);
insert into FoodBill (BillId, FoodId, Quantity, TotalPrice) values (339, 217, 1, 432.81);
insert into FoodBill (BillId, FoodId, Quantity, TotalPrice) values (69, 41, 4, 465.12);
insert into FoodBill (BillId, FoodId, Quantity, TotalPrice) values (120, 43, 3, 590.98);
insert into FoodBill (BillId, FoodId, Quantity, TotalPrice) values (139, 208, 3, 632.2);
insert into FoodBill (BillId, FoodId, Quantity, TotalPrice) values (290, 262, 11, 410.22);
insert into FoodBill (BillId, FoodId, Quantity, TotalPrice) values (52, 294, 3, 10.16);
insert into FoodBill (BillId, FoodId, Quantity, TotalPrice) values (65, 22, 11, 700.81);
insert into FoodBill (BillId, FoodId, Quantity, TotalPrice) values (366, 86, 10, 583.61);
insert into FoodBill (BillId, FoodId, Quantity, TotalPrice) values (322, 19, 7, 276.63);
insert into FoodBill (BillId, FoodId, Quantity, TotalPrice) values (189, 16, 10, 67.7);
insert into FoodBill (BillId, FoodId, Quantity, TotalPrice) values (250, 144, 8, 71.89);
insert into FoodBill (BillId, FoodId, Quantity, TotalPrice) values (69, 182, 10, 87.07);
insert into FoodBill (BillId, FoodId, Quantity, TotalPrice) values (167, 221, 12, 254.91);
insert into FoodBill (BillId, FoodId, Quantity, TotalPrice) values (300, 53, 12, 55.31);
insert into FoodBill (BillId, FoodId, Quantity, TotalPrice) values (178, 147, 10, 71.01);
insert into FoodBill (BillId, FoodId, Quantity, TotalPrice) values (54, 27, 12, 471.72);
insert into FoodBill (BillId, FoodId, Quantity, TotalPrice) values (155, 201, 12, 845.52);
insert into FoodBill (BillId, FoodId, Quantity, TotalPrice) values (65, 139, 1, 681.39);
insert into FoodBill (BillId, FoodId, Quantity, TotalPrice) values (110, 204, 6, 958.3);
insert into FoodBill (BillId, FoodId, Quantity, TotalPrice) values (153, 12, 3, 475.5);
insert into FoodBill (BillId, FoodId, Quantity, TotalPrice) values (287, 293, 11, 178.29);
insert into FoodBill (BillId, FoodId, Quantity, TotalPrice) values (453, 263, 7, 736.8);
insert into FoodBill (BillId, FoodId, Quantity, TotalPrice) values (205, 20, 8, 183.75);
insert into FoodBill (BillId, FoodId, Quantity, TotalPrice) values (43, 16, 3, 24.75);
insert into FoodBill (BillId, FoodId, Quantity, TotalPrice) values (357, 5, 6, 759.49);
insert into FoodBill (BillId, FoodId, Quantity, TotalPrice) values (40, 11, 9, 982.29);
insert into FoodBill (BillId, FoodId, Quantity, TotalPrice) values (370, 268, 6, 263.12);
insert into FoodBill (BillId, FoodId, Quantity, TotalPrice) values (487, 172, 11, 17.24);
insert into FoodBill (BillId, FoodId, Quantity, TotalPrice) values (122, 186, 7, 570.42);
insert into FoodBill (BillId, FoodId, Quantity, TotalPrice) values (377, 195, 5, 776.62);
insert into FoodBill (BillId, FoodId, Quantity, TotalPrice) values (155, 95, 13, 597.27);
insert into FoodBill (BillId, FoodId, Quantity, TotalPrice) values (164, 102, 14, 866.04);
insert into FoodBill (BillId, FoodId, Quantity, TotalPrice) values (298, 71, 2, 162.33);
insert into FoodBill (BillId, FoodId, Quantity, TotalPrice) values (96, 204, 1, 584.84);
insert into FoodBill (BillId, FoodId, Quantity, TotalPrice) values (334, 13, 13, 347.62);
insert into FoodBill (BillId, FoodId, Quantity, TotalPrice) values (358, 190, 9, 702.99);
insert into FoodBill (BillId, FoodId, Quantity, TotalPrice) values (411, 165, 10, 408.21);
insert into FoodBill (BillId, FoodId, Quantity, TotalPrice) values (466, 178, 9, 353.52);
insert into FoodBill (BillId, FoodId, Quantity, TotalPrice) values (452, 118, 11, 666.76);
insert into FoodBill (BillId, FoodId, Quantity, TotalPrice) values (159, 299, 2, 111.8);
insert into FoodBill (BillId, FoodId, Quantity, TotalPrice) values (46, 110, 7, 20.46);
insert into FoodBill (BillId, FoodId, Quantity, TotalPrice) values (465, 64, 2, 353.5);
insert into FoodBill (BillId, FoodId, Quantity, TotalPrice) values (462, 216, 6, 369.55);
insert into FoodBill (BillId, FoodId, Quantity, TotalPrice) values (91, 6, 8, 649.1);
insert into FoodBill (BillId, FoodId, Quantity, TotalPrice) values (422, 248, 5, 989.97);
insert into FoodBill (BillId, FoodId, Quantity, TotalPrice) values (290, 180, 1, 124.78);
insert into FoodBill (BillId, FoodId, Quantity, TotalPrice) values (2, 121, 9, 25.13);
insert into FoodBill (BillId, FoodId, Quantity, TotalPrice) values (267, 218, 7, 33.51);
insert into FoodBill (BillId, FoodId, Quantity, TotalPrice) values (168, 296, 9, 546.93);
insert into FoodBill (BillId, FoodId, Quantity, TotalPrice) values (234, 92, 1, 800.96);
insert into FoodBill (BillId, FoodId, Quantity, TotalPrice) values (143, 164, 12, 872.93);
insert into FoodBill (BillId, FoodId, Quantity, TotalPrice) values (470, 6, 13, 359.63);
insert into FoodBill (BillId, FoodId, Quantity, TotalPrice) values (418, 293, 13, 803.06);
insert into FoodBill (BillId, FoodId, Quantity, TotalPrice) values (197, 113, 3, 391.04);
insert into FoodBill (BillId, FoodId, Quantity, TotalPrice) values (22, 170, 7, 101.83);
insert into FoodBill (BillId, FoodId, Quantity, TotalPrice) values (202, 267, 2, 690.17);
insert into FoodBill (BillId, FoodId, Quantity, TotalPrice) values (409, 215, 15, 908.47);
insert into FoodBill (BillId, FoodId, Quantity, TotalPrice) values (360, 87, 12, 366.3);
insert into FoodBill (BillId, FoodId, Quantity, TotalPrice) values (136, 170, 1, 171.35);
insert into FoodBill (BillId, FoodId, Quantity, TotalPrice) values (353, 111, 2, 227.04);
insert into FoodBill (BillId, FoodId, Quantity, TotalPrice) values (62, 294, 7, 566.58);
insert into FoodBill (BillId, FoodId, Quantity, TotalPrice) values (123, 119, 2, 700.94);
insert into FoodBill (BillId, FoodId, Quantity, TotalPrice) values (233, 14, 6, 393.45);
insert into FoodBill (BillId, FoodId, Quantity, TotalPrice) values (288, 239, 10, 375.87);
insert into FoodBill (BillId, FoodId, Quantity, TotalPrice) values (412, 187, 8, 423.56);
insert into FoodBill (BillId, FoodId, Quantity, TotalPrice) values (11, 15, 11, 387.95);
insert into FoodBill (BillId, FoodId, Quantity, TotalPrice) values (166, 225, 1, 530.93);
insert into FoodBill (BillId, FoodId, Quantity, TotalPrice) values (19, 275, 1, 813.02);
insert into FoodBill (BillId, FoodId, Quantity, TotalPrice) values (391, 165, 15, 992.54);
insert into FoodBill (BillId, FoodId, Quantity, TotalPrice) values (453, 122, 9, 870.29);
insert into FoodBill (BillId, FoodId, Quantity, TotalPrice) values (53, 113, 1, 374.37);
insert into FoodBill (BillId, FoodId, Quantity, TotalPrice) values (3, 88, 8, 972.79);
insert into FoodBill (BillId, FoodId, Quantity, TotalPrice) values (328, 35, 3, 488.78);
insert into FoodBill (BillId, FoodId, Quantity, TotalPrice) values (77, 194, 6, 128.95);
insert into FoodBill (BillId, FoodId, Quantity, TotalPrice) values (450, 80, 12, 782.82);
insert into FoodBill (BillId, FoodId, Quantity, TotalPrice) values (230, 181, 3, 284.85);
insert into FoodBill (BillId, FoodId, Quantity, TotalPrice) values (295, 101, 6, 536.84);
insert into FoodBill (BillId, FoodId, Quantity, TotalPrice) values (394, 146, 8, 578.13);
insert into FoodBill (BillId, FoodId, Quantity, TotalPrice) values (388, 277, 8, 974.49);
insert into FoodBill (BillId, FoodId, Quantity, TotalPrice) values (366, 248, 8, 827.32);
insert into FoodBill (BillId, FoodId, Quantity, TotalPrice) values (286, 263, 12, 325.97);
insert into FoodBill (BillId, FoodId, Quantity, TotalPrice) values (198, 145, 9, 426.97);
insert into FoodBill (BillId, FoodId, Quantity, TotalPrice) values (103, 87, 5, 646.07);
insert into FoodBill (BillId, FoodId, Quantity, TotalPrice) values (20, 164, 15, 456.4);
insert into FoodBill (BillId, FoodId, Quantity, TotalPrice) values (433, 100, 6, 403.32);
insert into FoodBill (BillId, FoodId, Quantity, TotalPrice) values (463, 94, 12, 867.06);
insert into FoodBill (BillId, FoodId, Quantity, TotalPrice) values (39, 177, 4, 641.5);
insert into FoodBill (BillId, FoodId, Quantity, TotalPrice) values (18, 67, 8, 401.71);
insert into FoodBill (BillId, FoodId, Quantity, TotalPrice) values (73, 131, 7, 345.63);
insert into FoodBill (BillId, FoodId, Quantity, TotalPrice) values (439, 53, 7, 373.69);
insert into FoodBill (BillId, FoodId, Quantity, TotalPrice) values (175, 137, 13, 531.36);
insert into FoodBill (BillId, FoodId, Quantity, TotalPrice) values (264, 263, 11, 649.14);
insert into FoodBill (BillId, FoodId, Quantity, TotalPrice) values (106, 112, 5, 472.84);
insert into FoodBill (BillId, FoodId, Quantity, TotalPrice) values (303, 175, 1, 501.72);
insert into FoodBill (BillId, FoodId, Quantity, TotalPrice) values (263, 23, 4, 755.39);
insert into FoodBill (BillId, FoodId, Quantity, TotalPrice) values (66, 175, 12, 480.71);
insert into FoodBill (BillId, FoodId, Quantity, TotalPrice) values (298, 46, 6, 993.95);
insert into FoodBill (BillId, FoodId, Quantity, TotalPrice) values (46, 275, 9, 737.9);
insert into FoodBill (BillId, FoodId, Quantity, TotalPrice) values (128, 281, 5, 774.9);
insert into FoodBill (BillId, FoodId, Quantity, TotalPrice) values (234, 67, 1, 600.12);
insert into FoodBill (BillId, FoodId, Quantity, TotalPrice) values (318, 183, 13, 834.98);
insert into FoodBill (BillId, FoodId, Quantity, TotalPrice) values (126, 193, 14, 314.71);
insert into FoodBill (BillId, FoodId, Quantity, TotalPrice) values (133, 252, 9, 84.65);
insert into FoodBill (BillId, FoodId, Quantity, TotalPrice) values (20, 264, 7, 698.76);
insert into FoodBill (BillId, FoodId, Quantity, TotalPrice) values (274, 226, 12, 502.11);
insert into FoodBill (BillId, FoodId, Quantity, TotalPrice) values (177, 283, 15, 889.92);
insert into FoodBill (BillId, FoodId, Quantity, TotalPrice) values (480, 209, 15, 791.99);
insert into FoodBill (BillId, FoodId, Quantity, TotalPrice) values (322, 101, 2, 699.57);
insert into FoodBill (BillId, FoodId, Quantity, TotalPrice) values (236, 65, 5, 240.4);
insert into FoodBill (BillId, FoodId, Quantity, TotalPrice) values (118, 269, 5, 67.63);
insert into FoodBill (BillId, FoodId, Quantity, TotalPrice) values (431, 179, 7, 565.98);
insert into FoodBill (BillId, FoodId, Quantity, TotalPrice) values (233, 118, 14, 972.64);
insert into FoodBill (BillId, FoodId, Quantity, TotalPrice) values (403, 82, 12, 531.93);
insert into FoodBill (BillId, FoodId, Quantity, TotalPrice) values (239, 124, 8, 103.88);
insert into FoodBill (BillId, FoodId, Quantity, TotalPrice) values (33, 252, 8, 244.74);
insert into FoodBill (BillId, FoodId, Quantity, TotalPrice) values (234, 138, 5, 14.73);
insert into FoodBill (BillId, FoodId, Quantity, TotalPrice) values (244, 109, 13, 893.02);
insert into FoodBill (BillId, FoodId, Quantity, TotalPrice) values (333, 193, 14, 520.88);
insert into FoodBill (BillId, FoodId, Quantity, TotalPrice) values (47, 145, 7, 347.45);
insert into FoodBill (BillId, FoodId, Quantity, TotalPrice) values (210, 16, 2, 415.44);
insert into FoodBill (BillId, FoodId, Quantity, TotalPrice) values (118, 254, 5, 128.57);
insert into FoodBill (BillId, FoodId, Quantity, TotalPrice) values (100, 18, 12, 811.44);
insert into FoodBill (BillId, FoodId, Quantity, TotalPrice) values (213, 37, 15, 908.51);
insert into FoodBill (BillId, FoodId, Quantity, TotalPrice) values (165, 187, 2, 435.73);
insert into FoodBill (BillId, FoodId, Quantity, TotalPrice) values (413, 190, 6, 146.34);
insert into FoodBill (BillId, FoodId, Quantity, TotalPrice) values (329, 91, 12, 235.1);
insert into FoodBill (BillId, FoodId, Quantity, TotalPrice) values (371, 48, 5, 311.08);
insert into FoodBill (BillId, FoodId, Quantity, TotalPrice) values (209, 51, 1, 880.44);
insert into FoodBill (BillId, FoodId, Quantity, TotalPrice) values (324, 32, 13, 860.11);
insert into FoodBill (BillId, FoodId, Quantity, TotalPrice) values (148, 212, 4, 541.63);
insert into FoodBill (BillId, FoodId, Quantity, TotalPrice) values (152, 20, 7, 867.36);
insert into FoodBill (BillId, FoodId, Quantity, TotalPrice) values (280, 52, 1, 73.52);
insert into FoodBill (BillId, FoodId, Quantity, TotalPrice) values (433, 106, 9, 526.32);
insert into FoodBill (BillId, FoodId, Quantity, TotalPrice) values (310, 189, 15, 896.63);
insert into FoodBill (BillId, FoodId, Quantity, TotalPrice) values (92, 289, 3, 835.42);
insert into FoodBill (BillId, FoodId, Quantity, TotalPrice) values (390, 59, 6, 885.76);
insert into FoodBill (BillId, FoodId, Quantity, TotalPrice) values (279, 264, 3, 448.91);
insert into FoodBill (BillId, FoodId, Quantity, TotalPrice) values (477, 229, 1, 17.79);
insert into FoodBill (BillId, FoodId, Quantity, TotalPrice) values (500, 138, 12, 90.92);
insert into FoodBill (BillId, FoodId, Quantity, TotalPrice) values (139, 157, 12, 835.75);
insert into FoodBill (BillId, FoodId, Quantity, TotalPrice) values (82, 153, 11, 465.29);
insert into FoodBill (BillId, FoodId, Quantity, TotalPrice) values (497, 209, 3, 656.55);
insert into FoodBill (BillId, FoodId, Quantity, TotalPrice) values (224, 27, 4, 873.68);
insert into FoodBill (BillId, FoodId, Quantity, TotalPrice) values (492, 47, 12, 887.14);
insert into FoodBill (BillId, FoodId, Quantity, TotalPrice) values (70, 104, 6, 250.42);
insert into FoodBill (BillId, FoodId, Quantity, TotalPrice) values (229, 55, 10, 965.85);
insert into FoodBill (BillId, FoodId, Quantity, TotalPrice) values (398, 21, 10, 322.36);
insert into FoodBill (BillId, FoodId, Quantity, TotalPrice) values (128, 91, 15, 296.27);
insert into FoodBill (BillId, FoodId, Quantity, TotalPrice) values (98, 220, 14, 304.01);
insert into FoodBill (BillId, FoodId, Quantity, TotalPrice) values (124, 296, 5, 256.47);
insert into FoodBill (BillId, FoodId, Quantity, TotalPrice) values (42, 132, 9, 818.37);
insert into FoodBill (BillId, FoodId, Quantity, TotalPrice) values (47, 177, 7, 181.13);
insert into FoodBill (BillId, FoodId, Quantity, TotalPrice) values (278, 32, 6, 849.14);
insert into FoodBill (BillId, FoodId, Quantity, TotalPrice) values (128, 185, 1, 299.69);
insert into FoodBill (BillId, FoodId, Quantity, TotalPrice) values (142, 125, 2, 323.24);
insert into FoodBill (BillId, FoodId, Quantity, TotalPrice) values (437, 131, 5, 326.42);
insert into FoodBill (BillId, FoodId, Quantity, TotalPrice) values (425, 53, 6, 364.26);
insert into FoodBill (BillId, FoodId, Quantity, TotalPrice) values (295, 205, 2, 671.87);
insert into FoodBill (BillId, FoodId, Quantity, TotalPrice) values (285, 219, 13, 999.78);
insert into FoodBill (BillId, FoodId, Quantity, TotalPrice) values (285, 59, 5, 391.36);
insert into FoodBill (BillId, FoodId, Quantity, TotalPrice) values (201, 103, 14, 988.98);
insert into FoodBill (BillId, FoodId, Quantity, TotalPrice) values (179, 131, 10, 441.04);
insert into FoodBill (BillId, FoodId, Quantity, TotalPrice) values (115, 213, 13, 942.88);
insert into FoodBill (BillId, FoodId, Quantity, TotalPrice) values (153, 22, 10, 685.43);
insert into FoodBill (BillId, FoodId, Quantity, TotalPrice) values (402, 77, 2, 199.25);
insert into FoodBill (BillId, FoodId, Quantity, TotalPrice) values (92, 196, 6, 257.91);
insert into FoodBill (BillId, FoodId, Quantity, TotalPrice) values (441, 233, 14, 932.52);
insert into FoodBill (BillId, FoodId, Quantity, TotalPrice) values (173, 187, 14, 543.24);
insert into FoodBill (BillId, FoodId, Quantity, TotalPrice) values (109, 193, 5, 314.38);
insert into FoodBill (BillId, FoodId, Quantity, TotalPrice) values (190, 86, 12, 928.6);
insert into FoodBill (BillId, FoodId, Quantity, TotalPrice) values (318, 41, 3, 980.04);
insert into FoodBill (BillId, FoodId, Quantity, TotalPrice) values (60, 73, 8, 999.06);
insert into FoodBill (BillId, FoodId, Quantity, TotalPrice) values (162, 265, 10, 837.28);
insert into FoodBill (BillId, FoodId, Quantity, TotalPrice) values (305, 119, 7, 856.17);
insert into FoodBill (BillId, FoodId, Quantity, TotalPrice) values (181, 161, 12, 959.51);
insert into FoodBill (BillId, FoodId, Quantity, TotalPrice) values (467, 139, 5, 372.43);
insert into FoodBill (BillId, FoodId, Quantity, TotalPrice) values (479, 234, 2, 702.47);
insert into FoodBill (BillId, FoodId, Quantity, TotalPrice) values (153, 17, 2, 860.59);
insert into FoodBill (BillId, FoodId, Quantity, TotalPrice) values (266, 233, 4, 409.34);
insert into FoodBill (BillId, FoodId, Quantity, TotalPrice) values (327, 149, 2, 482.81);
insert into FoodBill (BillId, FoodId, Quantity, TotalPrice) values (164, 255, 13, 284.09);
insert into FoodBill (BillId, FoodId, Quantity, TotalPrice) values (451, 297, 14, 194.45);
insert into FoodBill (BillId, FoodId, Quantity, TotalPrice) values (148, 170, 11, 768.81);
insert into FoodBill (BillId, FoodId, Quantity, TotalPrice) values (357, 65, 7, 763.41);
insert into FoodBill (BillId, FoodId, Quantity, TotalPrice) values (374, 233, 1, 777.2);
insert into FoodBill (BillId, FoodId, Quantity, TotalPrice) values (483, 228, 13, 830.29);
insert into FoodBill (BillId, FoodId, Quantity, TotalPrice) values (475, 276, 5, 140.71);
insert into FoodBill (BillId, FoodId, Quantity, TotalPrice) values (500, 240, 7, 777.58);
insert into FoodBill (BillId, FoodId, Quantity, TotalPrice) values (477, 291, 13, 605.49);
insert into FoodBill (BillId, FoodId, Quantity, TotalPrice) values (406, 176, 12, 446.87);
insert into FoodBill (BillId, FoodId, Quantity, TotalPrice) values (182, 231, 13, 286.27);
insert into FoodBill (BillId, FoodId, Quantity, TotalPrice) values (386, 276, 9, 89.76);
insert into FoodBill (BillId, FoodId, Quantity, TotalPrice) values (384, 75, 10, 319.04);
insert into FoodBill (BillId, FoodId, Quantity, TotalPrice) values (225, 152, 15, 852.15);
insert into FoodBill (BillId, FoodId, Quantity, TotalPrice) values (369, 189, 5, 668.02);
insert into FoodBill (BillId, FoodId, Quantity, TotalPrice) values (120, 63, 11, 132.48);
insert into FoodBill (BillId, FoodId, Quantity, TotalPrice) values (433, 182, 6, 592.29);
insert into FoodBill (BillId, FoodId, Quantity, TotalPrice) values (115, 5, 10, 438.87);
insert into FoodBill (BillId, FoodId, Quantity, TotalPrice) values (466, 29, 11, 49.07);
insert into FoodBill (BillId, FoodId, Quantity, TotalPrice) values (438, 159, 7, 163.33);
insert into FoodBill (BillId, FoodId, Quantity, TotalPrice) values (272, 300, 6, 562.08);
insert into FoodBill (BillId, FoodId, Quantity, TotalPrice) values (100, 120, 11, 274.62);
insert into FoodBill (BillId, FoodId, Quantity, TotalPrice) values (431, 212, 10, 917.71);
insert into FoodBill (BillId, FoodId, Quantity, TotalPrice) values (111, 282, 9, 555.66);
insert into FoodBill (BillId, FoodId, Quantity, TotalPrice) values (330, 160, 6, 263.81);
insert into FoodBill (BillId, FoodId, Quantity, TotalPrice) values (283, 129, 1, 866.26);
insert into FoodBill (BillId, FoodId, Quantity, TotalPrice) values (196, 121, 5, 632.71);
insert into FoodBill (BillId, FoodId, Quantity, TotalPrice) values (438, 65, 11, 983.3);
insert into FoodBill (BillId, FoodId, Quantity, TotalPrice) values (241, 170, 9, 501.36);
insert into FoodBill (BillId, FoodId, Quantity, TotalPrice) values (483, 85, 7, 618.54);
insert into FoodBill (BillId, FoodId, Quantity, TotalPrice) values (348, 165, 9, 869.67);
insert into FoodBill (BillId, FoodId, Quantity, TotalPrice) values (372, 110, 11, 32.55);
insert into FoodBill (BillId, FoodId, Quantity, TotalPrice) values (214, 196, 7, 818.68);
insert into FoodBill (BillId, FoodId, Quantity, TotalPrice) values (95, 294, 6, 152.64);
insert into FoodBill (BillId, FoodId, Quantity, TotalPrice) values (30, 300, 7, 142.53);
insert into FoodBill (BillId, FoodId, Quantity, TotalPrice) values (376, 235, 14, 462.48);
insert into FoodBill (BillId, FoodId, Quantity, TotalPrice) values (288, 165, 14, 586.03);
insert into FoodBill (BillId, FoodId, Quantity, TotalPrice) values (252, 107, 7, 107.13);
insert into FoodBill (BillId, FoodId, Quantity, TotalPrice) values (343, 152, 2, 451.13);
insert into FoodBill (BillId, FoodId, Quantity, TotalPrice) values (120, 5, 7, 393.39);
insert into FoodBill (BillId, FoodId, Quantity, TotalPrice) values (213, 70, 4, 815.96);
insert into FoodBill (BillId, FoodId, Quantity, TotalPrice) values (484, 173, 11, 206.7);
insert into FoodBill (BillId, FoodId, Quantity, TotalPrice) values (286, 284, 12, 250.62);
insert into FoodBill (BillId, FoodId, Quantity, TotalPrice) values (401, 85, 2, 626.21);
insert into FoodBill (BillId, FoodId, Quantity, TotalPrice) values (199, 193, 8, 148.23);
insert into FoodBill (BillId, FoodId, Quantity, TotalPrice) values (486, 91, 6, 544.35);
insert into FoodBill (BillId, FoodId, Quantity, TotalPrice) values (381, 162, 12, 868.13);
insert into FoodBill (BillId, FoodId, Quantity, TotalPrice) values (178, 273, 3, 335.31);
insert into FoodBill (BillId, FoodId, Quantity, TotalPrice) values (131, 144, 9, 405.95);
insert into FoodBill (BillId, FoodId, Quantity, TotalPrice) values (220, 84, 13, 426.04);
insert into FoodBill (BillId, FoodId, Quantity, TotalPrice) values (89, 57, 9, 571.76);
insert into FoodBill (BillId, FoodId, Quantity, TotalPrice) values (489, 235, 5, 906.69);
insert into FoodBill (BillId, FoodId, Quantity, TotalPrice) values (333, 130, 10, 29.52);
insert into FoodBill (BillId, FoodId, Quantity, TotalPrice) values (473, 299, 7, 988.08);
insert into FoodBill (BillId, FoodId, Quantity, TotalPrice) values (310, 236, 15, 636.04);
insert into FoodBill (BillId, FoodId, Quantity, TotalPrice) values (287, 197, 14, 44.56);
insert into FoodBill (BillId, FoodId, Quantity, TotalPrice) values (13, 262, 8, 568.73);
insert into FoodBill (BillId, FoodId, Quantity, TotalPrice) values (372, 253, 1, 805.37);
insert into FoodBill (BillId, FoodId, Quantity, TotalPrice) values (331, 261, 5, 639.57);
insert into FoodBill (BillId, FoodId, Quantity, TotalPrice) values (107, 171, 14, 173.73);
insert into FoodBill (BillId, FoodId, Quantity, TotalPrice) values (284, 164, 8, 133.83);
insert into FoodBill (BillId, FoodId, Quantity, TotalPrice) values (336, 160, 3, 927.73);
insert into FoodBill (BillId, FoodId, Quantity, TotalPrice) values (334, 180, 14, 425.03);
insert into FoodBill (BillId, FoodId, Quantity, TotalPrice) values (306, 145, 13, 640.65);
insert into FoodBill (BillId, FoodId, Quantity, TotalPrice) values (108, 2, 11, 8.48);
insert into FoodBill (BillId, FoodId, Quantity, TotalPrice) values (57, 86, 11, 199.92);
insert into FoodBill (BillId, FoodId, Quantity, TotalPrice) values (361, 32, 2, 684.84);
insert into FoodBill (BillId, FoodId, Quantity, TotalPrice) values (194, 247, 6, 804.67);
insert into FoodBill (BillId, FoodId, Quantity, TotalPrice) values (264, 83, 11, 88.88);
insert into FoodBill (BillId, FoodId, Quantity, TotalPrice) values (176, 283, 11, 64.35);
insert into FoodBill (BillId, FoodId, Quantity, TotalPrice) values (434, 168, 4, 409.9);
insert into FoodBill (BillId, FoodId, Quantity, TotalPrice) values (208, 197, 13, 478.94);
insert into FoodBill (BillId, FoodId, Quantity, TotalPrice) values (8, 46, 11, 711.62);
insert into FoodBill (BillId, FoodId, Quantity, TotalPrice) values (414, 214, 7, 918.63);
insert into FoodBill (BillId, FoodId, Quantity, TotalPrice) values (388, 230, 2, 128.36);
insert into FoodBill (BillId, FoodId, Quantity, TotalPrice) values (459, 148, 2, 676.82);
insert into FoodBill (BillId, FoodId, Quantity, TotalPrice) values (393, 63, 6, 977.58);
insert into FoodBill (BillId, FoodId, Quantity, TotalPrice) values (314, 87, 7, 100.82);
insert into FoodBill (BillId, FoodId, Quantity, TotalPrice) values (23, 233, 1, 396.27);
insert into FoodBill (BillId, FoodId, Quantity, TotalPrice) values (133, 79, 10, 648.51);
insert into FoodBill (BillId, FoodId, Quantity, TotalPrice) values (278, 202, 14, 638.4);
insert into FoodBill (BillId, FoodId, Quantity, TotalPrice) values (464, 37, 3, 968.86);
insert into FoodBill (BillId, FoodId, Quantity, TotalPrice) values (423, 115, 3, 465.83);
insert into FoodBill (BillId, FoodId, Quantity, TotalPrice) values (248, 12, 5, 110.46);
insert into FoodBill (BillId, FoodId, Quantity, TotalPrice) values (309, 178, 7, 64.09);
insert into FoodBill (BillId, FoodId, Quantity, TotalPrice) values (86, 261, 4, 548.41);
insert into FoodBill (BillId, FoodId, Quantity, TotalPrice) values (492, 52, 11, 727.49);
insert into FoodBill (BillId, FoodId, Quantity, TotalPrice) values (492, 78, 8, 309.3);
insert into FoodBill (BillId, FoodId, Quantity, TotalPrice) values (9, 103, 8, 156.83);
insert into FoodBill (BillId, FoodId, Quantity, TotalPrice) values (324, 137, 11, 535.61);
insert into FoodBill (BillId, FoodId, Quantity, TotalPrice) values (358, 258, 14, 627.11);
insert into FoodBill (BillId, FoodId, Quantity, TotalPrice) values (2, 236, 11, 818.1);
insert into FoodBill (BillId, FoodId, Quantity, TotalPrice) values (40, 29, 1, 133.9);
insert into FoodBill (BillId, FoodId, Quantity, TotalPrice) values (210, 60, 3, 674.31);
insert into FoodBill (BillId, FoodId, Quantity, TotalPrice) values (274, 204, 14, 298.93);
insert into FoodBill (BillId, FoodId, Quantity, TotalPrice) values (500, 118, 3, 494.16);
insert into FoodBill (BillId, FoodId, Quantity, TotalPrice) values (145, 250, 7, 229.94);
insert into FoodBill (BillId, FoodId, Quantity, TotalPrice) values (2, 232, 5, 840.44);
insert into FoodBill (BillId, FoodId, Quantity, TotalPrice) values (177, 101, 8, 627.96);
insert into FoodBill (BillId, FoodId, Quantity, TotalPrice) values (15, 121, 10, 645.77);
insert into FoodBill (BillId, FoodId, Quantity, TotalPrice) values (217, 153, 6, 811.81);
insert into FoodBill (BillId, FoodId, Quantity, TotalPrice) values (6, 8, 7, 651.3);
insert into FoodBill (BillId, FoodId, Quantity, TotalPrice) values (76, 61, 3, 686.1);
insert into FoodBill (BillId, FoodId, Quantity, TotalPrice) values (175, 197, 4, 451.95);
insert into FoodBill (BillId, FoodId, Quantity, TotalPrice) values (18, 1, 7, 583.02);
insert into FoodBill (BillId, FoodId, Quantity, TotalPrice) values (38, 126, 8, 936.29);
insert into FoodBill (BillId, FoodId, Quantity, TotalPrice) values (279, 200, 15, 697.24);
insert into FoodBill (BillId, FoodId, Quantity, TotalPrice) values (81, 198, 15, 853.46);
insert into FoodBill (BillId, FoodId, Quantity, TotalPrice) values (87, 265, 14, 869.04);
insert into FoodBill (BillId, FoodId, Quantity, TotalPrice) values (476, 178, 4, 833.7);
insert into FoodBill (BillId, FoodId, Quantity, TotalPrice) values (256, 51, 14, 577.0);
insert into FoodBill (BillId, FoodId, Quantity, TotalPrice) values (203, 1, 6, 960.94);
insert into FoodBill (BillId, FoodId, Quantity, TotalPrice) values (81, 220, 12, 771.1);
insert into FoodBill (BillId, FoodId, Quantity, TotalPrice) values (391, 261, 13, 338.86);
insert into FoodBill (BillId, FoodId, Quantity, TotalPrice) values (410, 111, 6, 526.11);
insert into FoodBill (BillId, FoodId, Quantity, TotalPrice) values (118, 238, 3, 59.47);
insert into FoodBill (BillId, FoodId, Quantity, TotalPrice) values (236, 244, 9, 146.61);
insert into FoodBill (BillId, FoodId, Quantity, TotalPrice) values (497, 3, 2, 80.68);
insert into FoodBill (BillId, FoodId, Quantity, TotalPrice) values (357, 245, 1, 527.38);
insert into FoodBill (BillId, FoodId, Quantity, TotalPrice) values (154, 274, 2, 301.93);
insert into FoodBill (BillId, FoodId, Quantity, TotalPrice) values (184, 243, 15, 127.2);
insert into FoodBill (BillId, FoodId, Quantity, TotalPrice) values (101, 68, 15, 42.31);
insert into FoodBill (BillId, FoodId, Quantity, TotalPrice) values (268, 288, 13, 884.08);
insert into FoodBill (BillId, FoodId, Quantity, TotalPrice) values (239, 173, 5, 187.02);
insert into FoodBill (BillId, FoodId, Quantity, TotalPrice) values (178, 254, 3, 594.89);
insert into FoodBill (BillId, FoodId, Quantity, TotalPrice) values (92, 28, 11, 374.34);
insert into FoodBill (BillId, FoodId, Quantity, TotalPrice) values (225, 102, 10, 103.86);
insert into FoodBill (BillId, FoodId, Quantity, TotalPrice) values (14, 61, 11, 985.16);
insert into FoodBill (BillId, FoodId, Quantity, TotalPrice) values (120, 150, 9, 627.14);
insert into FoodBill (BillId, FoodId, Quantity, TotalPrice) values (419, 138, 7, 818.11);
insert into FoodBill (BillId, FoodId, Quantity, TotalPrice) values (253, 186, 15, 806.39);
insert into FoodBill (BillId, FoodId, Quantity, TotalPrice) values (485, 114, 8, 91.08);
insert into FoodBill (BillId, FoodId, Quantity, TotalPrice) values (446, 78, 9, 192.82);
insert into FoodBill (BillId, FoodId, Quantity, TotalPrice) values (483, 294, 8, 714.2);
insert into FoodBill (BillId, FoodId, Quantity, TotalPrice) values (258, 240, 9, 302.92);
insert into FoodBill (BillId, FoodId, Quantity, TotalPrice) values (466, 63, 6, 511.75);
insert into FoodBill (BillId, FoodId, Quantity, TotalPrice) values (407, 241, 13, 281.83);
insert into FoodBill (BillId, FoodId, Quantity, TotalPrice) values (418, 60, 6, 922.69);
insert into FoodBill (BillId, FoodId, Quantity, TotalPrice) values (390, 133, 12, 224.57);
insert into FoodBill (BillId, FoodId, Quantity, TotalPrice) values (287, 239, 4, 339.91);
insert into FoodBill (BillId, FoodId, Quantity, TotalPrice) values (255, 182, 7, 209.01);
insert into FoodBill (BillId, FoodId, Quantity, TotalPrice) values (60, 141, 8, 581.84);
insert into FoodBill (BillId, FoodId, Quantity, TotalPrice) values (121, 103, 13, 470.16);
insert into FoodBill (BillId, FoodId, Quantity, TotalPrice) values (477, 94, 3, 901.56);
insert into FoodBill (BillId, FoodId, Quantity, TotalPrice) values (319, 97, 10, 910.66);
insert into FoodBill (BillId, FoodId, Quantity, TotalPrice) values (215, 66, 5, 304.32);
insert into FoodBill (BillId, FoodId, Quantity, TotalPrice) values (282, 24, 10, 519.73);
insert into FoodBill (BillId, FoodId, Quantity, TotalPrice) values (86, 209, 9, 944.07);
insert into FoodBill (BillId, FoodId, Quantity, TotalPrice) values (496, 109, 12, 762.61);
insert into FoodBill (BillId, FoodId, Quantity, TotalPrice) values (442, 229, 12, 354.34);
insert into FoodBill (BillId, FoodId, Quantity, TotalPrice) values (281, 84, 11, 889.48);
insert into FoodBill (BillId, FoodId, Quantity, TotalPrice) values (72, 289, 9, 103.84);
insert into FoodBill (BillId, FoodId, Quantity, TotalPrice) values (360, 282, 10, 791.34);
insert into FoodBill (BillId, FoodId, Quantity, TotalPrice) values (258, 15, 15, 252.3);
insert into FoodBill (BillId, FoodId, Quantity, TotalPrice) values (280, 174, 6, 412.71);
insert into FoodBill (BillId, FoodId, Quantity, TotalPrice) values (145, 295, 7, 753.94);
insert into FoodBill (BillId, FoodId, Quantity, TotalPrice) values (174, 114, 6, 690.95);
insert into FoodBill (BillId, FoodId, Quantity, TotalPrice) values (80, 136, 11, 226.25);
insert into FoodBill (BillId, FoodId, Quantity, TotalPrice) values (209, 125, 1, 363.4);
insert into FoodBill (BillId, FoodId, Quantity, TotalPrice) values (334, 148, 15, 669.61);
insert into FoodBill (BillId, FoodId, Quantity, TotalPrice) values (379, 6, 14, 53.3);
insert into FoodBill (BillId, FoodId, Quantity, TotalPrice) values (325, 279, 6, 794.4);
insert into FoodBill (BillId, FoodId, Quantity, TotalPrice) values (150, 280, 7, 448.59);
insert into FoodBill (BillId, FoodId, Quantity, TotalPrice) values (218, 32, 15, 150.82);
insert into FoodBill (BillId, FoodId, Quantity, TotalPrice) values (400, 111, 3, 183.48);
insert into FoodBill (BillId, FoodId, Quantity, TotalPrice) values (168, 214, 12, 49.71);
insert into FoodBill (BillId, FoodId, Quantity, TotalPrice) values (150, 233, 5, 901.15);
insert into FoodBill (BillId, FoodId, Quantity, TotalPrice) values (28, 236, 3, 717.04);
insert into FoodBill (BillId, FoodId, Quantity, TotalPrice) values (256, 85, 12, 289.69);
insert into FoodBill (BillId, FoodId, Quantity, TotalPrice) values (49, 233, 5, 553.2);
insert into FoodBill (BillId, FoodId, Quantity, TotalPrice) values (51, 34, 5, 966.01);
insert into FoodBill (BillId, FoodId, Quantity, TotalPrice) values (303, 106, 13, 963.57);
insert into FoodBill (BillId, FoodId, Quantity, TotalPrice) values (132, 147, 13, 779.22);
insert into FoodBill (BillId, FoodId, Quantity, TotalPrice) values (111, 105, 8, 83.82);
insert into FoodBill (BillId, FoodId, Quantity, TotalPrice) values (489, 92, 6, 276.37);
insert into FoodBill (BillId, FoodId, Quantity, TotalPrice) values (32, 285, 15, 126.34);
insert into FoodBill (BillId, FoodId, Quantity, TotalPrice) values (78, 258, 15, 296.48);
insert into FoodBill (BillId, FoodId, Quantity, TotalPrice) values (216, 192, 7, 832.38);
insert into FoodBill (BillId, FoodId, Quantity, TotalPrice) values (268, 7, 14, 911.52);
insert into FoodBill (BillId, FoodId, Quantity, TotalPrice) values (130, 205, 11, 634.53);
insert into FoodBill (BillId, FoodId, Quantity, TotalPrice) values (187, 69, 12, 290.22);
insert into FoodBill (BillId, FoodId, Quantity, TotalPrice) values (356, 125, 5, 929.94);
insert into FoodBill (BillId, FoodId, Quantity, TotalPrice) values (108, 96, 14, 568.36);
insert into FoodBill (BillId, FoodId, Quantity, TotalPrice) values (373, 87, 14, 950.78);
insert into FoodBill (BillId, FoodId, Quantity, TotalPrice) values (272, 135, 10, 63.78);
insert into FoodBill (BillId, FoodId, Quantity, TotalPrice) values (52, 251, 11, 796.02);
insert into FoodBill (BillId, FoodId, Quantity, TotalPrice) values (163, 68, 8, 219.19);
insert into FoodBill (BillId, FoodId, Quantity, TotalPrice) values (98, 292, 9, 952.17);
insert into FoodBill (BillId, FoodId, Quantity, TotalPrice) values (270, 157, 14, 637.1);
insert into FoodBill (BillId, FoodId, Quantity, TotalPrice) values (478, 138, 3, 769.8);
insert into FoodBill (BillId, FoodId, Quantity, TotalPrice) values (460, 107, 12, 986.52);
insert into FoodBill (BillId, FoodId, Quantity, TotalPrice) values (77, 174, 15, 564.01);
insert into FoodBill (BillId, FoodId, Quantity, TotalPrice) values (482, 288, 1, 694.08);
insert into FoodBill (BillId, FoodId, Quantity, TotalPrice) values (310, 119, 8, 365.81);
insert into FoodBill (BillId, FoodId, Quantity, TotalPrice) values (198, 4, 10, 805.05);
insert into FoodBill (BillId, FoodId, Quantity, TotalPrice) values (155, 137, 7, 571.19);
insert into FoodBill (BillId, FoodId, Quantity, TotalPrice) values (25, 67, 13, 932.21);
insert into FoodBill (BillId, FoodId, Quantity, TotalPrice) values (449, 161, 7, 531.77);
insert into FoodBill (BillId, FoodId, Quantity, TotalPrice) values (206, 210, 9, 935.24);
insert into FoodBill (BillId, FoodId, Quantity, TotalPrice) values (234, 173, 15, 900.25);
insert into FoodBill (BillId, FoodId, Quantity, TotalPrice) values (304, 48, 15, 640.98);
insert into FoodBill (BillId, FoodId, Quantity, TotalPrice) values (286, 270, 6, 300.77);
insert into FoodBill (BillId, FoodId, Quantity, TotalPrice) values (372, 139, 7, 969.75);
insert into FoodBill (BillId, FoodId, Quantity, TotalPrice) values (427, 5, 11, 680.33);
insert into FoodBill (BillId, FoodId, Quantity, TotalPrice) values (11, 213, 7, 145.95);
insert into FoodBill (BillId, FoodId, Quantity, TotalPrice) values (314, 108, 2, 556.79);
insert into FoodBill (BillId, FoodId, Quantity, TotalPrice) values (356, 18, 6, 791.61);
insert into FoodBill (BillId, FoodId, Quantity, TotalPrice) values (198, 28, 4, 983.55);
insert into FoodBill (BillId, FoodId, Quantity, TotalPrice) values (451, 256, 12, 618.26);
insert into FoodBill (BillId, FoodId, Quantity, TotalPrice) values (453, 31, 3, 335.47);
insert into FoodBill (BillId, FoodId, Quantity, TotalPrice) values (490, 251, 1, 379.18);
insert into FoodBill (BillId, FoodId, Quantity, TotalPrice) values (224, 62, 5, 574.51);
insert into FoodBill (BillId, FoodId, Quantity, TotalPrice) values (114, 131, 11, 15.48);
insert into FoodBill (BillId, FoodId, Quantity, TotalPrice) values (130, 153, 9, 774.25);
insert into FoodBill (BillId, FoodId, Quantity, TotalPrice) values (227, 299, 15, 707.12);
insert into FoodBill (BillId, FoodId, Quantity, TotalPrice) values (339, 166, 8, 450.46);
insert into FoodBill (BillId, FoodId, Quantity, TotalPrice) values (269, 196, 1, 163.34);
insert into FoodBill (BillId, FoodId, Quantity, TotalPrice) values (19, 75, 2, 835.44);
insert into FoodBill (BillId, FoodId, Quantity, TotalPrice) values (176, 148, 10, 867.52);
insert into FoodBill (BillId, FoodId, Quantity, TotalPrice) values (170, 144, 7, 79.54);
insert into FoodBill (BillId, FoodId, Quantity, TotalPrice) values (75, 15, 15, 949.37);
insert into FoodBill (BillId, FoodId, Quantity, TotalPrice) values (13, 218, 11, 861.86);
insert into FoodBill (BillId, FoodId, Quantity, TotalPrice) values (96, 134, 9, 869.01);
insert into FoodBill (BillId, FoodId, Quantity, TotalPrice) values (249, 138, 9, 92.48);
insert into FoodBill (BillId, FoodId, Quantity, TotalPrice) values (307, 294, 12, 669.61);
insert into FoodBill (BillId, FoodId, Quantity, TotalPrice) values (352, 106, 6, 988.4);
insert into FoodBill (BillId, FoodId, Quantity, TotalPrice) values (364, 213, 5, 869.5);
insert into FoodBill (BillId, FoodId, Quantity, TotalPrice) values (3, 69, 15, 501.29);
insert into FoodBill (BillId, FoodId, Quantity, TotalPrice) values (177, 87, 3, 470.42);
insert into FoodBill (BillId, FoodId, Quantity, TotalPrice) values (345, 48, 8, 872.92);
insert into FoodBill (BillId, FoodId, Quantity, TotalPrice) values (447, 229, 9, 206.68);
insert into FoodBill (BillId, FoodId, Quantity, TotalPrice) values (281, 38, 4, 920.43);
insert into FoodBill (BillId, FoodId, Quantity, TotalPrice) values (64, 115, 15, 512.62);
insert into FoodBill (BillId, FoodId, Quantity, TotalPrice) values (4, 59, 15, 572.99);
insert into FoodBill (BillId, FoodId, Quantity, TotalPrice) values (339, 138, 2, 544.32);
insert into FoodBill (BillId, FoodId, Quantity, TotalPrice) values (199, 229, 14, 506.22);
insert into FoodBill (BillId, FoodId, Quantity, TotalPrice) values (223, 94, 14, 554.63);
insert into FoodBill (BillId, FoodId, Quantity, TotalPrice) values (413, 167, 15, 396.92);
insert into FoodBill (BillId, FoodId, Quantity, TotalPrice) values (427, 167, 11, 653.65);
insert into FoodBill (BillId, FoodId, Quantity, TotalPrice) values (322, 20, 10, 27.52);
insert into FoodBill (BillId, FoodId, Quantity, TotalPrice) values (51, 125, 2, 443.75);
insert into FoodBill (BillId, FoodId, Quantity, TotalPrice) values (178, 226, 11, 83.4);
insert into FoodBill (BillId, FoodId, Quantity, TotalPrice) values (18, 183, 7, 197.29);
insert into FoodBill (BillId, FoodId, Quantity, TotalPrice) values (358, 145, 11, 800.95);
insert into FoodBill (BillId, FoodId, Quantity, TotalPrice) values (360, 22, 4, 717.05);
insert into FoodBill (BillId, FoodId, Quantity, TotalPrice) values (438, 187, 7, 735.16);
insert into FoodBill (BillId, FoodId, Quantity, TotalPrice) values (419, 97, 12, 721.42);
insert into FoodBill (BillId, FoodId, Quantity, TotalPrice) values (469, 91, 2, 78.32);
insert into FoodBill (BillId, FoodId, Quantity, TotalPrice) values (160, 6, 1, 443.81);
insert into FoodBill (BillId, FoodId, Quantity, TotalPrice) values (289, 73, 4, 971.24);
insert into FoodBill (BillId, FoodId, Quantity, TotalPrice) values (11, 251, 2, 560.4);
insert into FoodBill (BillId, FoodId, Quantity, TotalPrice) values (399, 31, 6, 678.14);
insert into FoodBill (BillId, FoodId, Quantity, TotalPrice) values (441, 293, 13, 983.47);
insert into FoodBill (BillId, FoodId, Quantity, TotalPrice) values (489, 90, 5, 763.94);
insert into FoodBill (BillId, FoodId, Quantity, TotalPrice) values (229, 6, 2, 452.61);
insert into FoodBill (BillId, FoodId, Quantity, TotalPrice) values (6, 240, 7, 234.92);
insert into FoodBill (BillId, FoodId, Quantity, TotalPrice) values (285, 187, 1, 589.71);
insert into FoodBill (BillId, FoodId, Quantity, TotalPrice) values (431, 266, 12, 766.85);
insert into FoodBill (BillId, FoodId, Quantity, TotalPrice) values (434, 167, 6, 924.34);
insert into FoodBill (BillId, FoodId, Quantity, TotalPrice) values (465, 79, 8, 434.95);
insert into FoodBill (BillId, FoodId, Quantity, TotalPrice) values (48, 249, 2, 530.15);
insert into FoodBill (BillId, FoodId, Quantity, TotalPrice) values (260, 202, 7, 435.84);
insert into FoodBill (BillId, FoodId, Quantity, TotalPrice) values (314, 78, 1, 275.16);
insert into FoodBill (BillId, FoodId, Quantity, TotalPrice) values (309, 195, 5, 836.89);
insert into FoodBill (BillId, FoodId, Quantity, TotalPrice) values (205, 299, 12, 39.8);
insert into FoodBill (BillId, FoodId, Quantity, TotalPrice) values (440, 272, 8, 600.54);
insert into FoodBill (BillId, FoodId, Quantity, TotalPrice) values (351, 234, 3, 232.58);
insert into FoodBill (BillId, FoodId, Quantity, TotalPrice) values (14, 258, 12, 984.42);
insert into FoodBill (BillId, FoodId, Quantity, TotalPrice) values (366, 278, 12, 374.57);
insert into FoodBill (BillId, FoodId, Quantity, TotalPrice) values (446, 108, 7, 546.33);
insert into FoodBill (BillId, FoodId, Quantity, TotalPrice) values (345, 245, 7, 490.37);
insert into FoodBill (BillId, FoodId, Quantity, TotalPrice) values (207, 157, 1, 423.86);
insert into FoodBill (BillId, FoodId, Quantity, TotalPrice) values (237, 271, 9, 480.89);
insert into FoodBill (BillId, FoodId, Quantity, TotalPrice) values (198, 148, 3, 15.67);
insert into FoodBill (BillId, FoodId, Quantity, TotalPrice) values (29, 268, 6, 770.4);
insert into FoodBill (BillId, FoodId, Quantity, TotalPrice) values (123, 97, 7, 477.83);
insert into FoodBill (BillId, FoodId, Quantity, TotalPrice) values (432, 130, 7, 726.36);
insert into FoodBill (BillId, FoodId, Quantity, TotalPrice) values (96, 33, 15, 990.37);
insert into FoodBill (BillId, FoodId, Quantity, TotalPrice) values (255, 299, 2, 424.65);
insert into FoodBill (BillId, FoodId, Quantity, TotalPrice) values (105, 97, 1, 267.58);
insert into FoodBill (BillId, FoodId, Quantity, TotalPrice) values (476, 45, 1, 299.28);
insert into FoodBill (BillId, FoodId, Quantity, TotalPrice) values (372, 66, 11, 404.8);

insert into FoodRatings (FoodId, CustomerId, Rating, CustomerComment) values (181, 36, 5, 'leo odio condimentum id luctus');
insert into FoodRatings (FoodId, CustomerId, Rating, CustomerComment) values (500, 73, 5, 'dui luctus rutrum nulla tellus in sagittis dui vel nisl');
insert into FoodRatings (FoodId, CustomerId, Rating, CustomerComment) values (307, 250, 1, 'elementum ligula vehicula consequat morbi a ipsum integer');
insert into FoodRatings (FoodId, CustomerId, Rating, CustomerComment) values (490, 246, 4, 'sapien cum sociis natoque penatibus et magnis');
insert into FoodRatings (FoodId, CustomerId, Rating, CustomerComment) values (484, 69, 1, 'semper rutrum nulla nunc purus phasellus in');
insert into FoodRatings (FoodId, CustomerId, Rating, CustomerComment) values (243, 266, 1, 'pellentesque at nulla suspendisse potenti cras in');
insert into FoodRatings (FoodId, CustomerId, Rating, CustomerComment) values (460, 291, 1, 'ut blandit non interdum in ante vestibulum ante ipsum');
insert into FoodRatings (FoodId, CustomerId, Rating, CustomerComment) values (450, 68, 5, 'donec diam neque vestibulum eget vulputate ut ultrices');
insert into FoodRatings (FoodId, CustomerId, Rating, CustomerComment) values (202, 106, 5, 'integer non velit donec diam neque vestibulum');
insert into FoodRatings (FoodId, CustomerId, Rating, CustomerComment) values (31, 120, 5, 'sociis natoque penatibus et magnis dis parturient montes nascetur ridiculus');
insert into FoodRatings (FoodId, CustomerId, Rating, CustomerComment) values (121, 221, 2, 'ultrices libero non mattis pulvinar');
insert into FoodRatings (FoodId, CustomerId, Rating, CustomerComment) values (62, 290, 4, 'viverra pede ac diam cras pellentesque volutpat dui maecenas');
insert into FoodRatings (FoodId, CustomerId, Rating, CustomerComment) values (69, 26, 1, 'mus etiam vel augue vestibulum');
insert into FoodRatings (FoodId, CustomerId, Rating, CustomerComment) values (47, 102, 2, 'lorem integer tincidunt ante vel ipsum praesent blandit lacinia erat');
insert into FoodRatings (FoodId, CustomerId, Rating, CustomerComment) values (334, 25, 3, 'eu sapien cursus vestibulum proin eu mi');
insert into FoodRatings (FoodId, CustomerId, Rating, CustomerComment) values (83, 152, 3, 'lorem ipsum dolor sit amet');
insert into FoodRatings (FoodId, CustomerId, Rating, CustomerComment) values (380, 236, 1, 'nisl duis bibendum felis sed interdum venenatis');
insert into FoodRatings (FoodId, CustomerId, Rating, CustomerComment) values (87, 25, 4, 'praesent blandit nam nulla integer pede');
insert into FoodRatings (FoodId, CustomerId, Rating, CustomerComment) values (280, 107, 1, 'pellentesque eget nunc donec quis orci eget');
insert into FoodRatings (FoodId, CustomerId, Rating, CustomerComment) values (260, 289, 3, 'leo odio porttitor id consequat in consequat ut nulla sed');
insert into FoodRatings (FoodId, CustomerId, Rating, CustomerComment) values (126, 268, 1, 'nec euismod scelerisque quam turpis adipiscing lorem vitae mattis');
insert into FoodRatings (FoodId, CustomerId, Rating, CustomerComment) values (175, 125, 2, 'natoque penatibus et magnis dis');
insert into FoodRatings (FoodId, CustomerId, Rating, CustomerComment) values (291, 247, 1, 'ut dolor morbi vel lectus in');
insert into FoodRatings (FoodId, CustomerId, Rating, CustomerComment) values (268, 161, 2, 'amet consectetuer adipiscing elit proin interdum mauris non ligula');
insert into FoodRatings (FoodId, CustomerId, Rating, CustomerComment) values (295, 55, 3, 'nisi at nibh in hac habitasse platea dictumst aliquam');
insert into FoodRatings (FoodId, CustomerId, Rating, CustomerComment) values (124, 203, 2, 'laoreet ut rhoncus aliquet pulvinar sed nisl nunc');
insert into FoodRatings (FoodId, CustomerId, Rating, CustomerComment) values (394, 142, 2, 'at nunc commodo placerat praesent blandit nam nulla integer');
insert into FoodRatings (FoodId, CustomerId, Rating, CustomerComment) values (392, 150, 4, 'sem sed sagittis nam congue');
insert into FoodRatings (FoodId, CustomerId, Rating, CustomerComment) values (499, 136, 2, 'nisl venenatis lacinia aenean sit amet justo morbi ut odio');
insert into FoodRatings (FoodId, CustomerId, Rating, CustomerComment) values (7, 238, 2, 'volutpat sapien arcu sed augue aliquam erat volutpat');
insert into FoodRatings (FoodId, CustomerId, Rating, CustomerComment) values (484, 156, 5, 'imperdiet sapien urna pretium nisl ut volutpat sapien');
insert into FoodRatings (FoodId, CustomerId, Rating, CustomerComment) values (89, 27, 1, 'vestibulum sagittis sapien cum sociis');
insert into FoodRatings (FoodId, CustomerId, Rating, CustomerComment) values (207, 298, 2, 'ut massa quis augue luctus tincidunt');
insert into FoodRatings (FoodId, CustomerId, Rating, CustomerComment) values (210, 293, 1, 'vel ipsum praesent blandit lacinia erat vestibulum');
insert into FoodRatings (FoodId, CustomerId, Rating, CustomerComment) values (164, 218, 4, 'leo odio porttitor id consequat in consequat ut nulla sed');
insert into FoodRatings (FoodId, CustomerId, Rating, CustomerComment) values (240, 197, 4, 'nullam sit amet turpis elementum');
insert into FoodRatings (FoodId, CustomerId, Rating, CustomerComment) values (344, 113, 4, 'natoque penatibus et magnis dis');
insert into FoodRatings (FoodId, CustomerId, Rating, CustomerComment) values (137, 62, 1, 'id lobortis convallis tortor risus dapibus augue vel');
insert into FoodRatings (FoodId, CustomerId, Rating, CustomerComment) values (362, 26, 2, 'mattis odio donec vitae nisi nam ultrices libero non mattis');
insert into FoodRatings (FoodId, CustomerId, Rating, CustomerComment) values (68, 3, 4, 'lectus aliquam sit amet diam in magna bibendum imperdiet nullam');
insert into FoodRatings (FoodId, CustomerId, Rating, CustomerComment) values (50, 238, 3, 'ac leo pellentesque ultrices mattis odio');
insert into FoodRatings (FoodId, CustomerId, Rating, CustomerComment) values (256, 157, 3, 'nunc commodo placerat praesent blandit');
insert into FoodRatings (FoodId, CustomerId, Rating, CustomerComment) values (139, 298, 2, 'tincidunt eu felis fusce posuere felis sed lacus morbi');
insert into FoodRatings (FoodId, CustomerId, Rating, CustomerComment) values (250, 176, 1, 'quisque erat eros viverra eget congue eget semper rutrum');
insert into FoodRatings (FoodId, CustomerId, Rating, CustomerComment) values (489, 226, 3, 'nulla quisque arcu libero rutrum');
insert into FoodRatings (FoodId, CustomerId, Rating, CustomerComment) values (50, 134, 1, 'vitae nisl aenean lectus pellentesque eget nunc donec quis orci');
insert into FoodRatings (FoodId, CustomerId, Rating, CustomerComment) values (234, 254, 3, 'interdum in ante vestibulum ante ipsum');
insert into FoodRatings (FoodId, CustomerId, Rating, CustomerComment) values (0, 8, 3, 'curae donec pharetra magna vestibulum aliquet ultrices erat tortor');
insert into FoodRatings (FoodId, CustomerId, Rating, CustomerComment) values (65, 182, 4, 'etiam faucibus cursus urna ut tellus nulla ut erat');
insert into FoodRatings (FoodId, CustomerId, Rating, CustomerComment) values (354, 94, 3, 'lobortis sapien sapien non mi integer ac neque duis');
insert into FoodRatings (FoodId, CustomerId, Rating, CustomerComment) values (352, 134, 3, 'elit ac nulla sed vel enim sit');
insert into FoodRatings (FoodId, CustomerId, Rating, CustomerComment) values (315, 242, 1, 'curabitur at ipsum ac tellus semper interdum mauris ullamcorper');
insert into FoodRatings (FoodId, CustomerId, Rating, CustomerComment) values (17, 86, 2, 'maecenas leo odio condimentum id luctus nec molestie sed justo');
insert into FoodRatings (FoodId, CustomerId, Rating, CustomerComment) values (172, 195, 5, 'quis odio consequat varius integer ac');
insert into FoodRatings (FoodId, CustomerId, Rating, CustomerComment) values (4, 119, 3, 'tincidunt nulla mollis molestie lorem');
insert into FoodRatings (FoodId, CustomerId, Rating, CustomerComment) values (443, 232, 3, 'sapien iaculis congue vivamus metus arcu adipiscing');
insert into FoodRatings (FoodId, CustomerId, Rating, CustomerComment) values (45, 92, 2, 'massa quis augue luctus tincidunt nulla mollis molestie lorem quisque');
insert into FoodRatings (FoodId, CustomerId, Rating, CustomerComment) values (499, 135, 5, 'nibh fusce lacus purus aliquet at feugiat non pretium');
insert into FoodRatings (FoodId, CustomerId, Rating, CustomerComment) values (177, 107, 2, 'lacinia eget tincidunt eget tempus vel');
insert into FoodRatings (FoodId, CustomerId, Rating, CustomerComment) values (130, 290, 2, 'turpis adipiscing lorem vitae mattis nibh ligula nec sem');
insert into FoodRatings (FoodId, CustomerId, Rating, CustomerComment) values (257, 286, 5, 'purus phasellus in felis donec semper');
insert into FoodRatings (FoodId, CustomerId, Rating, CustomerComment) values (303, 138, 5, 'id nulla ultrices aliquet maecenas leo odio condimentum id luctus');
insert into FoodRatings (FoodId, CustomerId, Rating, CustomerComment) values (473, 163, 4, 'purus eu magna vulputate luctus cum sociis natoque penatibus et');
insert into FoodRatings (FoodId, CustomerId, Rating, CustomerComment) values (137, 109, 4, 'mi pede malesuada in imperdiet');
insert into FoodRatings (FoodId, CustomerId, Rating, CustomerComment) values (352, 86, 1, 'vestibulum sed magna at nunc commodo placerat praesent blandit');
insert into FoodRatings (FoodId, CustomerId, Rating, CustomerComment) values (50, 14, 1, 'eros elementum pellentesque quisque porta volutpat');
insert into FoodRatings (FoodId, CustomerId, Rating, CustomerComment) values (144, 48, 1, 'turpis elementum ligula vehicula consequat morbi a ipsum');
insert into FoodRatings (FoodId, CustomerId, Rating, CustomerComment) values (435, 67, 4, 'cum sociis natoque penatibus et magnis');
insert into FoodRatings (FoodId, CustomerId, Rating, CustomerComment) values (330, 65, 2, 'vel nulla eget eros elementum pellentesque quisque porta volutpat');
insert into FoodRatings (FoodId, CustomerId, Rating, CustomerComment) values (452, 98, 3, 'mus vivamus vestibulum sagittis sapien cum sociis natoque penatibus');
insert into FoodRatings (FoodId, CustomerId, Rating, CustomerComment) values (405, 180, 5, 'pede morbi porttitor lorem id ligula suspendisse');
insert into FoodRatings (FoodId, CustomerId, Rating, CustomerComment) values (431, 173, 1, 'eros vestibulum ac est lacinia nisi');
insert into FoodRatings (FoodId, CustomerId, Rating, CustomerComment) values (19, 96, 1, 'cum sociis natoque penatibus et');
insert into FoodRatings (FoodId, CustomerId, Rating, CustomerComment) values (428, 11, 5, 'vestibulum ante ipsum primis in faucibus orci luctus et ultrices');
insert into FoodRatings (FoodId, CustomerId, Rating, CustomerComment) values (54, 298, 4, 'nulla suspendisse potenti cras in purus eu magna');
insert into FoodRatings (FoodId, CustomerId, Rating, CustomerComment) values (31, 137, 2, 'molestie nibh in lectus pellentesque at nulla suspendisse potenti');
insert into FoodRatings (FoodId, CustomerId, Rating, CustomerComment) values (223, 257, 1, 'eu orci mauris lacinia sapien quis');
insert into FoodRatings (FoodId, CustomerId, Rating, CustomerComment) values (113, 110, 1, 'porttitor lorem id ligula suspendisse ornare consequat lectus');
insert into FoodRatings (FoodId, CustomerId, Rating, CustomerComment) values (199, 205, 5, 'integer a nibh in quis justo maecenas rhoncus aliquam lacus');
insert into FoodRatings (FoodId, CustomerId, Rating, CustomerComment) values (221, 155, 3, 'platea dictumst etiam faucibus cursus urna ut tellus');
insert into FoodRatings (FoodId, CustomerId, Rating, CustomerComment) values (349, 147, 1, 'amet nulla quisque arcu libero rutrum ac');
insert into FoodRatings (FoodId, CustomerId, Rating, CustomerComment) values (117, 191, 5, 'sapien in sapien iaculis congue vivamus metus arcu adipiscing molestie');
insert into FoodRatings (FoodId, CustomerId, Rating, CustomerComment) values (371, 226, 2, 'suscipit a feugiat et eros vestibulum ac');
insert into FoodRatings (FoodId, CustomerId, Rating, CustomerComment) values (167, 26, 3, 'at velit vivamus vel nulla eget eros elementum pellentesque');
insert into FoodRatings (FoodId, CustomerId, Rating, CustomerComment) values (327, 29, 2, 'urna pretium nisl ut volutpat sapien');
insert into FoodRatings (FoodId, CustomerId, Rating, CustomerComment) values (462, 257, 5, 'imperdiet nullam orci pede venenatis');
insert into FoodRatings (FoodId, CustomerId, Rating, CustomerComment) values (292, 273, 1, 'auctor gravida sem praesent id massa');
insert into FoodRatings (FoodId, CustomerId, Rating, CustomerComment) values (416, 107, 2, 'fringilla rhoncus mauris enim leo rhoncus sed');
insert into FoodRatings (FoodId, CustomerId, Rating, CustomerComment) values (426, 76, 4, 'mattis egestas metus aenean fermentum');
insert into FoodRatings (FoodId, CustomerId, Rating, CustomerComment) values (134, 165, 4, 'et eros vestibulum ac est lacinia nisi venenatis');
insert into FoodRatings (FoodId, CustomerId, Rating, CustomerComment) values (355, 37, 5, 'nec nisi vulputate nonummy maecenas tincidunt lacus at');
insert into FoodRatings (FoodId, CustomerId, Rating, CustomerComment) values (406, 178, 2, 'lorem ipsum dolor sit amet consectetuer adipiscing');
insert into FoodRatings (FoodId, CustomerId, Rating, CustomerComment) values (60, 104, 5, 'phasellus sit amet erat nulla tempus vivamus');
insert into FoodRatings (FoodId, CustomerId, Rating, CustomerComment) values (48, 264, 3, 'suscipit ligula in lacus curabitur at ipsum ac tellus');
insert into FoodRatings (FoodId, CustomerId, Rating, CustomerComment) values (42, 58, 5, 'ante vivamus tortor duis mattis egestas');
insert into FoodRatings (FoodId, CustomerId, Rating, CustomerComment) values (85, 226, 2, 'justo lacinia eget tincidunt eget tempus');
insert into FoodRatings (FoodId, CustomerId, Rating, CustomerComment) values (224, 84, 1, 'vel lectus in quam fringilla');
insert into FoodRatings (FoodId, CustomerId, Rating, CustomerComment) values (335, 104, 3, 'at turpis a pede posuere nonummy integer');
insert into FoodRatings (FoodId, CustomerId, Rating, CustomerComment) values (282, 263, 3, 'quis justo maecenas rhoncus aliquam lacus morbi quis tortor');
insert into FoodRatings (FoodId, CustomerId, Rating, CustomerComment) values (257, 24, 5, 'tempor turpis nec euismod scelerisque quam turpis adipiscing lorem vitae');
insert into FoodRatings (FoodId, CustomerId, Rating, CustomerComment) values (447, 109, 3, 'blandit lacinia erat vestibulum sed magna at nunc');
insert into FoodRatings (FoodId, CustomerId, Rating, CustomerComment) values (268, 245, 2, 'mattis egestas metus aenean fermentum donec ut');
insert into FoodRatings (FoodId, CustomerId, Rating, CustomerComment) values (331, 87, 4, 'praesent lectus vestibulum quam sapien varius');
insert into FoodRatings (FoodId, CustomerId, Rating, CustomerComment) values (150, 102, 4, 'rhoncus dui vel sem sed sagittis nam congue');
insert into FoodRatings (FoodId, CustomerId, Rating, CustomerComment) values (318, 108, 3, 'tristique in tempus sit amet sem fusce consequat nulla');
insert into FoodRatings (FoodId, CustomerId, Rating, CustomerComment) values (491, 185, 5, 'est quam pharetra magna ac');
insert into FoodRatings (FoodId, CustomerId, Rating, CustomerComment) values (239, 174, 2, 'in porttitor pede justo eu massa donec');
insert into FoodRatings (FoodId, CustomerId, Rating, CustomerComment) values (228, 42, 1, 'sed ante vivamus tortor duis mattis egestas');
insert into FoodRatings (FoodId, CustomerId, Rating, CustomerComment) values (81, 168, 2, 'ut nulla sed accumsan felis ut');
insert into FoodRatings (FoodId, CustomerId, Rating, CustomerComment) values (80, 77, 1, 'odio justo sollicitudin ut suscipit a feugiat et eros');
insert into FoodRatings (FoodId, CustomerId, Rating, CustomerComment) values (84, 98, 1, 'dictumst morbi vestibulum velit id');
insert into FoodRatings (FoodId, CustomerId, Rating, CustomerComment) values (66, 235, 2, 'rhoncus aliquam lacus morbi quis');
insert into FoodRatings (FoodId, CustomerId, Rating, CustomerComment) values (158, 82, 5, 'eget nunc donec quis orci eget orci');
insert into FoodRatings (FoodId, CustomerId, Rating, CustomerComment) values (170, 294, 1, 'elit sodales scelerisque mauris sit');
insert into FoodRatings (FoodId, CustomerId, Rating, CustomerComment) values (235, 261, 3, 'nulla suspendisse potenti cras in purus eu magna vulputate');
insert into FoodRatings (FoodId, CustomerId, Rating, CustomerComment) values (92, 216, 1, 'consectetuer adipiscing elit proin risus praesent lectus vestibulum quam sapien');
insert into FoodRatings (FoodId, CustomerId, Rating, CustomerComment) values (161, 74, 4, 'rutrum at lorem integer tincidunt ante vel ipsum');
insert into FoodRatings (FoodId, CustomerId, Rating, CustomerComment) values (1, 293, 3, 'justo eu massa donec dapibus duis at velit');
insert into FoodRatings (FoodId, CustomerId, Rating, CustomerComment) values (152, 152, 4, 'amet turpis elementum ligula vehicula');
insert into FoodRatings (FoodId, CustomerId, Rating, CustomerComment) values (461, 45, 5, 'ultricies eu nibh quisque id justo sit amet sapien dignissim');
insert into FoodRatings (FoodId, CustomerId, Rating, CustomerComment) values (368, 294, 4, 'sed lacus morbi sem mauris laoreet');
insert into FoodRatings (FoodId, CustomerId, Rating, CustomerComment) values (273, 146, 4, 'luctus nec molestie sed justo pellentesque');
insert into FoodRatings (FoodId, CustomerId, Rating, CustomerComment) values (224, 212, 5, 'convallis eget eleifend luctus ultricies eu nibh quisque id justo');
insert into FoodRatings (FoodId, CustomerId, Rating, CustomerComment) values (499, 262, 5, 'sed accumsan felis ut at dolor quis');
insert into FoodRatings (FoodId, CustomerId, Rating, CustomerComment) values (26, 111, 3, 'porta volutpat erat quisque erat');
insert into FoodRatings (FoodId, CustomerId, Rating, CustomerComment) values (307, 101, 1, 'morbi non quam nec dui luctus');
insert into FoodRatings (FoodId, CustomerId, Rating, CustomerComment) values (65, 276, 3, 'rutrum at lorem integer tincidunt ante');
insert into FoodRatings (FoodId, CustomerId, Rating, CustomerComment) values (183, 170, 5, 'integer ac leo pellentesque ultrices mattis odio donec vitae nisi');
insert into FoodRatings (FoodId, CustomerId, Rating, CustomerComment) values (232, 166, 4, 'at vulputate vitae nisl aenean');
insert into FoodRatings (FoodId, CustomerId, Rating, CustomerComment) values (88, 206, 5, 'curabitur in libero ut massa volutpat convallis');
insert into FoodRatings (FoodId, CustomerId, Rating, CustomerComment) values (64, 155, 3, 'vitae mattis nibh ligula nec sem duis aliquam convallis nunc');
insert into FoodRatings (FoodId, CustomerId, Rating, CustomerComment) values (277, 80, 2, 'auctor gravida sem praesent id massa');
insert into FoodRatings (FoodId, CustomerId, Rating, CustomerComment) values (109, 56, 3, 'venenatis lacinia aenean sit amet justo morbi');
insert into FoodRatings (FoodId, CustomerId, Rating, CustomerComment) values (144, 26, 1, 'blandit lacinia erat vestibulum sed magna at nunc');
insert into FoodRatings (FoodId, CustomerId, Rating, CustomerComment) values (437, 230, 4, 'suspendisse potenti in eleifend quam a odio in hac habitasse');
insert into FoodRatings (FoodId, CustomerId, Rating, CustomerComment) values (484, 109, 4, 'maecenas leo odio condimentum id luctus');
insert into FoodRatings (FoodId, CustomerId, Rating, CustomerComment) values (205, 300, 4, 'ac nulla sed vel enim sit amet nunc viverra');
insert into FoodRatings (FoodId, CustomerId, Rating, CustomerComment) values (102, 190, 2, 'at feugiat non pretium quis lectus suspendisse');
insert into FoodRatings (FoodId, CustomerId, Rating, CustomerComment) values (248, 274, 5, 'mattis pulvinar nulla pede ullamcorper augue');
insert into FoodRatings (FoodId, CustomerId, Rating, CustomerComment) values (359, 223, 1, 'viverra dapibus nulla suscipit ligula in lacus curabitur');
insert into FoodRatings (FoodId, CustomerId, Rating, CustomerComment) values (316, 198, 3, 'vitae nisi nam ultrices libero');
insert into FoodRatings (FoodId, CustomerId, Rating, CustomerComment) values (20, 222, 5, 'non mauris morbi non lectus aliquam sit');
insert into FoodRatings (FoodId, CustomerId, Rating, CustomerComment) values (322, 179, 5, 'vestibulum velit id pretium iaculis');
insert into FoodRatings (FoodId, CustomerId, Rating, CustomerComment) values (67, 227, 3, 'donec diam neque vestibulum eget vulputate ut ultrices vel augue');
insert into FoodRatings (FoodId, CustomerId, Rating, CustomerComment) values (199, 83, 2, 'ut erat curabitur gravida nisi at nibh in hac');
insert into FoodRatings (FoodId, CustomerId, Rating, CustomerComment) values (75, 230, 5, 'lacinia aenean sit amet justo morbi ut');
insert into FoodRatings (FoodId, CustomerId, Rating, CustomerComment) values (295, 97, 4, 'nulla ut erat id mauris vulputate elementum nullam varius nulla');
insert into FoodRatings (FoodId, CustomerId, Rating, CustomerComment) values (151, 286, 1, 'quis orci eget orci vehicula condimentum curabitur');
insert into FoodRatings (FoodId, CustomerId, Rating, CustomerComment) values (385, 183, 5, 'nec dui luctus rutrum nulla tellus in');
insert into FoodRatings (FoodId, CustomerId, Rating, CustomerComment) values (82, 215, 3, 'nulla pede ullamcorper augue a suscipit nulla elit ac nulla');
insert into FoodRatings (FoodId, CustomerId, Rating, CustomerComment) values (149, 61, 5, 'pede ac diam cras pellentesque volutpat dui maecenas tristique');
insert into FoodRatings (FoodId, CustomerId, Rating, CustomerComment) values (478, 128, 2, 'morbi vel lectus in quam fringilla rhoncus mauris enim leo');
insert into FoodRatings (FoodId, CustomerId, Rating, CustomerComment) values (128, 14, 4, 'eleifend quam a odio in hac habitasse platea');
insert into FoodRatings (FoodId, CustomerId, Rating, CustomerComment) values (29, 180, 3, 'eleifend donec ut dolor morbi');
insert into FoodRatings (FoodId, CustomerId, Rating, CustomerComment) values (321, 234, 1, 'quis turpis eget elit sodales');
insert into FoodRatings (FoodId, CustomerId, Rating, CustomerComment) values (57, 120, 1, 'donec odio justo sollicitudin ut suscipit');
insert into FoodRatings (FoodId, CustomerId, Rating, CustomerComment) values (63, 115, 3, 'integer pede justo lacinia eget tincidunt eget');
insert into FoodRatings (FoodId, CustomerId, Rating, CustomerComment) values (387, 162, 5, 'egestas metus aenean fermentum donec ut mauris eget');
insert into FoodRatings (FoodId, CustomerId, Rating, CustomerComment) values (51, 53, 5, 'dui maecenas tristique est et tempus');
insert into FoodRatings (FoodId, CustomerId, Rating, CustomerComment) values (238, 28, 4, 'lacus curabitur at ipsum ac tellus semper interdum');
insert into FoodRatings (FoodId, CustomerId, Rating, CustomerComment) values (17, 257, 3, 'metus vitae ipsum aliquam non mauris morbi non lectus');
insert into FoodRatings (FoodId, CustomerId, Rating, CustomerComment) values (243, 37, 1, 'orci nullam molestie nibh in lectus pellentesque');
insert into FoodRatings (FoodId, CustomerId, Rating, CustomerComment) values (192, 36, 4, 'ut volutpat sapien arcu sed augue aliquam');
insert into FoodRatings (FoodId, CustomerId, Rating, CustomerComment) values (323, 132, 2, 'felis sed interdum venenatis turpis enim blandit');
insert into FoodRatings (FoodId, CustomerId, Rating, CustomerComment) values (438, 129, 5, 'lectus in quam fringilla rhoncus mauris');
insert into FoodRatings (FoodId, CustomerId, Rating, CustomerComment) values (304, 280, 2, 'libero ut massa volutpat convallis');
insert into FoodRatings (FoodId, CustomerId, Rating, CustomerComment) values (34, 55, 4, 'praesent id massa id nisl venenatis');
insert into FoodRatings (FoodId, CustomerId, Rating, CustomerComment) values (500, 11, 2, 'faucibus cursus urna ut tellus nulla ut');
insert into FoodRatings (FoodId, CustomerId, Rating, CustomerComment) values (203, 186, 1, 'venenatis turpis enim blandit mi in');
insert into FoodRatings (FoodId, CustomerId, Rating, CustomerComment) values (348, 287, 3, 'quis libero nullam sit amet turpis');
insert into FoodRatings (FoodId, CustomerId, Rating, CustomerComment) values (97, 244, 3, 'erat tortor sollicitudin mi sit amet lobortis sapien sapien');
insert into FoodRatings (FoodId, CustomerId, Rating, CustomerComment) values (220, 296, 3, 'gravida sem praesent id massa id nisl venenatis lacinia aenean');
insert into FoodRatings (FoodId, CustomerId, Rating, CustomerComment) values (187, 248, 3, 'nec nisi volutpat eleifend donec');
insert into FoodRatings (FoodId, CustomerId, Rating, CustomerComment) values (269, 275, 5, 'amet erat nulla tempus vivamus in felis eu');
insert into FoodRatings (FoodId, CustomerId, Rating, CustomerComment) values (264, 29, 5, 'congue diam id ornare imperdiet');
insert into FoodRatings (FoodId, CustomerId, Rating, CustomerComment) values (141, 103, 2, 'vel est donec odio justo sollicitudin ut suscipit');
insert into FoodRatings (FoodId, CustomerId, Rating, CustomerComment) values (172, 6, 1, 'potenti cras in purus eu magna vulputate luctus cum sociis');
insert into FoodRatings (FoodId, CustomerId, Rating, CustomerComment) values (326, 273, 4, 'convallis nulla neque libero convallis eget');
insert into FoodRatings (FoodId, CustomerId, Rating, CustomerComment) values (15, 28, 2, 'nonummy integer non velit donec');
insert into FoodRatings (FoodId, CustomerId, Rating, CustomerComment) values (132, 55, 2, 'leo rhoncus sed vestibulum sit');
insert into FoodRatings (FoodId, CustomerId, Rating, CustomerComment) values (54, 202, 1, 'adipiscing molestie hendrerit at vulputate vitae nisl');
insert into FoodRatings (FoodId, CustomerId, Rating, CustomerComment) values (487, 14, 2, 'vestibulum vestibulum ante ipsum primis in faucibus');
insert into FoodRatings (FoodId, CustomerId, Rating, CustomerComment) values (108, 31, 1, 'vestibulum quam sapien varius ut blandit');
insert into FoodRatings (FoodId, CustomerId, Rating, CustomerComment) values (11, 12, 2, 'sed magna at nunc commodo placerat praesent blandit nam');
insert into FoodRatings (FoodId, CustomerId, Rating, CustomerComment) values (324, 233, 5, 'tellus nulla ut erat id mauris vulputate elementum nullam varius');
insert into FoodRatings (FoodId, CustomerId, Rating, CustomerComment) values (178, 63, 4, 'libero rutrum ac lobortis vel dapibus');
insert into FoodRatings (FoodId, CustomerId, Rating, CustomerComment) values (304, 25, 2, 'ligula suspendisse ornare consequat lectus in');
insert into FoodRatings (FoodId, CustomerId, Rating, CustomerComment) values (84, 11, 1, 'at turpis donec posuere metus vitae ipsum aliquam non mauris');
insert into FoodRatings (FoodId, CustomerId, Rating, CustomerComment) values (156, 267, 1, 'donec ut dolor morbi vel lectus in quam fringilla rhoncus');
insert into FoodRatings (FoodId, CustomerId, Rating, CustomerComment) values (304, 131, 5, 'dui vel sem sed sagittis');
insert into FoodRatings (FoodId, CustomerId, Rating, CustomerComment) values (368, 94, 4, 'tincidunt in leo maecenas pulvinar lobortis est');
insert into FoodRatings (FoodId, CustomerId, Rating, CustomerComment) values (124, 9, 1, 'vestibulum sagittis sapien cum sociis natoque penatibus et magnis dis');
insert into FoodRatings (FoodId, CustomerId, Rating, CustomerComment) values (364, 191, 2, 'in quam fringilla rhoncus mauris enim');
insert into FoodRatings (FoodId, CustomerId, Rating, CustomerComment) values (294, 102, 3, 'ullamcorper augue a suscipit nulla elit');
insert into FoodRatings (FoodId, CustomerId, Rating, CustomerComment) values (342, 114, 2, 'sit amet nulla quisque arcu');
insert into FoodRatings (FoodId, CustomerId, Rating, CustomerComment) values (215, 104, 3, 'interdum in ante vestibulum ante ipsum primis');
insert into FoodRatings (FoodId, CustomerId, Rating, CustomerComment) values (494, 139, 4, 'fermentum justo nec condimentum neque sapien placerat');
insert into FoodRatings (FoodId, CustomerId, Rating, CustomerComment) values (244, 179, 3, 'integer non velit donec diam neque vestibulum eget vulputate ut');
insert into FoodRatings (FoodId, CustomerId, Rating, CustomerComment) values (425, 9, 2, 'ante ipsum primis in faucibus orci luctus et');
insert into FoodRatings (FoodId, CustomerId, Rating, CustomerComment) values (36, 251, 2, 'sed lacus morbi sem mauris laoreet ut rhoncus aliquet pulvinar');
insert into FoodRatings (FoodId, CustomerId, Rating, CustomerComment) values (406, 114, 4, 'vestibulum ante ipsum primis in faucibus orci luctus');
insert into FoodRatings (FoodId, CustomerId, Rating, CustomerComment) values (181, 106, 5, 'lorem ipsum dolor sit amet consectetuer adipiscing');
insert into FoodRatings (FoodId, CustomerId, Rating, CustomerComment) values (33, 0, 4, 'mus etiam vel augue vestibulum rutrum rutrum');
insert into FoodRatings (FoodId, CustomerId, Rating, CustomerComment) values (36, 95, 5, 'maecenas rhoncus aliquam lacus morbi quis tortor id nulla');
insert into FoodRatings (FoodId, CustomerId, Rating, CustomerComment) values (486, 271, 3, 'mauris enim leo rhoncus sed vestibulum sit amet cursus id');
insert into FoodRatings (FoodId, CustomerId, Rating, CustomerComment) values (396, 227, 5, 'orci luctus et ultrices posuere cubilia curae');
insert into FoodRatings (FoodId, CustomerId, Rating, CustomerComment) values (397, 131, 2, 'volutpat quam pede lobortis ligula sit amet eleifend pede');
insert into FoodRatings (FoodId, CustomerId, Rating, CustomerComment) values (262, 197, 4, 'rutrum rutrum neque aenean auctor');
insert into FoodRatings (FoodId, CustomerId, Rating, CustomerComment) values (482, 41, 2, 'viverra pede ac diam cras');
insert into FoodRatings (FoodId, CustomerId, Rating, CustomerComment) values (141, 122, 2, 'donec ut mauris eget massa tempor convallis nulla neque libero');
insert into FoodRatings (FoodId, CustomerId, Rating, CustomerComment) values (422, 135, 4, 'at lorem integer tincidunt ante vel ipsum praesent blandit lacinia');
insert into FoodRatings (FoodId, CustomerId, Rating, CustomerComment) values (389, 174, 2, 'risus praesent lectus vestibulum quam');
insert into FoodRatings (FoodId, CustomerId, Rating, CustomerComment) values (52, 254, 5, 'quis orci nullam molestie nibh in lectus pellentesque at');
insert into FoodRatings (FoodId, CustomerId, Rating, CustomerComment) values (301, 55, 3, 'tortor quis turpis sed ante vivamus');
insert into FoodRatings (FoodId, CustomerId, Rating, CustomerComment) values (85, 198, 5, 'venenatis turpis enim blandit mi in porttitor pede justo eu');
insert into FoodRatings (FoodId, CustomerId, Rating, CustomerComment) values (92, 5, 2, 'eu magna vulputate luctus cum sociis natoque penatibus et magnis');
insert into FoodRatings (FoodId, CustomerId, Rating, CustomerComment) values (497, 39, 5, 'lacinia eget tincidunt eget tempus vel pede morbi porttitor');
insert into FoodRatings (FoodId, CustomerId, Rating, CustomerComment) values (170, 102, 4, 'in quis justo maecenas rhoncus aliquam lacus morbi quis');
insert into FoodRatings (FoodId, CustomerId, Rating, CustomerComment) values (380, 134, 3, 'volutpat in congue etiam justo');
insert into FoodRatings (FoodId, CustomerId, Rating, CustomerComment) values (97, 32, 3, 'quam suspendisse potenti nullam porttitor lacus');
insert into FoodRatings (FoodId, CustomerId, Rating, CustomerComment) values (100, 118, 2, 'tempor convallis nulla neque libero convallis eget eleifend luctus ultricies');
insert into FoodRatings (FoodId, CustomerId, Rating, CustomerComment) values (317, 265, 4, 'viverra dapibus nulla suscipit ligula in lacus curabitur at');
insert into FoodRatings (FoodId, CustomerId, Rating, CustomerComment) values (136, 83, 2, 'ut massa volutpat convallis morbi odio odio');
insert into FoodRatings (FoodId, CustomerId, Rating, CustomerComment) values (419, 119, 4, 'eu felis fusce posuere felis sed lacus morbi sem');
insert into FoodRatings (FoodId, CustomerId, Rating, CustomerComment) values (341, 101, 4, 'sapien dignissim vestibulum vestibulum ante ipsum primis');
insert into FoodRatings (FoodId, CustomerId, Rating, CustomerComment) values (363, 171, 5, 'quam fringilla rhoncus mauris enim leo');
insert into FoodRatings (FoodId, CustomerId, Rating, CustomerComment) values (434, 2, 3, 'aliquam non mauris morbi non lectus aliquam sit amet diam');
insert into FoodRatings (FoodId, CustomerId, Rating, CustomerComment) values (153, 265, 2, 'pellentesque viverra pede ac diam cras pellentesque volutpat dui maecenas');
insert into FoodRatings (FoodId, CustomerId, Rating, CustomerComment) values (372, 164, 3, 'aliquam convallis nunc proin at turpis a pede posuere nonummy');
insert into FoodRatings (FoodId, CustomerId, Rating, CustomerComment) values (174, 217, 4, 'dictumst morbi vestibulum velit id pretium');
insert into FoodRatings (FoodId, CustomerId, Rating, CustomerComment) values (271, 74, 5, 'velit donec diam neque vestibulum');
insert into FoodRatings (FoodId, CustomerId, Rating, CustomerComment) values (327, 247, 4, 'sapien placerat ante nulla justo aliquam quis turpis eget');
insert into FoodRatings (FoodId, CustomerId, Rating, CustomerComment) values (359, 155, 4, 'elit proin interdum mauris non ligula pellentesque ultrices');
insert into FoodRatings (FoodId, CustomerId, Rating, CustomerComment) values (60, 129, 1, 'nunc purus phasellus in felis donec semper');
insert into FoodRatings (FoodId, CustomerId, Rating, CustomerComment) values (85, 286, 1, 'nisl ut volutpat sapien arcu sed');
insert into FoodRatings (FoodId, CustomerId, Rating, CustomerComment) values (276, 57, 4, 'augue luctus tincidunt nulla mollis molestie lorem');
insert into FoodRatings (FoodId, CustomerId, Rating, CustomerComment) values (81, 191, 1, 'elementum in hac habitasse platea dictumst morbi vestibulum velit');
insert into FoodRatings (FoodId, CustomerId, Rating, CustomerComment) values (212, 268, 2, 'quis justo maecenas rhoncus aliquam lacus morbi quis');
insert into FoodRatings (FoodId, CustomerId, Rating, CustomerComment) values (172, 267, 1, 'donec semper sapien a libero nam dui proin leo odio');
insert into FoodRatings (FoodId, CustomerId, Rating, CustomerComment) values (16, 43, 4, 'sed justo pellentesque viverra pede ac diam cras');
insert into FoodRatings (FoodId, CustomerId, Rating, CustomerComment) values (398, 6, 1, 'arcu libero rutrum ac lobortis vel dapibus at diam');
insert into FoodRatings (FoodId, CustomerId, Rating, CustomerComment) values (461, 95, 3, 'vestibulum eget vulputate ut ultrices vel augue');
insert into FoodRatings (FoodId, CustomerId, Rating, CustomerComment) values (234, 4, 5, 'sed accumsan felis ut at dolor quis odio');
insert into FoodRatings (FoodId, CustomerId, Rating, CustomerComment) values (119, 265, 5, 'leo odio porttitor id consequat in consequat ut nulla sed');
insert into FoodRatings (FoodId, CustomerId, Rating, CustomerComment) values (92, 159, 4, 'augue luctus tincidunt nulla mollis molestie');
insert into FoodRatings (FoodId, CustomerId, Rating, CustomerComment) values (64, 74, 3, 'nisi eu orci mauris lacinia sapien quis libero nullam');
insert into FoodRatings (FoodId, CustomerId, Rating, CustomerComment) values (170, 1, 1, 'primis in faucibus orci luctus et ultrices posuere cubilia curae');
insert into FoodRatings (FoodId, CustomerId, Rating, CustomerComment) values (183, 80, 5, 'lorem quisque ut erat curabitur gravida nisi at');
insert into FoodRatings (FoodId, CustomerId, Rating, CustomerComment) values (384, 76, 5, 'ridiculus mus vivamus vestibulum sagittis sapien cum');
insert into FoodRatings (FoodId, CustomerId, Rating, CustomerComment) values (135, 284, 2, 'cras non velit nec nisi vulputate nonummy');
insert into FoodRatings (FoodId, CustomerId, Rating, CustomerComment) values (134, 20, 3, 'sapien sapien non mi integer');
insert into FoodRatings (FoodId, CustomerId, Rating, CustomerComment) values (66, 54, 2, 'semper est quam pharetra magna ac consequat metus sapien ut');
insert into FoodRatings (FoodId, CustomerId, Rating, CustomerComment) values (133, 271, 3, 'curae nulla dapibus dolor vel est donec odio justo');
insert into FoodRatings (FoodId, CustomerId, Rating, CustomerComment) values (181, 136, 4, 'non ligula pellentesque ultrices phasellus id sapien');
insert into FoodRatings (FoodId, CustomerId, Rating, CustomerComment) values (277, 209, 4, 'felis donec semper sapien a');
insert into FoodRatings (FoodId, CustomerId, Rating, CustomerComment) values (314, 170, 4, 'hac habitasse platea dictumst maecenas ut massa quis');
insert into FoodRatings (FoodId, CustomerId, Rating, CustomerComment) values (448, 215, 2, 'ac est lacinia nisi venenatis tristique fusce congue diam id');
insert into FoodRatings (FoodId, CustomerId, Rating, CustomerComment) values (443, 174, 3, 'ligula pellentesque ultrices phasellus id sapien in sapien iaculis');
insert into FoodRatings (FoodId, CustomerId, Rating, CustomerComment) values (305, 80, 4, 'lobortis sapien sapien non mi integer ac');
insert into FoodRatings (FoodId, CustomerId, Rating, CustomerComment) values (185, 90, 4, 'nam congue risus semper porta volutpat quam pede lobortis');
insert into FoodRatings (FoodId, CustomerId, Rating, CustomerComment) values (318, 131, 3, 'in tempor turpis nec euismod scelerisque');
insert into FoodRatings (FoodId, CustomerId, Rating, CustomerComment) values (447, 107, 4, 'a pede posuere nonummy integer non velit donec');
insert into FoodRatings (FoodId, CustomerId, Rating, CustomerComment) values (318, 189, 1, 'posuere cubilia curae nulla dapibus');
insert into FoodRatings (FoodId, CustomerId, Rating, CustomerComment) values (322, 170, 3, 'luctus nec molestie sed justo pellentesque viverra');
insert into FoodRatings (FoodId, CustomerId, Rating, CustomerComment) values (191, 101, 3, 'in faucibus orci luctus et ultrices posuere');
insert into FoodRatings (FoodId, CustomerId, Rating, CustomerComment) values (451, 43, 4, 'tellus in sagittis dui vel nisl duis ac');
insert into FoodRatings (FoodId, CustomerId, Rating, CustomerComment) values (221, 57, 5, 'ut tellus nulla ut erat id');
insert into FoodRatings (FoodId, CustomerId, Rating, CustomerComment) values (87, 132, 4, 'arcu adipiscing molestie hendrerit at vulputate');
insert into FoodRatings (FoodId, CustomerId, Rating, CustomerComment) values (176, 217, 2, 'in quis justo maecenas rhoncus aliquam lacus morbi quis tortor');
insert into FoodRatings (FoodId, CustomerId, Rating, CustomerComment) values (499, 92, 4, 'nunc vestibulum ante ipsum primis');
insert into FoodRatings (FoodId, CustomerId, Rating, CustomerComment) values (33, 260, 3, 'tellus in sagittis dui vel');
insert into FoodRatings (FoodId, CustomerId, Rating, CustomerComment) values (74, 8, 3, 'ante vel ipsum praesent blandit lacinia');
insert into FoodRatings (FoodId, CustomerId, Rating, CustomerComment) values (485, 242, 2, 'cras mi pede malesuada in');
insert into FoodRatings (FoodId, CustomerId, Rating, CustomerComment) values (462, 299, 3, 'aliquet massa id lobortis convallis tortor risus dapibus');
insert into FoodRatings (FoodId, CustomerId, Rating, CustomerComment) values (194, 240, 2, 'sapien dignissim vestibulum vestibulum ante ipsum');
insert into FoodRatings (FoodId, CustomerId, Rating, CustomerComment) values (174, 298, 4, 'sem mauris laoreet ut rhoncus aliquet pulvinar');
insert into FoodRatings (FoodId, CustomerId, Rating, CustomerComment) values (142, 284, 2, 'morbi ut odio cras mi pede malesuada');
insert into FoodRatings (FoodId, CustomerId, Rating, CustomerComment) values (17, 111, 3, 'tempus semper est quam pharetra magna ac');
insert into FoodRatings (FoodId, CustomerId, Rating, CustomerComment) values (381, 196, 5, 'nunc proin at turpis a pede posuere nonummy integer non');
insert into FoodRatings (FoodId, CustomerId, Rating, CustomerComment) values (2, 33, 2, 'ridiculus mus etiam vel augue vestibulum rutrum rutrum neque aenean');
insert into FoodRatings (FoodId, CustomerId, Rating, CustomerComment) values (272, 31, 3, 'morbi non quam nec dui luctus rutrum nulla tellus');
insert into FoodRatings (FoodId, CustomerId, Rating, CustomerComment) values (18, 245, 1, 'lectus suspendisse potenti in eleifend quam a odio in hac');
insert into FoodRatings (FoodId, CustomerId, Rating, CustomerComment) values (256, 186, 5, 'a ipsum integer a nibh in quis justo');
insert into FoodRatings (FoodId, CustomerId, Rating, CustomerComment) values (365, 186, 5, 'vel nulla eget eros elementum pellentesque quisque');
insert into FoodRatings (FoodId, CustomerId, Rating, CustomerComment) values (132, 80, 2, 'nec molestie sed justo pellentesque viverra');
insert into FoodRatings (FoodId, CustomerId, Rating, CustomerComment) values (176, 276, 4, 'donec posuere metus vitae ipsum aliquam non');
insert into FoodRatings (FoodId, CustomerId, Rating, CustomerComment) values (497, 56, 3, 'risus praesent lectus vestibulum quam sapien varius');
insert into FoodRatings (FoodId, CustomerId, Rating, CustomerComment) values (73, 173, 4, 'primis in faucibus orci luctus et');
insert into FoodRatings (FoodId, CustomerId, Rating, CustomerComment) values (75, 285, 2, 'ac leo pellentesque ultrices mattis odio donec vitae nisi nam');
insert into FoodRatings (FoodId, CustomerId, Rating, CustomerComment) values (129, 56, 4, 'aliquam non mauris morbi non lectus');
insert into FoodRatings (FoodId, CustomerId, Rating, CustomerComment) values (204, 49, 3, 'eu mi nulla ac enim in tempor turpis nec euismod');
insert into FoodRatings (FoodId, CustomerId, Rating, CustomerComment) values (136, 180, 4, 'est risus auctor sed tristique in');
insert into FoodRatings (FoodId, CustomerId, Rating, CustomerComment) values (223, 202, 4, 'suspendisse potenti in eleifend quam a odio in hac habitasse');
insert into FoodRatings (FoodId, CustomerId, Rating, CustomerComment) values (485, 231, 1, 'proin risus praesent lectus vestibulum quam sapien');
insert into FoodRatings (FoodId, CustomerId, Rating, CustomerComment) values (143, 140, 4, 'aliquet massa id lobortis convallis tortor risus dapibus augue');
insert into FoodRatings (FoodId, CustomerId, Rating, CustomerComment) values (56, 12, 5, 'volutpat in congue etiam justo etiam pretium');
insert into FoodRatings (FoodId, CustomerId, Rating, CustomerComment) values (257, 64, 2, 'vel sem sed sagittis nam congue risus semper porta');
insert into FoodRatings (FoodId, CustomerId, Rating, CustomerComment) values (214, 198, 5, 'nunc rhoncus dui vel sem sed');
insert into FoodRatings (FoodId, CustomerId, Rating, CustomerComment) values (167, 140, 1, 'sagittis dui vel nisl duis ac nibh');
insert into FoodRatings (FoodId, CustomerId, Rating, CustomerComment) values (87, 43, 3, 'urna ut tellus nulla ut erat id mauris');
insert into FoodRatings (FoodId, CustomerId, Rating, CustomerComment) values (136, 13, 4, 'lorem ipsum dolor sit amet consectetuer');
insert into FoodRatings (FoodId, CustomerId, Rating, CustomerComment) values (487, 263, 3, 'dui vel sem sed sagittis nam congue risus');
insert into FoodRatings (FoodId, CustomerId, Rating, CustomerComment) values (40, 280, 4, 'sed tincidunt eu felis fusce posuere felis sed lacus');
insert into FoodRatings (FoodId, CustomerId, Rating, CustomerComment) values (166, 68, 1, 'odio donec vitae nisi nam ultrices libero non');
insert into FoodRatings (FoodId, CustomerId, Rating, CustomerComment) values (125, 52, 3, 'neque sapien placerat ante nulla justo aliquam');
insert into FoodRatings (FoodId, CustomerId, Rating, CustomerComment) values (259, 62, 1, 'cum sociis natoque penatibus et magnis dis parturient montes nascetur');
insert into FoodRatings (FoodId, CustomerId, Rating, CustomerComment) values (141, 128, 1, 'varius integer ac leo pellentesque');
insert into FoodRatings (FoodId, CustomerId, Rating, CustomerComment) values (417, 155, 5, 'turpis elementum ligula vehicula consequat morbi a ipsum integer a');
insert into FoodRatings (FoodId, CustomerId, Rating, CustomerComment) values (451, 219, 1, 'volutpat quam pede lobortis ligula sit amet eleifend pede');
insert into FoodRatings (FoodId, CustomerId, Rating, CustomerComment) values (304, 3, 4, 'eu est congue elementum in hac');
insert into FoodRatings (FoodId, CustomerId, Rating, CustomerComment) values (285, 156, 1, 'magna bibendum imperdiet nullam orci');
insert into FoodRatings (FoodId, CustomerId, Rating, CustomerComment) values (496, 111, 4, 'purus sit amet nulla quisque arcu libero rutrum ac lobortis');
insert into FoodRatings (FoodId, CustomerId, Rating, CustomerComment) values (198, 99, 2, 'duis faucibus accumsan odio curabitur convallis duis consequat');
insert into FoodRatings (FoodId, CustomerId, Rating, CustomerComment) values (373, 185, 1, 'diam erat fermentum justo nec condimentum neque sapien placerat');
insert into FoodRatings (FoodId, CustomerId, Rating, CustomerComment) values (156, 224, 3, 'faucibus orci luctus et ultrices posuere cubilia');
insert into FoodRatings (FoodId, CustomerId, Rating, CustomerComment) values (322, 71, 4, 'a feugiat et eros vestibulum ac est lacinia');
insert into FoodRatings (FoodId, CustomerId, Rating, CustomerComment) values (235, 125, 2, 'vel lectus in quam fringilla rhoncus mauris enim');
insert into FoodRatings (FoodId, CustomerId, Rating, CustomerComment) values (223, 95, 2, 'metus aenean fermentum donec ut');
insert into FoodRatings (FoodId, CustomerId, Rating, CustomerComment) values (351, 262, 1, 'erat curabitur gravida nisi at');
insert into FoodRatings (FoodId, CustomerId, Rating, CustomerComment) values (362, 149, 3, 'pede posuere nonummy integer non velit donec diam neque vestibulum');
insert into FoodRatings (FoodId, CustomerId, Rating, CustomerComment) values (82, 133, 1, 'ornare imperdiet sapien urna pretium');
insert into FoodRatings (FoodId, CustomerId, Rating, CustomerComment) values (456, 239, 4, 'quis augue luctus tincidunt nulla mollis molestie lorem');
insert into FoodRatings (FoodId, CustomerId, Rating, CustomerComment) values (95, 238, 2, 'quis tortor id nulla ultrices aliquet maecenas leo odio condimentum');
insert into FoodRatings (FoodId, CustomerId, Rating, CustomerComment) values (461, 52, 5, 'rutrum rutrum neque aenean auctor gravida sem praesent id massa');
insert into FoodRatings (FoodId, CustomerId, Rating, CustomerComment) values (304, 109, 5, 'tellus nisi eu orci mauris lacinia sapien quis');
insert into FoodRatings (FoodId, CustomerId, Rating, CustomerComment) values (385, 115, 1, 'aliquet massa id lobortis convallis tortor');
insert into FoodRatings (FoodId, CustomerId, Rating, CustomerComment) values (202, 33, 5, 'sit amet consectetuer adipiscing elit proin');
insert into FoodRatings (FoodId, CustomerId, Rating, CustomerComment) values (165, 187, 5, 'duis aliquam convallis nunc proin at turpis a');
insert into FoodRatings (FoodId, CustomerId, Rating, CustomerComment) values (455, 52, 5, 'ipsum praesent blandit lacinia erat vestibulum sed');
insert into FoodRatings (FoodId, CustomerId, Rating, CustomerComment) values (388, 145, 5, 'duis consequat dui nec nisi volutpat eleifend');
insert into FoodRatings (FoodId, CustomerId, Rating, CustomerComment) values (432, 151, 2, 'iaculis diam erat fermentum justo nec');
insert into FoodRatings (FoodId, CustomerId, Rating, CustomerComment) values (359, 269, 3, 'erat vestibulum sed magna at');
insert into FoodRatings (FoodId, CustomerId, Rating, CustomerComment) values (230, 50, 2, 'rutrum nulla nunc purus phasellus in');
insert into FoodRatings (FoodId, CustomerId, Rating, CustomerComment) values (426, 284, 2, 'sagittis sapien cum sociis natoque penatibus et magnis');
insert into FoodRatings (FoodId, CustomerId, Rating, CustomerComment) values (460, 185, 3, 'suscipit nulla elit ac nulla sed vel enim sit amet');
insert into FoodRatings (FoodId, CustomerId, Rating, CustomerComment) values (130, 135, 2, 'primis in faucibus orci luctus et ultrices posuere cubilia curae');
insert into FoodRatings (FoodId, CustomerId, Rating, CustomerComment) values (419, 243, 2, 'vehicula condimentum curabitur in libero ut massa volutpat');
insert into FoodRatings (FoodId, CustomerId, Rating, CustomerComment) values (180, 174, 2, 'sed justo pellentesque viverra pede ac diam cras pellentesque');
insert into FoodRatings (FoodId, CustomerId, Rating, CustomerComment) values (311, 106, 4, 'elit proin risus praesent lectus vestibulum quam');
insert into FoodRatings (FoodId, CustomerId, Rating, CustomerComment) values (119, 294, 2, 'consectetuer adipiscing elit proin risus praesent lectus vestibulum');
insert into FoodRatings (FoodId, CustomerId, Rating, CustomerComment) values (202, 201, 4, 'quis lectus suspendisse potenti in');
insert into FoodRatings (FoodId, CustomerId, Rating, CustomerComment) values (157, 131, 3, 'integer ac neque duis bibendum');
insert into FoodRatings (FoodId, CustomerId, Rating, CustomerComment) values (398, 211, 1, 'ultrices posuere cubilia curae duis faucibus');
insert into FoodRatings (FoodId, CustomerId, Rating, CustomerComment) values (114, 48, 5, 'lacus curabitur at ipsum ac');
insert into FoodRatings (FoodId, CustomerId, Rating, CustomerComment) values (371, 188, 2, 'parturient montes nascetur ridiculus mus etiam vel augue');
insert into FoodRatings (FoodId, CustomerId, Rating, CustomerComment) values (385, 272, 5, 'luctus cum sociis natoque penatibus et magnis dis parturient montes');
insert into FoodRatings (FoodId, CustomerId, Rating, CustomerComment) values (200, 297, 4, 'in magna bibendum imperdiet nullam orci');
insert into FoodRatings (FoodId, CustomerId, Rating, CustomerComment) values (416, 5, 2, 'in leo maecenas pulvinar lobortis est phasellus');
insert into FoodRatings (FoodId, CustomerId, Rating, CustomerComment) values (118, 198, 4, 'aenean lectus pellentesque eget nunc');
insert into FoodRatings (FoodId, CustomerId, Rating, CustomerComment) values (149, 168, 4, 'faucibus orci luctus et ultrices posuere');
insert into FoodRatings (FoodId, CustomerId, Rating, CustomerComment) values (215, 45, 2, 'dolor quis odio consequat varius');
insert into FoodRatings (FoodId, CustomerId, Rating, CustomerComment) values (462, 51, 4, 'dictumst maecenas ut massa quis augue luctus tincidunt');
insert into FoodRatings (FoodId, CustomerId, Rating, CustomerComment) values (37, 271, 5, 'id consequat in consequat ut nulla sed accumsan felis ut');
insert into FoodRatings (FoodId, CustomerId, Rating, CustomerComment) values (15, 181, 2, 'bibendum morbi non quam nec dui luctus rutrum nulla');
insert into FoodRatings (FoodId, CustomerId, Rating, CustomerComment) values (296, 20, 3, 'quis libero nullam sit amet turpis');
insert into FoodRatings (FoodId, CustomerId, Rating, CustomerComment) values (470, 97, 5, 'faucibus orci luctus et ultrices posuere cubilia');
insert into FoodRatings (FoodId, CustomerId, Rating, CustomerComment) values (50, 131, 3, 'curae duis faucibus accumsan odio curabitur');
insert into FoodRatings (FoodId, CustomerId, Rating, CustomerComment) values (85, 159, 2, 'convallis nunc proin at turpis');
insert into FoodRatings (FoodId, CustomerId, Rating, CustomerComment) values (368, 13, 2, 'elit proin interdum mauris non ligula pellentesque ultrices');
insert into FoodRatings (FoodId, CustomerId, Rating, CustomerComment) values (418, 192, 5, 'tempus vivamus in felis eu');
insert into FoodRatings (FoodId, CustomerId, Rating, CustomerComment) values (361, 252, 3, 'adipiscing molestie hendrerit at vulputate vitae nisl aenean lectus');
insert into FoodRatings (FoodId, CustomerId, Rating, CustomerComment) values (459, 132, 2, 'turpis integer aliquet massa id lobortis convallis tortor');
insert into FoodRatings (FoodId, CustomerId, Rating, CustomerComment) values (238, 153, 4, 'ut odio cras mi pede');
insert into FoodRatings (FoodId, CustomerId, Rating, CustomerComment) values (108, 41, 3, 'posuere cubilia curae duis faucibus accumsan odio curabitur convallis duis');
insert into FoodRatings (FoodId, CustomerId, Rating, CustomerComment) values (308, 173, 3, 'enim in tempor turpis nec euismod');
insert into FoodRatings (FoodId, CustomerId, Rating, CustomerComment) values (212, 269, 3, 'adipiscing elit proin interdum mauris non ligula pellentesque ultrices phasellus');
insert into FoodRatings (FoodId, CustomerId, Rating, CustomerComment) values (63, 245, 5, 'aliquet ultrices erat tortor sollicitudin mi');
insert into FoodRatings (FoodId, CustomerId, Rating, CustomerComment) values (249, 192, 1, 'ipsum praesent blandit lacinia erat vestibulum');
insert into FoodRatings (FoodId, CustomerId, Rating, CustomerComment) values (456, 61, 2, 'nec nisi vulputate nonummy maecenas tincidunt lacus at velit');
insert into FoodRatings (FoodId, CustomerId, Rating, CustomerComment) values (115, 10, 4, 'integer non velit donec diam neque');
insert into FoodRatings (FoodId, CustomerId, Rating, CustomerComment) values (268, 96, 1, 'potenti cras in purus eu');
insert into FoodRatings (FoodId, CustomerId, Rating, CustomerComment) values (400, 33, 2, 'montes nascetur ridiculus mus vivamus vestibulum sagittis');
insert into FoodRatings (FoodId, CustomerId, Rating, CustomerComment) values (50, 264, 5, 'at turpis donec posuere metus vitae ipsum aliquam non mauris');
insert into FoodRatings (FoodId, CustomerId, Rating, CustomerComment) values (346, 272, 2, 'eleifend luctus ultricies eu nibh');
insert into FoodRatings (FoodId, CustomerId, Rating, CustomerComment) values (366, 160, 1, 'nullam molestie nibh in lectus pellentesque at nulla suspendisse');
insert into FoodRatings (FoodId, CustomerId, Rating, CustomerComment) values (275, 197, 2, 'phasellus in felis donec semper sapien a libero nam dui');
insert into FoodRatings (FoodId, CustomerId, Rating, CustomerComment) values (111, 171, 5, 'suspendisse potenti cras in purus eu magna vulputate luctus');
insert into FoodRatings (FoodId, CustomerId, Rating, CustomerComment) values (257, 172, 2, 'arcu adipiscing molestie hendrerit at vulputate vitae');
insert into FoodRatings (FoodId, CustomerId, Rating, CustomerComment) values (143, 222, 3, 'mollis molestie lorem quisque ut');
insert into FoodRatings (FoodId, CustomerId, Rating, CustomerComment) values (73, 107, 3, 'orci luctus et ultrices posuere cubilia');
insert into FoodRatings (FoodId, CustomerId, Rating, CustomerComment) values (484, 204, 3, 'nam nulla integer pede justo lacinia eget');
insert into FoodRatings (FoodId, CustomerId, Rating, CustomerComment) values (196, 197, 2, 'faucibus accumsan odio curabitur convallis');
insert into FoodRatings (FoodId, CustomerId, Rating, CustomerComment) values (113, 10, 1, 'aenean lectus pellentesque eget nunc donec quis orci eget orci');
insert into FoodRatings (FoodId, CustomerId, Rating, CustomerComment) values (258, 69, 2, 'sed interdum venenatis turpis enim blandit mi in porttitor pede');
insert into FoodRatings (FoodId, CustomerId, Rating, CustomerComment) values (100, 156, 4, 'viverra eget congue eget semper rutrum nulla nunc purus phasellus');
insert into FoodRatings (FoodId, CustomerId, Rating, CustomerComment) values (187, 133, 1, 'enim in tempor turpis nec euismod scelerisque quam turpis adipiscing');
insert into FoodRatings (FoodId, CustomerId, Rating, CustomerComment) values (435, 106, 4, 'egestas metus aenean fermentum donec ut mauris eget massa tempor');
insert into FoodRatings (FoodId, CustomerId, Rating, CustomerComment) values (393, 256, 1, 'erat fermentum justo nec condimentum neque sapien placerat ante nulla');
insert into FoodRatings (FoodId, CustomerId, Rating, CustomerComment) values (460, 7, 2, 'donec quis orci eget orci vehicula condimentum curabitur');
insert into FoodRatings (FoodId, CustomerId, Rating, CustomerComment) values (407, 98, 3, 'ut blandit non interdum in ante vestibulum');
insert into FoodRatings (FoodId, CustomerId, Rating, CustomerComment) values (186, 166, 2, 'pretium quis lectus suspendisse potenti in eleifend quam a');
insert into FoodRatings (FoodId, CustomerId, Rating, CustomerComment) values (58, 105, 2, 'quis orci nullam molestie nibh in lectus pellentesque');
insert into FoodRatings (FoodId, CustomerId, Rating, CustomerComment) values (138, 143, 5, 'eget eleifend luctus ultricies eu nibh quisque');
insert into FoodRatings (FoodId, CustomerId, Rating, CustomerComment) values (190, 19, 2, 'amet nunc viverra dapibus nulla suscipit ligula in lacus curabitur');
insert into FoodRatings (FoodId, CustomerId, Rating, CustomerComment) values (199, 42, 3, 'quis libero nullam sit amet turpis elementum');
insert into FoodRatings (FoodId, CustomerId, Rating, CustomerComment) values (252, 229, 3, 'tincidunt lacus at velit vivamus vel nulla eget');
insert into FoodRatings (FoodId, CustomerId, Rating, CustomerComment) values (413, 160, 2, 'convallis duis consequat dui nec nisi volutpat eleifend');
insert into FoodRatings (FoodId, CustomerId, Rating, CustomerComment) values (377, 34, 5, 'condimentum neque sapien placerat ante nulla justo aliquam quis turpis');
insert into FoodRatings (FoodId, CustomerId, Rating, CustomerComment) values (119, 179, 3, 'ac diam cras pellentesque volutpat');
insert into FoodRatings (FoodId, CustomerId, Rating, CustomerComment) values (98, 52, 3, 'dapibus dolor vel est donec odio justo sollicitudin ut');
insert into FoodRatings (FoodId, CustomerId, Rating, CustomerComment) values (138, 143, 5, 'convallis eget eleifend luctus ultricies eu nibh quisque');
insert into FoodRatings (FoodId, CustomerId, Rating, CustomerComment) values (117, 63, 1, 'nulla pede ullamcorper augue a suscipit nulla');
insert into FoodRatings (FoodId, CustomerId, Rating, CustomerComment) values (93, 186, 2, 'rhoncus dui vel sem sed');
insert into FoodRatings (FoodId, CustomerId, Rating, CustomerComment) values (274, 88, 4, 'quis libero nullam sit amet turpis elementum');
insert into FoodRatings (FoodId, CustomerId, Rating, CustomerComment) values (151, 91, 1, 'in est risus auctor sed tristique');
insert into FoodRatings (FoodId, CustomerId, Rating, CustomerComment) values (305, 87, 2, 'et eros vestibulum ac est lacinia');
insert into FoodRatings (FoodId, CustomerId, Rating, CustomerComment) values (290, 177, 5, 'eget elit sodales scelerisque mauris sit amet eros');
insert into FoodRatings (FoodId, CustomerId, Rating, CustomerComment) values (421, 221, 2, 'luctus et ultrices posuere cubilia curae');
insert into FoodRatings (FoodId, CustomerId, Rating, CustomerComment) values (86, 20, 2, 'nascetur ridiculus mus vivamus vestibulum sagittis');
insert into FoodRatings (FoodId, CustomerId, Rating, CustomerComment) values (224, 186, 5, 'justo etiam pretium iaculis justo in hac habitasse');
insert into FoodRatings (FoodId, CustomerId, Rating, CustomerComment) values (26, 92, 4, 'fermentum justo nec condimentum neque');
insert into FoodRatings (FoodId, CustomerId, Rating, CustomerComment) values (131, 239, 5, 'tellus in sagittis dui vel nisl duis ac nibh');
insert into FoodRatings (FoodId, CustomerId, Rating, CustomerComment) values (309, 30, 4, 'suscipit nulla elit ac nulla sed vel enim sit amet');
insert into FoodRatings (FoodId, CustomerId, Rating, CustomerComment) values (23, 88, 2, 'curae donec pharetra magna vestibulum aliquet ultrices erat tortor');
insert into FoodRatings (FoodId, CustomerId, Rating, CustomerComment) values (120, 46, 5, 'risus auctor sed tristique in tempus sit');
insert into FoodRatings (FoodId, CustomerId, Rating, CustomerComment) values (460, 144, 1, 'elit proin interdum mauris non ligula pellentesque ultrices');
insert into FoodRatings (FoodId, CustomerId, Rating, CustomerComment) values (207, 184, 3, 'viverra diam vitae quam suspendisse potenti nullam porttitor');
insert into FoodRatings (FoodId, CustomerId, Rating, CustomerComment) values (9, 158, 1, 'aenean lectus pellentesque eget nunc donec quis orci');
insert into FoodRatings (FoodId, CustomerId, Rating, CustomerComment) values (64, 243, 3, 'in ante vestibulum ante ipsum primis in');
insert into FoodRatings (FoodId, CustomerId, Rating, CustomerComment) values (316, 250, 4, 'justo sit amet sapien dignissim vestibulum vestibulum ante ipsum primis');
insert into FoodRatings (FoodId, CustomerId, Rating, CustomerComment) values (431, 171, 1, 'et magnis dis parturient montes nascetur ridiculus mus vivamus vestibulum');
insert into FoodRatings (FoodId, CustomerId, Rating, CustomerComment) values (228, 74, 1, 'lorem integer tincidunt ante vel ipsum praesent blandit lacinia erat');
insert into FoodRatings (FoodId, CustomerId, Rating, CustomerComment) values (200, 231, 3, 'ligula nec sem duis aliquam');
insert into FoodRatings (FoodId, CustomerId, Rating, CustomerComment) values (366, 5, 5, 'lacus purus aliquet at feugiat non pretium quis');
insert into FoodRatings (FoodId, CustomerId, Rating, CustomerComment) values (270, 74, 1, 'pede ac diam cras pellentesque volutpat');
insert into FoodRatings (FoodId, CustomerId, Rating, CustomerComment) values (408, 33, 2, 'eget nunc donec quis orci eget');
insert into FoodRatings (FoodId, CustomerId, Rating, CustomerComment) values (359, 73, 5, 'aliquet maecenas leo odio condimentum id luctus nec molestie');
insert into FoodRatings (FoodId, CustomerId, Rating, CustomerComment) values (316, 86, 3, 'volutpat erat quisque erat eros viverra');
insert into FoodRatings (FoodId, CustomerId, Rating, CustomerComment) values (116, 154, 4, 'rhoncus dui vel sem sed sagittis nam congue risus');
insert into FoodRatings (FoodId, CustomerId, Rating, CustomerComment) values (146, 256, 3, 'sapien a libero nam dui proin leo');
insert into FoodRatings (FoodId, CustomerId, Rating, CustomerComment) values (411, 107, 2, 'nibh in lectus pellentesque at nulla suspendisse potenti cras');
insert into FoodRatings (FoodId, CustomerId, Rating, CustomerComment) values (83, 7, 2, 'vestibulum rutrum rutrum neque aenean auctor gravida sem');
insert into FoodRatings (FoodId, CustomerId, Rating, CustomerComment) values (72, 258, 2, 'magna at nunc commodo placerat praesent blandit nam');
insert into FoodRatings (FoodId, CustomerId, Rating, CustomerComment) values (159, 277, 5, 'pretium iaculis diam erat fermentum justo nec condimentum neque sapien');
insert into FoodRatings (FoodId, CustomerId, Rating, CustomerComment) values (225, 229, 3, 'non quam nec dui luctus rutrum nulla');
insert into FoodRatings (FoodId, CustomerId, Rating, CustomerComment) values (484, 199, 5, 'pellentesque at nulla suspendisse potenti cras in purus eu');
insert into FoodRatings (FoodId, CustomerId, Rating, CustomerComment) values (360, 35, 2, 'diam cras pellentesque volutpat dui maecenas tristique');
insert into FoodRatings (FoodId, CustomerId, Rating, CustomerComment) values (175, 254, 5, 'justo in hac habitasse platea');
insert into FoodRatings (FoodId, CustomerId, Rating, CustomerComment) values (39, 25, 3, 'venenatis lacinia aenean sit amet');
insert into FoodRatings (FoodId, CustomerId, Rating, CustomerComment) values (38, 39, 1, 'interdum venenatis turpis enim blandit mi in');
insert into FoodRatings (FoodId, CustomerId, Rating, CustomerComment) values (374, 229, 5, 'luctus cum sociis natoque penatibus et magnis dis parturient montes');
insert into FoodRatings (FoodId, CustomerId, Rating, CustomerComment) values (401, 187, 4, 'nulla ac enim in tempor');
insert into FoodRatings (FoodId, CustomerId, Rating, CustomerComment) values (448, 270, 1, 'gravida sem praesent id massa');
insert into FoodRatings (FoodId, CustomerId, Rating, CustomerComment) values (334, 46, 2, 'sed tristique in tempus sit');
insert into FoodRatings (FoodId, CustomerId, Rating, CustomerComment) values (60, 123, 5, 'sapien iaculis congue vivamus metus arcu adipiscing molestie hendrerit');
insert into FoodRatings (FoodId, CustomerId, Rating, CustomerComment) values (429, 181, 2, 'porttitor lorem id ligula suspendisse ornare consequat lectus in est');
insert into FoodRatings (FoodId, CustomerId, Rating, CustomerComment) values (297, 117, 4, 'arcu adipiscing molestie hendrerit at vulputate vitae');
insert into FoodRatings (FoodId, CustomerId, Rating, CustomerComment) values (384, 87, 3, 'quam turpis adipiscing lorem vitae mattis nibh ligula nec');
insert into FoodRatings (FoodId, CustomerId, Rating, CustomerComment) values (441, 35, 2, 'in consequat ut nulla sed accumsan felis');
insert into FoodRatings (FoodId, CustomerId, Rating, CustomerComment) values (372, 188, 2, 'curabitur gravida nisi at nibh in');
insert into FoodRatings (FoodId, CustomerId, Rating, CustomerComment) values (407, 159, 3, 'donec vitae nisi nam ultrices libero non mattis pulvinar nulla');
insert into FoodRatings (FoodId, CustomerId, Rating, CustomerComment) values (148, 27, 5, 'nulla mollis molestie lorem quisque ut erat curabitur gravida nisi');
insert into FoodRatings (FoodId, CustomerId, Rating, CustomerComment) values (284, 292, 3, 'at nulla suspendisse potenti cras in purus');
insert into FoodRatings (FoodId, CustomerId, Rating, CustomerComment) values (15, 5, 3, 'congue diam id ornare imperdiet sapien urna pretium nisl');
insert into FoodRatings (FoodId, CustomerId, Rating, CustomerComment) values (68, 124, 4, 'semper interdum mauris ullamcorper purus sit amet nulla quisque arcu');
insert into FoodRatings (FoodId, CustomerId, Rating, CustomerComment) values (299, 147, 2, 'vivamus in felis eu sapien cursus vestibulum proin eu mi');
insert into FoodRatings (FoodId, CustomerId, Rating, CustomerComment) values (276, 167, 1, 'vel nisl duis ac nibh fusce lacus purus');
insert into FoodRatings (FoodId, CustomerId, Rating, CustomerComment) values (289, 273, 1, 'nec nisi vulputate nonummy maecenas tincidunt lacus at velit vivamus');
insert into FoodRatings (FoodId, CustomerId, Rating, CustomerComment) values (64, 106, 1, 'justo etiam pretium iaculis justo in hac habitasse platea');
insert into FoodRatings (FoodId, CustomerId, Rating, CustomerComment) values (180, 65, 3, 'vel lectus in quam fringilla rhoncus mauris enim');
insert into FoodRatings (FoodId, CustomerId, Rating, CustomerComment) values (329, 36, 4, 'consequat ut nulla sed accumsan felis ut at dolor quis');
insert into FoodRatings (FoodId, CustomerId, Rating, CustomerComment) values (388, 188, 2, 'orci luctus et ultrices posuere cubilia curae mauris viverra');
insert into FoodRatings (FoodId, CustomerId, Rating, CustomerComment) values (261, 143, 1, 'consequat ut nulla sed accumsan felis ut at');
insert into FoodRatings (FoodId, CustomerId, Rating, CustomerComment) values (11, 120, 1, 'a ipsum integer a nibh in quis justo maecenas');
insert into FoodRatings (FoodId, CustomerId, Rating, CustomerComment) values (109, 76, 3, 'vehicula consequat morbi a ipsum integer a nibh in');
insert into FoodRatings (FoodId, CustomerId, Rating, CustomerComment) values (379, 85, 1, 'dictumst aliquam augue quam sollicitudin');
insert into FoodRatings (FoodId, CustomerId, Rating, CustomerComment) values (144, 199, 1, 'consequat in consequat ut nulla');
insert into FoodRatings (FoodId, CustomerId, Rating, CustomerComment) values (347, 25, 2, 'consequat varius integer ac leo pellentesque ultrices mattis odio donec');
insert into FoodRatings (FoodId, CustomerId, Rating, CustomerComment) values (296, 151, 3, 'in consequat ut nulla sed accumsan felis ut');
insert into FoodRatings (FoodId, CustomerId, Rating, CustomerComment) values (338, 17, 5, 'vel dapibus at diam nam');
insert into FoodRatings (FoodId, CustomerId, Rating, CustomerComment) values (123, 82, 1, 'felis fusce posuere felis sed lacus morbi sem mauris');
insert into FoodRatings (FoodId, CustomerId, Rating, CustomerComment) values (300, 48, 3, 'pharetra magna ac consequat metus sapien');
insert into FoodRatings (FoodId, CustomerId, Rating, CustomerComment) values (126, 176, 4, 'justo pellentesque viverra pede ac diam cras');
insert into FoodRatings (FoodId, CustomerId, Rating, CustomerComment) values (163, 149, 2, 'nulla justo aliquam quis turpis');
insert into FoodRatings (FoodId, CustomerId, Rating, CustomerComment) values (225, 27, 4, 'in felis donec semper sapien a');
insert into FoodRatings (FoodId, CustomerId, Rating, CustomerComment) values (396, 123, 2, 'dictumst aliquam augue quam sollicitudin vitae consectetuer eget');
insert into FoodRatings (FoodId, CustomerId, Rating, CustomerComment) values (460, 16, 4, 'sed lacus morbi sem mauris laoreet');
insert into FoodRatings (FoodId, CustomerId, Rating, CustomerComment) values (44, 115, 1, 'in tempus sit amet sem fusce consequat nulla nisl nunc');
insert into FoodRatings (FoodId, CustomerId, Rating, CustomerComment) values (476, 118, 1, 'justo pellentesque viverra pede ac diam');
insert into FoodRatings (FoodId, CustomerId, Rating, CustomerComment) values (223, 26, 5, 'facilisi cras non velit nec nisi vulputate nonummy maecenas tincidunt');
insert into FoodRatings (FoodId, CustomerId, Rating, CustomerComment) values (490, 101, 1, 'in hac habitasse platea dictumst');
insert into FoodRatings (FoodId, CustomerId, Rating, CustomerComment) values (493, 134, 4, 'amet sem fusce consequat nulla nisl nunc');
insert into FoodRatings (FoodId, CustomerId, Rating, CustomerComment) values (469, 130, 2, 'lacus at turpis donec posuere metus vitae ipsum');
insert into FoodRatings (FoodId, CustomerId, Rating, CustomerComment) values (99, 265, 2, 'sit amet turpis elementum ligula vehicula');
insert into FoodRatings (FoodId, CustomerId, Rating, CustomerComment) values (425, 140, 1, 'nulla ut erat id mauris vulputate elementum nullam');
insert into FoodRatings (FoodId, CustomerId, Rating, CustomerComment) values (444, 239, 1, 'ipsum primis in faucibus orci luctus et ultrices posuere cubilia');
insert into FoodRatings (FoodId, CustomerId, Rating, CustomerComment) values (232, 150, 2, 'odio consequat varius integer ac leo pellentesque ultrices mattis');
insert into FoodRatings (FoodId, CustomerId, Rating, CustomerComment) values (257, 296, 4, 'in faucibus orci luctus et ultrices posuere');
insert into FoodRatings (FoodId, CustomerId, Rating, CustomerComment) values (271, 223, 2, 'a feugiat et eros vestibulum');
insert into FoodRatings (FoodId, CustomerId, Rating, CustomerComment) values (324, 94, 1, 'nec sem duis aliquam convallis nunc proin at turpis a');
insert into FoodRatings (FoodId, CustomerId, Rating, CustomerComment) values (282, 185, 4, 'ornare imperdiet sapien urna pretium nisl ut volutpat sapien arcu');
insert into FoodRatings (FoodId, CustomerId, Rating, CustomerComment) values (324, 34, 1, 'faucibus orci luctus et ultrices');
insert into FoodRatings (FoodId, CustomerId, Rating, CustomerComment) values (17, 193, 3, 'risus dapibus augue vel accumsan tellus nisi eu');
insert into FoodRatings (FoodId, CustomerId, Rating, CustomerComment) values (15, 188, 4, 'semper interdum mauris ullamcorper purus sit amet nulla');
insert into FoodRatings (FoodId, CustomerId, Rating, CustomerComment) values (91, 115, 2, 'ornare consequat lectus in est risus');
insert into FoodRatings (FoodId, CustomerId, Rating, CustomerComment) values (439, 252, 5, 'a ipsum integer a nibh in quis justo maecenas');
insert into FoodRatings (FoodId, CustomerId, Rating, CustomerComment) values (378, 114, 3, 'faucibus orci luctus et ultrices posuere cubilia curae duis faucibus');
insert into FoodRatings (FoodId, CustomerId, Rating, CustomerComment) values (120, 234, 4, 'interdum venenatis turpis enim blandit mi in porttitor pede justo');
insert into FoodRatings (FoodId, CustomerId, Rating, CustomerComment) values (135, 226, 5, 'quisque erat eros viverra eget congue eget');
insert into FoodRatings (FoodId, CustomerId, Rating, CustomerComment) values (332, 25, 3, 'quam turpis adipiscing lorem vitae mattis nibh ligula');

insert into LoyalityCards (CustomerId, RestaurantId, LoyalityCard) values (113, 372, true);
insert into LoyalityCards (CustomerId, RestaurantId, LoyalityCard) values (311, 425, false);
insert into LoyalityCards (CustomerId, RestaurantId, LoyalityCard) values (48, 310, true);
insert into LoyalityCards (CustomerId, RestaurantId, LoyalityCard) values (99, 312, true);
insert into LoyalityCards (CustomerId, RestaurantId, LoyalityCard) values (91, 196, true);
insert into LoyalityCards (CustomerId, RestaurantId, LoyalityCard) values (3, 31, false);
insert into LoyalityCards (CustomerId, RestaurantId, LoyalityCard) values (290, 478, true);
insert into LoyalityCards (CustomerId, RestaurantId, LoyalityCard) values (35, 9, false);
insert into LoyalityCards (CustomerId, RestaurantId, LoyalityCard) values (357, 466, true);
insert into LoyalityCards (CustomerId, RestaurantId, LoyalityCard) values (387, 491, true);
insert into LoyalityCards (CustomerId, RestaurantId, LoyalityCard) values (260, 247, false);
insert into LoyalityCards (CustomerId, RestaurantId, LoyalityCard) values (336, 404, false);
insert into LoyalityCards (CustomerId, RestaurantId, LoyalityCard) values (261, 254, false);
insert into LoyalityCards (CustomerId, RestaurantId, LoyalityCard) values (133, 43, false);
insert into LoyalityCards (CustomerId, RestaurantId, LoyalityCard) values (458, 17, false);
insert into LoyalityCards (CustomerId, RestaurantId, LoyalityCard) values (377, 156, true);
insert into LoyalityCards (CustomerId, RestaurantId, LoyalityCard) values (87, 66, true);
insert into LoyalityCards (CustomerId, RestaurantId, LoyalityCard) values (55, 343, true);
insert into LoyalityCards (CustomerId, RestaurantId, LoyalityCard) values (70, 27, false);
insert into LoyalityCards (CustomerId, RestaurantId, LoyalityCard) values (214, 426, false);
insert into LoyalityCards (CustomerId, RestaurantId, LoyalityCard) values (98, 74, true);
insert into LoyalityCards (CustomerId, RestaurantId, LoyalityCard) values (176, 349, true);
insert into LoyalityCards (CustomerId, RestaurantId, LoyalityCard) values (399, 42, false);
insert into LoyalityCards (CustomerId, RestaurantId, LoyalityCard) values (86, 177, true);
insert into LoyalityCards (CustomerId, RestaurantId, LoyalityCard) values (246, 136, false);
insert into LoyalityCards (CustomerId, RestaurantId, LoyalityCard) values (262, 249, true);
insert into LoyalityCards (CustomerId, RestaurantId, LoyalityCard) values (444, 225, true);
insert into LoyalityCards (CustomerId, RestaurantId, LoyalityCard) values (129, 298, false);
insert into LoyalityCards (CustomerId, RestaurantId, LoyalityCard) values (284, 349, true);
insert into LoyalityCards (CustomerId, RestaurantId, LoyalityCard) values (263, 226, false);
insert into LoyalityCards (CustomerId, RestaurantId, LoyalityCard) values (393, 135, true);
insert into LoyalityCards (CustomerId, RestaurantId, LoyalityCard) values (305, 230, true);
insert into LoyalityCards (CustomerId, RestaurantId, LoyalityCard) values (338, 346, false);
insert into LoyalityCards (CustomerId, RestaurantId, LoyalityCard) values (102, 170, true);
insert into LoyalityCards (CustomerId, RestaurantId, LoyalityCard) values (215, 286, true);
insert into LoyalityCards (CustomerId, RestaurantId, LoyalityCard) values (408, 214, false);
insert into LoyalityCards (CustomerId, RestaurantId, LoyalityCard) values (475, 135, true);
insert into LoyalityCards (CustomerId, RestaurantId, LoyalityCard) values (201, 90, false);
insert into LoyalityCards (CustomerId, RestaurantId, LoyalityCard) values (172, 497, true);
insert into LoyalityCards (CustomerId, RestaurantId, LoyalityCard) values (0, 128, false);
insert into LoyalityCards (CustomerId, RestaurantId, LoyalityCard) values (130, 62, true);
insert into LoyalityCards (CustomerId, RestaurantId, LoyalityCard) values (496, 297, true);
insert into LoyalityCards (CustomerId, RestaurantId, LoyalityCard) values (446, 491, true);
insert into LoyalityCards (CustomerId, RestaurantId, LoyalityCard) values (214, 389, true);
insert into LoyalityCards (CustomerId, RestaurantId, LoyalityCard) values (18, 21, true);
insert into LoyalityCards (CustomerId, RestaurantId, LoyalityCard) values (312, 147, false);
insert into LoyalityCards (CustomerId, RestaurantId, LoyalityCard) values (157, 254, true);
insert into LoyalityCards (CustomerId, RestaurantId, LoyalityCard) values (241, 145, true);
insert into LoyalityCards (CustomerId, RestaurantId, LoyalityCard) values (477, 54, true);
insert into LoyalityCards (CustomerId, RestaurantId, LoyalityCard) values (75, 451, false);
insert into LoyalityCards (CustomerId, RestaurantId, LoyalityCard) values (402, 99, true);
insert into LoyalityCards (CustomerId, RestaurantId, LoyalityCard) values (96, 41, false);
insert into LoyalityCards (CustomerId, RestaurantId, LoyalityCard) values (394, 164, false);
insert into LoyalityCards (CustomerId, RestaurantId, LoyalityCard) values (60, 484, false);
insert into LoyalityCards (CustomerId, RestaurantId, LoyalityCard) values (399, 51, false);
insert into LoyalityCards (CustomerId, RestaurantId, LoyalityCard) values (461, 348, false);
insert into LoyalityCards (CustomerId, RestaurantId, LoyalityCard) values (400, 401, true);
insert into LoyalityCards (CustomerId, RestaurantId, LoyalityCard) values (311, 253, true);
insert into LoyalityCards (CustomerId, RestaurantId, LoyalityCard) values (152, 183, true);
insert into LoyalityCards (CustomerId, RestaurantId, LoyalityCard) values (450, 18, true);
insert into LoyalityCards (CustomerId, RestaurantId, LoyalityCard) values (379, 276, true);
insert into LoyalityCards (CustomerId, RestaurantId, LoyalityCard) values (252, 399, true);
insert into LoyalityCards (CustomerId, RestaurantId, LoyalityCard) values (35, 311, true);
insert into LoyalityCards (CustomerId, RestaurantId, LoyalityCard) values (219, 182, true);
insert into LoyalityCards (CustomerId, RestaurantId, LoyalityCard) values (135, 43, false);
insert into LoyalityCards (CustomerId, RestaurantId, LoyalityCard) values (53, 77, false);
insert into LoyalityCards (CustomerId, RestaurantId, LoyalityCard) values (473, 288, false);
insert into LoyalityCards (CustomerId, RestaurantId, LoyalityCard) values (287, 448, true);
insert into LoyalityCards (CustomerId, RestaurantId, LoyalityCard) values (255, 382, true);
insert into LoyalityCards (CustomerId, RestaurantId, LoyalityCard) values (279, 128, true);
insert into LoyalityCards (CustomerId, RestaurantId, LoyalityCard) values (124, 24, true);
insert into LoyalityCards (CustomerId, RestaurantId, LoyalityCard) values (76, 249, false);
insert into LoyalityCards (CustomerId, RestaurantId, LoyalityCard) values (429, 54, true);
insert into LoyalityCards (CustomerId, RestaurantId, LoyalityCard) values (188, 245, true);
insert into LoyalityCards (CustomerId, RestaurantId, LoyalityCard) values (24, 122, false);
insert into LoyalityCards (CustomerId, RestaurantId, LoyalityCard) values (134, 94, true);
insert into LoyalityCards (CustomerId, RestaurantId, LoyalityCard) values (429, 168, false);
insert into LoyalityCards (CustomerId, RestaurantId, LoyalityCard) values (124, 67, false);
insert into LoyalityCards (CustomerId, RestaurantId, LoyalityCard) values (37, 428, false);
insert into LoyalityCards (CustomerId, RestaurantId, LoyalityCard) values (225, 393, true);
insert into LoyalityCards (CustomerId, RestaurantId, LoyalityCard) values (390, 229, true);
insert into LoyalityCards (CustomerId, RestaurantId, LoyalityCard) values (257, 358, true);
insert into LoyalityCards (CustomerId, RestaurantId, LoyalityCard) values (48, 8, true);
insert into LoyalityCards (CustomerId, RestaurantId, LoyalityCard) values (214, 351, false);
insert into LoyalityCards (CustomerId, RestaurantId, LoyalityCard) values (90, 191, false);
insert into LoyalityCards (CustomerId, RestaurantId, LoyalityCard) values (253, 131, true);
insert into LoyalityCards (CustomerId, RestaurantId, LoyalityCard) values (308, 386, false);
insert into LoyalityCards (CustomerId, RestaurantId, LoyalityCard) values (223, 395, true);
insert into LoyalityCards (CustomerId, RestaurantId, LoyalityCard) values (213, 55, true);
insert into LoyalityCards (CustomerId, RestaurantId, LoyalityCard) values (100, 375, false);
insert into LoyalityCards (CustomerId, RestaurantId, LoyalityCard) values (154, 357, true);
insert into LoyalityCards (CustomerId, RestaurantId, LoyalityCard) values (428, 290, false);
insert into LoyalityCards (CustomerId, RestaurantId, LoyalityCard) values (7, 424, false);
insert into LoyalityCards (CustomerId, RestaurantId, LoyalityCard) values (430, 290, true);
insert into LoyalityCards (CustomerId, RestaurantId, LoyalityCard) values (34, 306, true);
insert into LoyalityCards (CustomerId, RestaurantId, LoyalityCard) values (214, 92, true);
insert into LoyalityCards (CustomerId, RestaurantId, LoyalityCard) values (63, 339, false);
insert into LoyalityCards (CustomerId, RestaurantId, LoyalityCard) values (455, 194, false);
insert into LoyalityCards (CustomerId, RestaurantId, LoyalityCard) values (31, 99, true);
insert into LoyalityCards (CustomerId, RestaurantId, LoyalityCard) values (428, 375, true);
insert into LoyalityCards (CustomerId, RestaurantId, LoyalityCard) values (390, 47, false);
insert into LoyalityCards (CustomerId, RestaurantId, LoyalityCard) values (401, 38, false);
insert into LoyalityCards (CustomerId, RestaurantId, LoyalityCard) values (365, 290, true);
insert into LoyalityCards (CustomerId, RestaurantId, LoyalityCard) values (298, 340, true);
insert into LoyalityCards (CustomerId, RestaurantId, LoyalityCard) values (290, 63, true);
insert into LoyalityCards (CustomerId, RestaurantId, LoyalityCard) values (382, 433, false);
insert into LoyalityCards (CustomerId, RestaurantId, LoyalityCard) values (99, 130, false);
insert into LoyalityCards (CustomerId, RestaurantId, LoyalityCard) values (493, 470, true);
insert into LoyalityCards (CustomerId, RestaurantId, LoyalityCard) values (367, 453, false);
insert into LoyalityCards (CustomerId, RestaurantId, LoyalityCard) values (190, 217, true);
insert into LoyalityCards (CustomerId, RestaurantId, LoyalityCard) values (402, 21, false);
insert into LoyalityCards (CustomerId, RestaurantId, LoyalityCard) values (146, 356, false);
insert into LoyalityCards (CustomerId, RestaurantId, LoyalityCard) values (430, 342, false);
insert into LoyalityCards (CustomerId, RestaurantId, LoyalityCard) values (200, 361, true);
insert into LoyalityCards (CustomerId, RestaurantId, LoyalityCard) values (354, 55, true);
insert into LoyalityCards (CustomerId, RestaurantId, LoyalityCard) values (162, 171, true);
insert into LoyalityCards (CustomerId, RestaurantId, LoyalityCard) values (2, 189, true);
insert into LoyalityCards (CustomerId, RestaurantId, LoyalityCard) values (407, 305, false);
insert into LoyalityCards (CustomerId, RestaurantId, LoyalityCard) values (453, 89, false);
insert into LoyalityCards (CustomerId, RestaurantId, LoyalityCard) values (83, 114, true);
insert into LoyalityCards (CustomerId, RestaurantId, LoyalityCard) values (372, 118, true);
insert into LoyalityCards (CustomerId, RestaurantId, LoyalityCard) values (12, 122, false);
insert into LoyalityCards (CustomerId, RestaurantId, LoyalityCard) values (165, 418, true);
insert into LoyalityCards (CustomerId, RestaurantId, LoyalityCard) values (349, 257, true);
insert into LoyalityCards (CustomerId, RestaurantId, LoyalityCard) values (346, 475, false);
insert into LoyalityCards (CustomerId, RestaurantId, LoyalityCard) values (249, 44, true);
insert into LoyalityCards (CustomerId, RestaurantId, LoyalityCard) values (376, 316, false);
insert into LoyalityCards (CustomerId, RestaurantId, LoyalityCard) values (389, 383, true);
insert into LoyalityCards (CustomerId, RestaurantId, LoyalityCard) values (127, 433, true);
insert into LoyalityCards (CustomerId, RestaurantId, LoyalityCard) values (221, 380, true);
insert into LoyalityCards (CustomerId, RestaurantId, LoyalityCard) values (471, 215, true);
insert into LoyalityCards (CustomerId, RestaurantId, LoyalityCard) values (190, 368, true);
insert into LoyalityCards (CustomerId, RestaurantId, LoyalityCard) values (35, 254, true);
insert into LoyalityCards (CustomerId, RestaurantId, LoyalityCard) values (429, 421, false);
insert into LoyalityCards (CustomerId, RestaurantId, LoyalityCard) values (176, 267, false);
insert into LoyalityCards (CustomerId, RestaurantId, LoyalityCard) values (20, 446, false);
insert into LoyalityCards (CustomerId, RestaurantId, LoyalityCard) values (165, 135, false);
insert into LoyalityCards (CustomerId, RestaurantId, LoyalityCard) values (168, 94, true);
insert into LoyalityCards (CustomerId, RestaurantId, LoyalityCard) values (6, 424, false);
insert into LoyalityCards (CustomerId, RestaurantId, LoyalityCard) values (260, 291, true);
insert into LoyalityCards (CustomerId, RestaurantId, LoyalityCard) values (257, 400, false);
insert into LoyalityCards (CustomerId, RestaurantId, LoyalityCard) values (110, 353, false);
insert into LoyalityCards (CustomerId, RestaurantId, LoyalityCard) values (377, 282, false);
insert into LoyalityCards (CustomerId, RestaurantId, LoyalityCard) values (30, 62, true);
insert into LoyalityCards (CustomerId, RestaurantId, LoyalityCard) values (46, 248, true);
insert into LoyalityCards (CustomerId, RestaurantId, LoyalityCard) values (38, 153, true);
insert into LoyalityCards (CustomerId, RestaurantId, LoyalityCard) values (77, 231, false);
insert into LoyalityCards (CustomerId, RestaurantId, LoyalityCard) values (129, 146, true);
insert into LoyalityCards (CustomerId, RestaurantId, LoyalityCard) values (235, 396, true);
insert into LoyalityCards (CustomerId, RestaurantId, LoyalityCard) values (414, 400, false);
insert into LoyalityCards (CustomerId, RestaurantId, LoyalityCard) values (267, 355, false);
insert into LoyalityCards (CustomerId, RestaurantId, LoyalityCard) values (264, 242, false);
insert into LoyalityCards (CustomerId, RestaurantId, LoyalityCard) values (225, 484, false);
insert into LoyalityCards (CustomerId, RestaurantId, LoyalityCard) values (354, 98, false);
insert into LoyalityCards (CustomerId, RestaurantId, LoyalityCard) values (164, 18, false);
insert into LoyalityCards (CustomerId, RestaurantId, LoyalityCard) values (22, 190, true);
insert into LoyalityCards (CustomerId, RestaurantId, LoyalityCard) values (163, 319, true);
insert into LoyalityCards (CustomerId, RestaurantId, LoyalityCard) values (291, 14, false);
insert into LoyalityCards (CustomerId, RestaurantId, LoyalityCard) values (154, 94, false);
insert into LoyalityCards (CustomerId, RestaurantId, LoyalityCard) values (253, 175, false);
insert into LoyalityCards (CustomerId, RestaurantId, LoyalityCard) values (178, 281, true);
insert into LoyalityCards (CustomerId, RestaurantId, LoyalityCard) values (141, 47, true);
insert into LoyalityCards (CustomerId, RestaurantId, LoyalityCard) values (368, 407, true);
insert into LoyalityCards (CustomerId, RestaurantId, LoyalityCard) values (342, 472, true);
insert into LoyalityCards (CustomerId, RestaurantId, LoyalityCard) values (162, 451, true);
insert into LoyalityCards (CustomerId, RestaurantId, LoyalityCard) values (157, 438, false);
insert into LoyalityCards (CustomerId, RestaurantId, LoyalityCard) values (289, 207, false);
insert into LoyalityCards (CustomerId, RestaurantId, LoyalityCard) values (294, 196, false);
insert into LoyalityCards (CustomerId, RestaurantId, LoyalityCard) values (349, 419, true);
insert into LoyalityCards (CustomerId, RestaurantId, LoyalityCard) values (188, 291, true);
insert into LoyalityCards (CustomerId, RestaurantId, LoyalityCard) values (291, 405, true);
insert into LoyalityCards (CustomerId, RestaurantId, LoyalityCard) values (251, 426, false);
insert into LoyalityCards (CustomerId, RestaurantId, LoyalityCard) values (246, 479, false);
insert into LoyalityCards (CustomerId, RestaurantId, LoyalityCard) values (199, 494, false);
insert into LoyalityCards (CustomerId, RestaurantId, LoyalityCard) values (153, 174, false);
insert into LoyalityCards (CustomerId, RestaurantId, LoyalityCard) values (163, 247, false);
insert into LoyalityCards (CustomerId, RestaurantId, LoyalityCard) values (101, 284, false);
insert into LoyalityCards (CustomerId, RestaurantId, LoyalityCard) values (491, 277, true);
insert into LoyalityCards (CustomerId, RestaurantId, LoyalityCard) values (149, 287, false);
insert into LoyalityCards (CustomerId, RestaurantId, LoyalityCard) values (430, 292, false);
insert into LoyalityCards (CustomerId, RestaurantId, LoyalityCard) values (222, 281, true);
insert into LoyalityCards (CustomerId, RestaurantId, LoyalityCard) values (147, 310, false);
insert into LoyalityCards (CustomerId, RestaurantId, LoyalityCard) values (153, 129, true);
insert into LoyalityCards (CustomerId, RestaurantId, LoyalityCard) values (473, 325, true);
insert into LoyalityCards (CustomerId, RestaurantId, LoyalityCard) values (292, 459, false);
insert into LoyalityCards (CustomerId, RestaurantId, LoyalityCard) values (49, 7, true);
insert into LoyalityCards (CustomerId, RestaurantId, LoyalityCard) values (98, 227, false);
insert into LoyalityCards (CustomerId, RestaurantId, LoyalityCard) values (315, 332, true);
insert into LoyalityCards (CustomerId, RestaurantId, LoyalityCard) values (438, 183, false);
insert into LoyalityCards (CustomerId, RestaurantId, LoyalityCard) values (288, 311, false);
insert into LoyalityCards (CustomerId, RestaurantId, LoyalityCard) values (406, 266, true);
insert into LoyalityCards (CustomerId, RestaurantId, LoyalityCard) values (371, 146, true);
insert into LoyalityCards (CustomerId, RestaurantId, LoyalityCard) values (406, 20, true);
insert into LoyalityCards (CustomerId, RestaurantId, LoyalityCard) values (485, 224, true);
insert into LoyalityCards (CustomerId, RestaurantId, LoyalityCard) values (223, 220, false);
insert into LoyalityCards (CustomerId, RestaurantId, LoyalityCard) values (389, 218, false);
insert into LoyalityCards (CustomerId, RestaurantId, LoyalityCard) values (340, 444, false);
insert into LoyalityCards (CustomerId, RestaurantId, LoyalityCard) values (197, 248, false);
insert into LoyalityCards (CustomerId, RestaurantId, LoyalityCard) values (457, 351, false);
insert into LoyalityCards (CustomerId, RestaurantId, LoyalityCard) values (10, 198, false);
insert into LoyalityCards (CustomerId, RestaurantId, LoyalityCard) values (413, 360, true);
insert into LoyalityCards (CustomerId, RestaurantId, LoyalityCard) values (159, 332, false);
insert into LoyalityCards (CustomerId, RestaurantId, LoyalityCard) values (154, 431, false);
insert into LoyalityCards (CustomerId, RestaurantId, LoyalityCard) values (52, 18, false);
insert into LoyalityCards (CustomerId, RestaurantId, LoyalityCard) values (286, 150, false);
insert into LoyalityCards (CustomerId, RestaurantId, LoyalityCard) values (274, 295, false);
insert into LoyalityCards (CustomerId, RestaurantId, LoyalityCard) values (387, 430, false);
insert into LoyalityCards (CustomerId, RestaurantId, LoyalityCard) values (387, 187, false);
insert into LoyalityCards (CustomerId, RestaurantId, LoyalityCard) values (256, 214, false);
insert into LoyalityCards (CustomerId, RestaurantId, LoyalityCard) values (367, 463, true);
insert into LoyalityCards (CustomerId, RestaurantId, LoyalityCard) values (444, 129, true);
insert into LoyalityCards (CustomerId, RestaurantId, LoyalityCard) values (443, 459, false);
insert into LoyalityCards (CustomerId, RestaurantId, LoyalityCard) values (142, 251, true);
insert into LoyalityCards (CustomerId, RestaurantId, LoyalityCard) values (381, 397, true);
insert into LoyalityCards (CustomerId, RestaurantId, LoyalityCard) values (385, 34, true);
insert into LoyalityCards (CustomerId, RestaurantId, LoyalityCard) values (120, 242, true);
insert into LoyalityCards (CustomerId, RestaurantId, LoyalityCard) values (71, 320, false);
insert into LoyalityCards (CustomerId, RestaurantId, LoyalityCard) values (336, 302, true);
insert into LoyalityCards (CustomerId, RestaurantId, LoyalityCard) values (420, 162, true);
insert into LoyalityCards (CustomerId, RestaurantId, LoyalityCard) values (1, 63, false);
insert into LoyalityCards (CustomerId, RestaurantId, LoyalityCard) values (313, 361, false);
insert into LoyalityCards (CustomerId, RestaurantId, LoyalityCard) values (198, 65, false);
insert into LoyalityCards (CustomerId, RestaurantId, LoyalityCard) values (496, 367, false);
insert into LoyalityCards (CustomerId, RestaurantId, LoyalityCard) values (250, 252, false);
insert into LoyalityCards (CustomerId, RestaurantId, LoyalityCard) values (472, 248, false);
insert into LoyalityCards (CustomerId, RestaurantId, LoyalityCard) values (427, 350, true);
insert into LoyalityCards (CustomerId, RestaurantId, LoyalityCard) values (189, 431, true);
insert into LoyalityCards (CustomerId, RestaurantId, LoyalityCard) values (47, 302, false);
insert into LoyalityCards (CustomerId, RestaurantId, LoyalityCard) values (258, 125, false);
insert into LoyalityCards (CustomerId, RestaurantId, LoyalityCard) values (165, 22, true);
insert into LoyalityCards (CustomerId, RestaurantId, LoyalityCard) values (369, 498, false);
insert into LoyalityCards (CustomerId, RestaurantId, LoyalityCard) values (231, 314, true);
insert into LoyalityCards (CustomerId, RestaurantId, LoyalityCard) values (148, 399, true);
insert into LoyalityCards (CustomerId, RestaurantId, LoyalityCard) values (54, 111, false);
insert into LoyalityCards (CustomerId, RestaurantId, LoyalityCard) values (404, 184, false);
insert into LoyalityCards (CustomerId, RestaurantId, LoyalityCard) values (28, 69, false);
insert into LoyalityCards (CustomerId, RestaurantId, LoyalityCard) values (25, 431, false);
insert into LoyalityCards (CustomerId, RestaurantId, LoyalityCard) values (346, 230, true);
insert into LoyalityCards (CustomerId, RestaurantId, LoyalityCard) values (91, 178, true);
insert into LoyalityCards (CustomerId, RestaurantId, LoyalityCard) values (102, 370, true);
insert into LoyalityCards (CustomerId, RestaurantId, LoyalityCard) values (490, 398, false);
insert into LoyalityCards (CustomerId, RestaurantId, LoyalityCard) values (432, 286, false);
insert into LoyalityCards (CustomerId, RestaurantId, LoyalityCard) values (217, 76, false);
insert into LoyalityCards (CustomerId, RestaurantId, LoyalityCard) values (2, 201, false);
insert into LoyalityCards (CustomerId, RestaurantId, LoyalityCard) values (296, 306, true);
insert into LoyalityCards (CustomerId, RestaurantId, LoyalityCard) values (247, 39, false);
insert into LoyalityCards (CustomerId, RestaurantId, LoyalityCard) values (247, 226, true);
insert into LoyalityCards (CustomerId, RestaurantId, LoyalityCard) values (492, 407, true);
insert into LoyalityCards (CustomerId, RestaurantId, LoyalityCard) values (246, 480, true);
insert into LoyalityCards (CustomerId, RestaurantId, LoyalityCard) values (51, 372, false);
insert into LoyalityCards (CustomerId, RestaurantId, LoyalityCard) values (88, 233, false);
insert into LoyalityCards (CustomerId, RestaurantId, LoyalityCard) values (279, 443, true);
insert into LoyalityCards (CustomerId, RestaurantId, LoyalityCard) values (372, 443, false);
insert into LoyalityCards (CustomerId, RestaurantId, LoyalityCard) values (230, 321, true);
insert into LoyalityCards (CustomerId, RestaurantId, LoyalityCard) values (174, 295, false);
insert into LoyalityCards (CustomerId, RestaurantId, LoyalityCard) values (176, 313, true);
insert into LoyalityCards (CustomerId, RestaurantId, LoyalityCard) values (32, 426, false);
insert into LoyalityCards (CustomerId, RestaurantId, LoyalityCard) values (294, 51, true);
insert into LoyalityCards (CustomerId, RestaurantId, LoyalityCard) values (141, 310, true);
insert into LoyalityCards (CustomerId, RestaurantId, LoyalityCard) values (389, 72, false);
insert into LoyalityCards (CustomerId, RestaurantId, LoyalityCard) values (33, 167, true);
insert into LoyalityCards (CustomerId, RestaurantId, LoyalityCard) values (354, 492, true);
insert into LoyalityCards (CustomerId, RestaurantId, LoyalityCard) values (238, 337, false);
insert into LoyalityCards (CustomerId, RestaurantId, LoyalityCard) values (111, 69, false);
insert into LoyalityCards (CustomerId, RestaurantId, LoyalityCard) values (415, 190, true);
insert into LoyalityCards (CustomerId, RestaurantId, LoyalityCard) values (253, 363, true);
insert into LoyalityCards (CustomerId, RestaurantId, LoyalityCard) values (282, 179, true);
insert into LoyalityCards (CustomerId, RestaurantId, LoyalityCard) values (182, 178, false);
insert into LoyalityCards (CustomerId, RestaurantId, LoyalityCard) values (492, 140, false);
insert into LoyalityCards (CustomerId, RestaurantId, LoyalityCard) values (22, 51, true);
insert into LoyalityCards (CustomerId, RestaurantId, LoyalityCard) values (73, 317, false);
insert into LoyalityCards (CustomerId, RestaurantId, LoyalityCard) values (401, 215, true);
insert into LoyalityCards (CustomerId, RestaurantId, LoyalityCard) values (212, 441, true);
insert into LoyalityCards (CustomerId, RestaurantId, LoyalityCard) values (388, 460, false);
insert into LoyalityCards (CustomerId, RestaurantId, LoyalityCard) values (278, 307, true);
insert into LoyalityCards (CustomerId, RestaurantId, LoyalityCard) values (500, 441, false);
insert into LoyalityCards (CustomerId, RestaurantId, LoyalityCard) values (336, 108, false);
insert into LoyalityCards (CustomerId, RestaurantId, LoyalityCard) values (383, 424, false);
insert into LoyalityCards (CustomerId, RestaurantId, LoyalityCard) values (101, 332, true);
insert into LoyalityCards (CustomerId, RestaurantId, LoyalityCard) values (283, 70, false);
insert into LoyalityCards (CustomerId, RestaurantId, LoyalityCard) values (387, 398, true);
insert into LoyalityCards (CustomerId, RestaurantId, LoyalityCard) values (467, 137, true);
insert into LoyalityCards (CustomerId, RestaurantId, LoyalityCard) values (77, 87, true);
insert into LoyalityCards (CustomerId, RestaurantId, LoyalityCard) values (493, 290, false);
insert into LoyalityCards (CustomerId, RestaurantId, LoyalityCard) values (224, 283, false);
insert into LoyalityCards (CustomerId, RestaurantId, LoyalityCard) values (18, 355, true);
insert into LoyalityCards (CustomerId, RestaurantId, LoyalityCard) values (174, 185, false);
insert into LoyalityCards (CustomerId, RestaurantId, LoyalityCard) values (98, 109, false);
insert into LoyalityCards (CustomerId, RestaurantId, LoyalityCard) values (223, 242, true);
insert into LoyalityCards (CustomerId, RestaurantId, LoyalityCard) values (396, 222, false);
insert into LoyalityCards (CustomerId, RestaurantId, LoyalityCard) values (340, 48, true);
insert into LoyalityCards (CustomerId, RestaurantId, LoyalityCard) values (192, 165, false);
insert into LoyalityCards (CustomerId, RestaurantId, LoyalityCard) values (260, 332, true);
insert into LoyalityCards (CustomerId, RestaurantId, LoyalityCard) values (85, 367, true);
insert into LoyalityCards (CustomerId, RestaurantId, LoyalityCard) values (126, 54, false);
insert into LoyalityCards (CustomerId, RestaurantId, LoyalityCard) values (49, 94, true);
insert into LoyalityCards (CustomerId, RestaurantId, LoyalityCard) values (45, 162, true);
insert into LoyalityCards (CustomerId, RestaurantId, LoyalityCard) values (24, 371, false);
insert into LoyalityCards (CustomerId, RestaurantId, LoyalityCard) values (285, 456, false);
insert into LoyalityCards (CustomerId, RestaurantId, LoyalityCard) values (261, 234, false);
insert into LoyalityCards (CustomerId, RestaurantId, LoyalityCard) values (23, 62, false);
insert into LoyalityCards (CustomerId, RestaurantId, LoyalityCard) values (163, 224, true);
insert into LoyalityCards (CustomerId, RestaurantId, LoyalityCard) values (3, 454, true);
insert into LoyalityCards (CustomerId, RestaurantId, LoyalityCard) values (234, 35, false);
insert into LoyalityCards (CustomerId, RestaurantId, LoyalityCard) values (444, 164, false);
insert into LoyalityCards (CustomerId, RestaurantId, LoyalityCard) values (363, 23, false);
insert into LoyalityCards (CustomerId, RestaurantId, LoyalityCard) values (188, 47, false);
insert into LoyalityCards (CustomerId, RestaurantId, LoyalityCard) values (104, 299, false);
insert into LoyalityCards (CustomerId, RestaurantId, LoyalityCard) values (470, 10, true);
insert into LoyalityCards (CustomerId, RestaurantId, LoyalityCard) values (263, 131, true);
insert into LoyalityCards (CustomerId, RestaurantId, LoyalityCard) values (53, 66, false);
insert into LoyalityCards (CustomerId, RestaurantId, LoyalityCard) values (398, 419, true);
insert into LoyalityCards (CustomerId, RestaurantId, LoyalityCard) values (337, 394, true);
insert into LoyalityCards (CustomerId, RestaurantId, LoyalityCard) values (421, 95, true);
insert into LoyalityCards (CustomerId, RestaurantId, LoyalityCard) values (39, 225, false);
insert into LoyalityCards (CustomerId, RestaurantId, LoyalityCard) values (25, 372, true);
insert into LoyalityCards (CustomerId, RestaurantId, LoyalityCard) values (41, 25, true);
insert into LoyalityCards (CustomerId, RestaurantId, LoyalityCard) values (169, 399, false);
insert into LoyalityCards (CustomerId, RestaurantId, LoyalityCard) values (370, 150, false);
insert into LoyalityCards (CustomerId, RestaurantId, LoyalityCard) values (415, 393, true);
insert into LoyalityCards (CustomerId, RestaurantId, LoyalityCard) values (152, 407, false);
insert into LoyalityCards (CustomerId, RestaurantId, LoyalityCard) values (211, 249, false);
insert into LoyalityCards (CustomerId, RestaurantId, LoyalityCard) values (251, 498, true);
insert into LoyalityCards (CustomerId, RestaurantId, LoyalityCard) values (235, 344, true);
insert into LoyalityCards (CustomerId, RestaurantId, LoyalityCard) values (340, 476, true);
insert into LoyalityCards (CustomerId, RestaurantId, LoyalityCard) values (345, 458, true);
insert into LoyalityCards (CustomerId, RestaurantId, LoyalityCard) values (131, 288, true);
insert into LoyalityCards (CustomerId, RestaurantId, LoyalityCard) values (82, 243, true);
insert into LoyalityCards (CustomerId, RestaurantId, LoyalityCard) values (490, 164, true);
insert into LoyalityCards (CustomerId, RestaurantId, LoyalityCard) values (146, 39, false);
insert into LoyalityCards (CustomerId, RestaurantId, LoyalityCard) values (132, 297, true);
insert into LoyalityCards (CustomerId, RestaurantId, LoyalityCard) values (275, 117, true);
insert into LoyalityCards (CustomerId, RestaurantId, LoyalityCard) values (144, 67, false);
insert into LoyalityCards (CustomerId, RestaurantId, LoyalityCard) values (438, 451, false);
insert into LoyalityCards (CustomerId, RestaurantId, LoyalityCard) values (9, 193, true);
insert into LoyalityCards (CustomerId, RestaurantId, LoyalityCard) values (364, 133, true);
insert into LoyalityCards (CustomerId, RestaurantId, LoyalityCard) values (321, 119, false);
insert into LoyalityCards (CustomerId, RestaurantId, LoyalityCard) values (192, 119, false);
insert into LoyalityCards (CustomerId, RestaurantId, LoyalityCard) values (48, 447, true);
insert into LoyalityCards (CustomerId, RestaurantId, LoyalityCard) values (229, 313, true);
insert into LoyalityCards (CustomerId, RestaurantId, LoyalityCard) values (224, 387, false);
insert into LoyalityCards (CustomerId, RestaurantId, LoyalityCard) values (293, 388, true);
insert into LoyalityCards (CustomerId, RestaurantId, LoyalityCard) values (13, 202, false);
insert into LoyalityCards (CustomerId, RestaurantId, LoyalityCard) values (163, 358, false);
insert into LoyalityCards (CustomerId, RestaurantId, LoyalityCard) values (149, 74, true);
insert into LoyalityCards (CustomerId, RestaurantId, LoyalityCard) values (82, 127, true);
insert into LoyalityCards (CustomerId, RestaurantId, LoyalityCard) values (386, 324, true);
insert into LoyalityCards (CustomerId, RestaurantId, LoyalityCard) values (302, 356, false);
insert into LoyalityCards (CustomerId, RestaurantId, LoyalityCard) values (298, 302, false);
insert into LoyalityCards (CustomerId, RestaurantId, LoyalityCard) values (254, 349, false);
insert into LoyalityCards (CustomerId, RestaurantId, LoyalityCard) values (342, 127, false);
insert into LoyalityCards (CustomerId, RestaurantId, LoyalityCard) values (89, 80, true);
insert into LoyalityCards (CustomerId, RestaurantId, LoyalityCard) values (240, 395, false);
insert into LoyalityCards (CustomerId, RestaurantId, LoyalityCard) values (113, 327, true);
insert into LoyalityCards (CustomerId, RestaurantId, LoyalityCard) values (127, 79, false);
insert into LoyalityCards (CustomerId, RestaurantId, LoyalityCard) values (133, 179, false);
insert into LoyalityCards (CustomerId, RestaurantId, LoyalityCard) values (82, 397, true);
insert into LoyalityCards (CustomerId, RestaurantId, LoyalityCard) values (411, 87, false);
insert into LoyalityCards (CustomerId, RestaurantId, LoyalityCard) values (318, 267, false);
insert into LoyalityCards (CustomerId, RestaurantId, LoyalityCard) values (182, 226, false);
insert into LoyalityCards (CustomerId, RestaurantId, LoyalityCard) values (339, 142, false);
insert into LoyalityCards (CustomerId, RestaurantId, LoyalityCard) values (201, 419, true);
insert into LoyalityCards (CustomerId, RestaurantId, LoyalityCard) values (272, 449, false);
insert into LoyalityCards (CustomerId, RestaurantId, LoyalityCard) values (46, 250, false);
insert into LoyalityCards (CustomerId, RestaurantId, LoyalityCard) values (228, 8, true);
insert into LoyalityCards (CustomerId, RestaurantId, LoyalityCard) values (468, 169, false);
insert into LoyalityCards (CustomerId, RestaurantId, LoyalityCard) values (448, 82, true);
insert into LoyalityCards (CustomerId, RestaurantId, LoyalityCard) values (356, 314, true);
insert into LoyalityCards (CustomerId, RestaurantId, LoyalityCard) values (211, 23, false);
insert into LoyalityCards (CustomerId, RestaurantId, LoyalityCard) values (484, 40, false);
insert into LoyalityCards (CustomerId, RestaurantId, LoyalityCard) values (22, 155, true);
insert into LoyalityCards (CustomerId, RestaurantId, LoyalityCard) values (24, 277, false);
insert into LoyalityCards (CustomerId, RestaurantId, LoyalityCard) values (269, 171, false);
insert into LoyalityCards (CustomerId, RestaurantId, LoyalityCard) values (464, 479, false);
insert into LoyalityCards (CustomerId, RestaurantId, LoyalityCard) values (236, 76, true);
insert into LoyalityCards (CustomerId, RestaurantId, LoyalityCard) values (492, 128, false);
insert into LoyalityCards (CustomerId, RestaurantId, LoyalityCard) values (422, 430, true);
insert into LoyalityCards (CustomerId, RestaurantId, LoyalityCard) values (229, 84, true);
insert into LoyalityCards (CustomerId, RestaurantId, LoyalityCard) values (400, 485, false);
insert into LoyalityCards (CustomerId, RestaurantId, LoyalityCard) values (325, 65, false);
insert into LoyalityCards (CustomerId, RestaurantId, LoyalityCard) values (27, 448, true);
insert into LoyalityCards (CustomerId, RestaurantId, LoyalityCard) values (55, 396, false);
insert into LoyalityCards (CustomerId, RestaurantId, LoyalityCard) values (249, 13, true);
insert into LoyalityCards (CustomerId, RestaurantId, LoyalityCard) values (204, 323, false);
insert into LoyalityCards (CustomerId, RestaurantId, LoyalityCard) values (67, 189, false);
insert into LoyalityCards (CustomerId, RestaurantId, LoyalityCard) values (176, 480, false);
insert into LoyalityCards (CustomerId, RestaurantId, LoyalityCard) values (494, 7, true);
insert into LoyalityCards (CustomerId, RestaurantId, LoyalityCard) values (284, 440, false);
insert into LoyalityCards (CustomerId, RestaurantId, LoyalityCard) values (28, 329, true);
insert into LoyalityCards (CustomerId, RestaurantId, LoyalityCard) values (407, 435, true);
insert into LoyalityCards (CustomerId, RestaurantId, LoyalityCard) values (94, 377, true);
insert into LoyalityCards (CustomerId, RestaurantId, LoyalityCard) values (264, 368, false);
insert into LoyalityCards (CustomerId, RestaurantId, LoyalityCard) values (327, 336, false);
insert into LoyalityCards (CustomerId, RestaurantId, LoyalityCard) values (353, 328, true);
insert into LoyalityCards (CustomerId, RestaurantId, LoyalityCard) values (389, 307, false);
insert into LoyalityCards (CustomerId, RestaurantId, LoyalityCard) values (6, 84, false);
insert into LoyalityCards (CustomerId, RestaurantId, LoyalityCard) values (112, 328, true);
insert into LoyalityCards (CustomerId, RestaurantId, LoyalityCard) values (266, 122, false);
insert into LoyalityCards (CustomerId, RestaurantId, LoyalityCard) values (323, 340, false);
insert into LoyalityCards (CustomerId, RestaurantId, LoyalityCard) values (211, 287, true);
insert into LoyalityCards (CustomerId, RestaurantId, LoyalityCard) values (177, 146, true);
insert into LoyalityCards (CustomerId, RestaurantId, LoyalityCard) values (176, 24, false);
insert into LoyalityCards (CustomerId, RestaurantId, LoyalityCard) values (124, 379, false);
insert into LoyalityCards (CustomerId, RestaurantId, LoyalityCard) values (363, 210, false);
insert into LoyalityCards (CustomerId, RestaurantId, LoyalityCard) values (376, 324, true);
insert into LoyalityCards (CustomerId, RestaurantId, LoyalityCard) values (448, 36, true);
insert into LoyalityCards (CustomerId, RestaurantId, LoyalityCard) values (18, 469, false);
insert into LoyalityCards (CustomerId, RestaurantId, LoyalityCard) values (177, 154, true);
insert into LoyalityCards (CustomerId, RestaurantId, LoyalityCard) values (263, 194, true);
insert into LoyalityCards (CustomerId, RestaurantId, LoyalityCard) values (251, 332, false);
insert into LoyalityCards (CustomerId, RestaurantId, LoyalityCard) values (419, 52, false);
insert into LoyalityCards (CustomerId, RestaurantId, LoyalityCard) values (237, 301, true);
insert into LoyalityCards (CustomerId, RestaurantId, LoyalityCard) values (82, 493, true);
insert into LoyalityCards (CustomerId, RestaurantId, LoyalityCard) values (6, 174, true);
insert into LoyalityCards (CustomerId, RestaurantId, LoyalityCard) values (317, 146, false);
insert into LoyalityCards (CustomerId, RestaurantId, LoyalityCard) values (403, 32, true);
insert into LoyalityCards (CustomerId, RestaurantId, LoyalityCard) values (481, 148, true);
insert into LoyalityCards (CustomerId, RestaurantId, LoyalityCard) values (71, 164, false);
insert into LoyalityCards (CustomerId, RestaurantId, LoyalityCard) values (254, 287, false);
insert into LoyalityCards (CustomerId, RestaurantId, LoyalityCard) values (492, 455, false);
insert into LoyalityCards (CustomerId, RestaurantId, LoyalityCard) values (455, 46, true);
insert into LoyalityCards (CustomerId, RestaurantId, LoyalityCard) values (181, 57, true);
insert into LoyalityCards (CustomerId, RestaurantId, LoyalityCard) values (32, 85, true);
insert into LoyalityCards (CustomerId, RestaurantId, LoyalityCard) values (221, 457, false);
insert into LoyalityCards (CustomerId, RestaurantId, LoyalityCard) values (89, 341, false);
insert into LoyalityCards (CustomerId, RestaurantId, LoyalityCard) values (267, 341, true);
insert into LoyalityCards (CustomerId, RestaurantId, LoyalityCard) values (199, 170, false);
insert into LoyalityCards (CustomerId, RestaurantId, LoyalityCard) values (346, 251, false);
insert into LoyalityCards (CustomerId, RestaurantId, LoyalityCard) values (308, 414, true);
insert into LoyalityCards (CustomerId, RestaurantId, LoyalityCard) values (284, 392, false);
insert into LoyalityCards (CustomerId, RestaurantId, LoyalityCard) values (74, 387, true);
insert into LoyalityCards (CustomerId, RestaurantId, LoyalityCard) values (111, 72, false);
insert into LoyalityCards (CustomerId, RestaurantId, LoyalityCard) values (7, 153, true);
insert into LoyalityCards (CustomerId, RestaurantId, LoyalityCard) values (70, 201, true);
insert into LoyalityCards (CustomerId, RestaurantId, LoyalityCard) values (472, 66, false);
insert into LoyalityCards (CustomerId, RestaurantId, LoyalityCard) values (469, 78, false);
insert into LoyalityCards (CustomerId, RestaurantId, LoyalityCard) values (55, 253, true);
insert into LoyalityCards (CustomerId, RestaurantId, LoyalityCard) values (383, 346, true);
insert into LoyalityCards (CustomerId, RestaurantId, LoyalityCard) values (159, 55, false);
insert into LoyalityCards (CustomerId, RestaurantId, LoyalityCard) values (273, 385, false);
insert into LoyalityCards (CustomerId, RestaurantId, LoyalityCard) values (261, 438, true);
insert into LoyalityCards (CustomerId, RestaurantId, LoyalityCard) values (132, 471, false);
insert into LoyalityCards (CustomerId, RestaurantId, LoyalityCard) values (310, 219, true);
insert into LoyalityCards (CustomerId, RestaurantId, LoyalityCard) values (300, 92, false);
insert into LoyalityCards (CustomerId, RestaurantId, LoyalityCard) values (161, 454, false);
insert into LoyalityCards (CustomerId, RestaurantId, LoyalityCard) values (10, 271, true);
insert into LoyalityCards (CustomerId, RestaurantId, LoyalityCard) values (215, 279, true);
insert into LoyalityCards (CustomerId, RestaurantId, LoyalityCard) values (33, 267, true);
insert into LoyalityCards (CustomerId, RestaurantId, LoyalityCard) values (213, 371, true);
insert into LoyalityCards (CustomerId, RestaurantId, LoyalityCard) values (224, 66, false);
insert into LoyalityCards (CustomerId, RestaurantId, LoyalityCard) values (271, 27, false);
insert into LoyalityCards (CustomerId, RestaurantId, LoyalityCard) values (59, 209, true);
insert into LoyalityCards (CustomerId, RestaurantId, LoyalityCard) values (170, 168, true);
insert into LoyalityCards (CustomerId, RestaurantId, LoyalityCard) values (34, 254, false);
insert into LoyalityCards (CustomerId, RestaurantId, LoyalityCard) values (203, 59, false);
insert into LoyalityCards (CustomerId, RestaurantId, LoyalityCard) values (168, 208, false);
insert into LoyalityCards (CustomerId, RestaurantId, LoyalityCard) values (51, 449, true);
insert into LoyalityCards (CustomerId, RestaurantId, LoyalityCard) values (245, 342, true);
insert into LoyalityCards (CustomerId, RestaurantId, LoyalityCard) values (33, 255, true);
insert into LoyalityCards (CustomerId, RestaurantId, LoyalityCard) values (283, 176, false);
insert into LoyalityCards (CustomerId, RestaurantId, LoyalityCard) values (15, 269, true);
insert into LoyalityCards (CustomerId, RestaurantId, LoyalityCard) values (402, 34, true);
insert into LoyalityCards (CustomerId, RestaurantId, LoyalityCard) values (13, 296, true);
insert into LoyalityCards (CustomerId, RestaurantId, LoyalityCard) values (336, 449, true);
insert into LoyalityCards (CustomerId, RestaurantId, LoyalityCard) values (373, 346, false);
insert into LoyalityCards (CustomerId, RestaurantId, LoyalityCard) values (96, 271, true);
insert into LoyalityCards (CustomerId, RestaurantId, LoyalityCard) values (242, 357, true);
insert into LoyalityCards (CustomerId, RestaurantId, LoyalityCard) values (313, 284, false);
insert into LoyalityCards (CustomerId, RestaurantId, LoyalityCard) values (20, 287, false);
insert into LoyalityCards (CustomerId, RestaurantId, LoyalityCard) values (305, 25, true);
insert into LoyalityCards (CustomerId, RestaurantId, LoyalityCard) values (286, 225, true);
insert into LoyalityCards (CustomerId, RestaurantId, LoyalityCard) values (259, 227, true);
insert into LoyalityCards (CustomerId, RestaurantId, LoyalityCard) values (395, 106, false);
insert into LoyalityCards (CustomerId, RestaurantId, LoyalityCard) values (31, 8, true);
insert into LoyalityCards (CustomerId, RestaurantId, LoyalityCard) values (25, 207, true);
insert into LoyalityCards (CustomerId, RestaurantId, LoyalityCard) values (246, 44, false);
insert into LoyalityCards (CustomerId, RestaurantId, LoyalityCard) values (221, 301, true);
insert into LoyalityCards (CustomerId, RestaurantId, LoyalityCard) values (463, 459, false);
insert into LoyalityCards (CustomerId, RestaurantId, LoyalityCard) values (289, 355, true);
insert into LoyalityCards (CustomerId, RestaurantId, LoyalityCard) values (463, 96, true);
insert into LoyalityCards (CustomerId, RestaurantId, LoyalityCard) values (5, 67, true);
insert into LoyalityCards (CustomerId, RestaurantId, LoyalityCard) values (49, 197, true);
insert into LoyalityCards (CustomerId, RestaurantId, LoyalityCard) values (382, 351, false);
insert into LoyalityCards (CustomerId, RestaurantId, LoyalityCard) values (149, 232, true);
insert into LoyalityCards (CustomerId, RestaurantId, LoyalityCard) values (210, 184, true);
insert into LoyalityCards (CustomerId, RestaurantId, LoyalityCard) values (136, 142, true);
insert into LoyalityCards (CustomerId, RestaurantId, LoyalityCard) values (379, 3, false);
insert into LoyalityCards (CustomerId, RestaurantId, LoyalityCard) values (163, 403, true);
insert into LoyalityCards (CustomerId, RestaurantId, LoyalityCard) values (204, 163, false);
insert into LoyalityCards (CustomerId, RestaurantId, LoyalityCard) values (188, 179, true);
insert into LoyalityCards (CustomerId, RestaurantId, LoyalityCard) values (475, 14, false);
insert into LoyalityCards (CustomerId, RestaurantId, LoyalityCard) values (124, 309, true);
insert into LoyalityCards (CustomerId, RestaurantId, LoyalityCard) values (3, 363, false);
insert into LoyalityCards (CustomerId, RestaurantId, LoyalityCard) values (423, 433, true);
insert into LoyalityCards (CustomerId, RestaurantId, LoyalityCard) values (402, 445, false);
insert into LoyalityCards (CustomerId, RestaurantId, LoyalityCard) values (323, 438, false);
insert into LoyalityCards (CustomerId, RestaurantId, LoyalityCard) values (100, 370, true);
insert into LoyalityCards (CustomerId, RestaurantId, LoyalityCard) values (99, 248, false);
insert into LoyalityCards (CustomerId, RestaurantId, LoyalityCard) values (169, 229, true);
insert into LoyalityCards (CustomerId, RestaurantId, LoyalityCard) values (322, 172, false);
